latitude,longitude,bright_ti4,scan,track,acq_date,acq_time,satellite,instrument,confidence,version,bright_ti5,frp,daynight,fetched_at,dist_to_Chennai_km,dist_to_Vellore_km,dist_to_Coimbatore_km,dist_to_Madurai_km,dist_to_Tiruchirappalli_km
8.5822,78.07184,338.98,0.32,0.55,2026-09-19,852,N,VIIRS,n,2.0NRT,293.08,2.12,D,2026-09-19T15:49:01.690200+00:00,555.0401329460603,495.6780699641452,297.0495342002137,149.42751279902785,255.16049438129775
9.87499,78.16687,335.92,0.34,0.56,2026-09-19,852,N,VIIRS,n,2.0NRT,288.81,2.38,D,2026-09-19T15:49:01.690200+00:00,423.9859586279626,354.1970402311818,183.45996305867988,7.599695956654419,117.5781618653161
12.17125,76.61151,333.49,0.57,0.52,2026-09-19,854,N,VIIRS,n,2.0NRT,294.97,5.45,D,2026-09-19T15:49:01.690200+00:00,409.76563115527597,285.89983511804525,133.73464521372748,299.1085039209311,274.94813055655845
8.5822,78.07184,338.98,0.32,0.55,2026-09-19,852,N,VIIRS,n,2.0NRT,293.08,2.12,D,2026-09-19T16:50:47.186580+00:00,555.0401329460603,495.6780699641452,297.0495342002137,149.42751279902785,255.16049438129775
9.87499,78.16687,335.92,0.34,0.56,2026-09-19,852,N,VIIRS,n,2.0NRT,288.81,2.38,D,2026-09-19T16:50:47.186580+00:00,423.9859586279626,354.1970402311818,183.45996305867988,7.599695956654419,117.5781618653161
12.17125,76.61151,333.49,0.57,0.52,2026-09-19,854,N,VIIRS,n,2.0NRT,294.97,5.45,D,2026-09-19T16:50:47.186580+00:00,409.76563115527597,285.89983511804525,133.73464521372748,299.1085039209311,274.94813055655845
8.5822,78.07184,338.98,0.32,0.55,2026-09-19,852,N,VIIRS,n,2.0NRT,293.08,2.12,D,2026-09-19T19:01:18.682777+00:00,555.0401329460603,495.6780699641452,297.0495342002137,149.42751279902785,255.16049438129775
9.87499,78.16687,335.92,0.34,0.56,2026-09-19,852,N,VIIRS,n,2.0NRT,288.81,2.38,D,2026-09-19T19:01:18.682777+00:00,423.9859586279626,354.1970402311818,183.45996305867988,7.599695956654419,117.5781618653161
12.17125,76.61151,333.49,0.57,0.52,2026-09-19,854,N,VIIRS,n,2.0NRT,294.97,5.45,D,2026-09-19T19:01:18.682777+00:00,409.76563115527597,285.89983511804525,133.73464521372748,299.1085039209311,274.94813055655845
8.5822,78.07184,338.98,0.32,0.55,2026-09-19,852,N,VIIRS,n,2.0NRT,293.08,2.12,D,2026-09-19T21:49:05.064756+00:00,555.0401329460603,495.6780699641452,297.0495342002137,149.42751279902785,255.16049438129775
9.87499,78.16687,335.92,0.34,0.56,2026-09-19,852,N,VIIRS,n,2.0NRT,288.81,2.38,D,2026-09-19T21:49:05.064756+00:00,423.9859586279626,354.1970402311818,183.45996305867988,7.599695956654419,117.5781618653161
12.17125,76.61151,333.49,0.57,0.52,2026-09-19,854,N,VIIRS,n,2.0NRT,294.97,5.45,D,2026-09-19T21:49:05.064756+00:00,409.76563115527597,285.89983511804525,133.73464521372748,299.1085039209311,274.94813055655845
8.5822,78.07184,338.98,0.32,0.55,2026-09-19,852,N,VIIRS,n,2.0NRT,293.08,2.12,D,2026-09-19T23:40:40.375405+00:00,555.0401329460603,495.6780699641452,297.0495342002137,149.42751279902785,255.16049438129775
9.87499,78.16687,335.92,0.34,0.56,2026-09-19,852,N,VIIRS,n,2.0NRT,288.81,2.38,D,2026-09-19T23:40:40.375405+00:00,423.9859586279626,354.1970402311818,183.45996305867988,7.599695956654419,117.5781618653161
12.17125,76.61151,333.49,0.57,0.52,2026-09-19,854,N,VIIRS,n,2.0NRT,294.97,5.45,D,2026-09-19T23:40:40.375405+00:00,409.76563115527597,285.89983511804525,133.73464521372748,299.1085039209311,274.94813055655845
8.46131,80.4069,312.1,0.32,0.55,2026-09-19,1947,N,VIIRS,n,2.0NRT,275.45,1.0,N,2026-09-19T23:40:40.375405+00:00,514.0903220943709,514.5822616906643,473.0376345576492,299.1942849781871,319.2121089770382
8.81362,78.10622,338.11,0.49,0.4,2026-09-20,835,N,VIIRS,n,2.0NRT,285.24,7.96,D,2026-09-20T12:39:21.636029+00:00,530.234120034428,469.7767708822586,275.4865025105986,123.6110353459808,229.3909552512066
9.29924,77.76429,331.95,0.47,0.4,2026-09-20,835,N,VIIRS,n,2.0NRT,295.62,3.52,D,2026-09-20T12:39:21.636029+00:00,501.7040921364379,429.02246560207243,210.48717112434295,79.77319729375614,195.18651339429795
9.77945,78.18136,347.16,0.5,0.41,2026-09-20,835,N,VIIRS,n,2.0NRT,292.92,5.18,D,2026-09-20T12:39:21.636029+00:00,432.1466616832734,363.9061776572488,192.08227511452387,17.553921368564165,126.16427128678863
10.82826,79.18586,339.68,0.4,0.44,2026-09-20,835,N,VIIRS,n,2.0NRT,298.65,2.84,D,2026-09-20T12:39:21.636029+00:00,277.06753157456455,232.2742710574922,244.3794189868751,153.8796434428927,52.72068596908801
11.03817,77.20752,337.8,0.46,0.39,2026-09-20,835,N,VIIRS,n,2.0NRT,301.08,8.73,D,2026-09-20T12:39:21.636029+00:00,403.2615353741047,295.73903431797015,27.575738270497048,158.94982457276117,165.77073797817098
8.81362,78.10622,338.11,0.49,0.4,2026-09-20,835,N,VIIRS,n,2.0NRT,285.24,7.96,D,2026-09-20T16:32:36.349245+00:00,530.234120034428,469.7767708822586,275.4865025105986,123.6110353459808,229.3909552512066
9.29924,77.76429,331.95,0.47,0.4,2026-09-20,835,N,VIIRS,n,2.0NRT,295.62,3.52,D,2026-09-20T16:32:36.349245+00:00,501.7040921364379,429.02246560207243,210.48717112434295,79.77319729375614,195.18651339429795
9.77945,78.18136,347.16,0.5,0.41,2026-09-20,835,N,VIIRS,n,2.0NRT,292.92,5.18,D,2026-09-20T16:32:36.349245+00:00,432.1466616832734,363.9061776572488,192.08227511452387,17.553921368564165,126.16427128678863
10.82826,79.18586,339.68,0.4,0.44,2026-09-20,835,N,VIIRS,n,2.0NRT,298.65,2.84,D,2026-09-20T16:32:36.349245+00:00,277.06753157456455,232.2742710574922,244.3794189868751,153.8796434428927,52.72068596908801
11.03817,77.20752,337.8,0.46,0.39,2026-09-20,835,N,VIIRS,n,2.0NRT,301.08,8.73,D,2026-09-20T16:32:36.349245+00:00,403.2615353741047,295.73903431797015,27.575738270497048,158.94982457276117,165.77073797817098
8.81362,78.10622,338.11,0.49,0.4,2026-09-20,835,N,VIIRS,n,2.0NRT,285.24,7.96,D,2026-09-20T19:06:19.084101+00:00,530.234120034428,469.7767708822586,275.4865025105986,123.6110353459808,229.3909552512066
9.29924,77.76429,331.95,0.47,0.4,2026-09-20,835,N,VIIRS,n,2.0NRT,295.62,3.52,D,2026-09-20T19:06:19.084101+00:00,501.7040921364379,429.02246560207243,210.48717112434295,79.77319729375614,195.18651339429795
9.77945,78.18136,347.16,0.5,0.41,2026-09-20,835,N,VIIRS,n,2.0NRT,292.92,5.18,D,2026-09-20T19:06:19.084101+00:00,432.1466616832734,363.9061776572488,192.08227511452387,17.553921368564165,126.16427128678863
10.82826,79.18586,339.68,0.4,0.44,2026-09-20,835,N,VIIRS,n,2.0NRT,298.65,2.84,D,2026-09-20T19:06:19.084101+00:00,277.06753157456455,232.2742710574922,244.3794189868751,153.8796434428927,52.72068596908801
11.03817,77.20752,337.8,0.46,0.39,2026-09-20,835,N,VIIRS,n,2.0NRT,301.08,8.73,D,2026-09-20T19:06:19.084101+00:00,403.2615353741047,295.73903431797015,27.575738270497048,158.94982457276117,165.77073797817098
8.81362,78.10622,338.11,0.49,0.4,2026-09-20,835,N,VIIRS,n,2.0NRT,285.24,7.96,D,2026-09-20T21:57:01.484475+00:00,530.234120034428,469.7767708822586,275.4865025105986,123.6110353459808,229.3909552512066
9.29924,77.76429,331.95,0.47,0.4,2026-09-20,835,N,VIIRS,n,2.0NRT,295.62,3.52,D,2026-09-20T21:57:01.484475+00:00,501.7040921364379,429.02246560207243,210.48717112434295,79.77319729375614,195.18651339429795
9.77945,78.18136,347.16,0.5,0.41,2026-09-20,835,N,VIIRS,n,2.0NRT,292.92,5.18,D,2026-09-20T21:57:01.484475+00:00,432.1466616832734,363.9061776572488,192.08227511452387,17.553921368564165,126.16427128678863
10.82826,79.18586,339.68,0.4,0.44,2026-09-20,835,N,VIIRS,n,2.0NRT,298.65,2.84,D,2026-09-20T21:57:01.484475+00:00,277.06753157456455,232.2742710574922,244.3794189868751,153.8796434428927,52.72068596908801
11.03817,77.20752,337.8,0.46,0.39,2026-09-20,835,N,VIIRS,n,2.0NRT,301.08,8.73,D,2026-09-20T21:57:01.484475+00:00,403.2615353741047,295.73903431797015,27.575738270497048,158.94982457276117,165.77073797817098
8.81362,78.10622,338.11,0.49,0.4,2026-09-20,835,N,VIIRS,n,2.0NRT,285.24,7.96,D,2026-09-20T23:42:27.507181+00:00,530.2341200344279,469.7767708822586,275.4865025105986,123.6110353459808,229.3909552512066
9.29924,77.76429,331.95,0.47,0.4,2026-09-20,835,N,VIIRS,n,2.0NRT,295.62,3.52,D,2026-09-20T23:42:27.507181+00:00,501.7040921364379,429.02246560207243,210.48717112434295,79.77319729375614,195.18651339429792
9.77945,78.18136,347.16,0.5,0.41,2026-09-20,835,N,VIIRS,n,2.0NRT,292.92,5.18,D,2026-09-20T23:42:27.507181+00:00,432.14666168327335,363.9061776572488,192.08227511452387,17.553921368564165,126.16427128678863
10.82826,79.18586,339.68,0.4,0.44,2026-09-20,835,N,VIIRS,n,2.0NRT,298.65,2.84,D,2026-09-20T23:42:27.507181+00:00,277.06753157456455,232.2742710574922,244.3794189868751,153.8796434428927,52.72068596908801
11.03817,77.20752,337.8,0.46,0.39,2026-09-20,835,N,VIIRS,n,2.0NRT,301.08,8.73,D,2026-09-20T23:42:27.507181+00:00,403.2615353741047,295.73903431797015,27.575738270497048,158.94982457276117,165.77073797817098
13.39286,80.10187,306.63,0.46,0.63,2026-09-20,2108,N,VIIRS,n,2.0NRT,283.27,2.74,N,2026-09-20T23:42:27.507181+00:00,39.03053674716032,117.56839132726208,432.0807287170796,441.87238018679835,326.8134884415114
13.71191,79.62077,305.23,0.42,0.61,2026-09-20,2108,N,VIIRS,n,2.0NRT,286.55,1.06,N,2026-09-20T23:42:27.507181+00:00,99.18387357359842,103.02416426549671,416.62593197113546,451.63053093352795,339.75163229354405
8.29176,80.75997,335.65,0.4,0.37,2026-09-21,813,N,VIIRS,n,2.0NRT,295.27,4.66,D,2026-09-21T14:34:25.777119+00:00,535.402237225523,544.1244234158205,515.4399979039158,342.065230058214,357.7481443542319
8.35397,81.29202,337.72,0.41,0.37,2026-09-21,813,N,VIIRS,n,2.0NRT,297.77,4.13,D,2026-09-21T14:34:25.777119+00:00,537.5129668777194,559.5073273921641,559.9351816666627,389.6129097770172,392.26277518341334
8.3574,81.2915,352.94,0.41,0.37,2026-09-21,813,N,VIIRS,n,2.0NRT,298.48,6.45,D,2026-09-21T14:34:25.777119+00:00,537.1279649215282,559.1370342529226,559.6832433406213,389.38953038559737,391.95720302266216
8.35796,81.29525,340.53,0.41,0.37,2026-09-21,813,N,VIIRS,n,2.0NRT,297.06,5.82,D,2026-09-21T14:34:25.777119+00:00,537.1522067818576,559.2534656358682,559.9990249058296,389.7295936100737,392.21168436356743
8.36083,81.29099,345.37,0.41,0.37,2026-09-21,813,N,VIIRS,n,2.0NRT,298.02,6.45,D,2026-09-21T14:34:25.777119+00:00,536.7431908024744,558.7672232852966,559.4323886445361,389.1673875258736,391.6525664654648
8.69229,80.4555,343.38,0.39,0.37,2026-09-21,813,N,VIIRS,n,2.0NRT,298.85,5.0,D,2026-09-21T14:34:25.777119+00:00,488.6079524504434,491.42523610047675,462.37039191035745,290.6547005396014,302.0669091254609
8.69283,80.45908,349.11,0.39,0.37,2026-09-21,813,N,VIIRS,n,2.0NRT,300.68,10.67,D,2026-09-21T14:34:25.777119+00:00,488.5642511401588,491.4828852707156,462.66182342007573,290.97268901146066,302.26981076640766
8.69565,80.45499,335.61,0.39,0.37,2026-09-21,813,N,VIIRS,n,2.0NRT,297.69,5.0,D,2026-09-21T14:34:25.777119+00:00,488.2323547688592,491.0515407853276,462.1137429625057,290.4282290248553,301.7423107191342
8.69619,80.45857,335.22,0.39,0.37,2026-09-21,813,N,VIIRS,n,2.0NRT,297.62,10.67,D,2026-09-21T14:34:25.777119+00:00,488.1886210549594,491.10923399452724,462.4053341984028,290.74646351918284,301.94542978472174
8.87128,78.08917,341.62,0.39,0.36,2026-09-21,813,N,VIIRS,n,2.0NRT,304.37,4.56,D,2026-09-21T14:34:25.777119+00:00,525.3328923113809,464.0037442830867,268.92897145588006,117.23871869635668,223.80861760053781
9.0166,78.13821,342.87,0.39,0.36,2026-09-21,813,N,VIIRS,n,2.0NRT,299.3,2.61,D,2026-09-21T14:34:25.777119+00:00,508.48516679334415,447.02082072706173,257.3494634149941,101.05188544914482,206.77808570980818
11.23936,77.23362,330.61,0.4,0.37,2026-09-21,816,N,VIIRS,l,2.0NRT,296.96,3.22,D,2026-09-21T14:34:25.777119+00:00,388.56965986827777,278.2181197910157,39.13077060080817,175.31488893681492,168.14108297806834
11.24016,77.23308,332.45,0.4,0.37,2026-09-21,816,N,VIIRS,l,2.0NRT,297.23,3.71,D,2026-09-21T14:34:25.777119+00:00,388.572203829391,278.20186010031176,39.14150344490501,175.4215733780487,168.22357437533722
12.82642,79.54056,333.16,0.4,0.37,2026-09-21,816,N,VIIRS,n,2.0NRT,296.41,2.42,D,2026-09-21T14:34:25.777119+00:00,84.09681224805735,45.35393566031349,345.7780593648557,357.84448044649247,243.97833285829887
13.27823,80.29333,333.09,0.42,0.37,2026-09-21,816,N,VIIRS,n,2.0NRT,278.2,3.27,D,2026-09-21T14:34:25.777119+00:00,21.87955391433919,131.99786405826404,441.40631312127505,441.63422021698705,326.13297585099735
13.67215,79.5278,332.93,0.4,0.37,2026-09-21,816,N,VIIRS,n,2.0NRT,282.22,3.81,D,2026-09-21T14:34:25.777119+00:00,103.70397587495832,94.28671277774417,406.46842185562167,443.9232789906139,332.67238924890023
8.29176,80.75997,335.65,0.4,0.37,2026-09-21,813,N,VIIRS,n,2.0NRT,295.27,4.66,D,2026-09-21T19:46:25.279809+00:00,535.402237225523,544.1244234158205,515.4399979039158,342.065230058214,357.7481443542319
8.35397,81.29202,337.72,0.41,0.37,2026-09-21,813,N,VIIRS,n,2.0NRT,297.77,4.13,D,2026-09-21T19:46:25.279809+00:00,537.5129668777194,559.5073273921641,559.9351816666627,389.6129097770172,392.26277518341334
8.3574,81.2915,352.94,0.41,0.37,2026-09-21,813,N,VIIRS,n,2.0NRT,298.48,6.45,D,2026-09-21T19:46:25.279809+00:00,537.1279649215282,559.1370342529226,559.6832433406213,389.38953038559737,391.95720302266216
8.35796,81.29525,340.53,0.41,0.37,2026-09-21,813,N,VIIRS,n,2.0NRT,297.06,5.82,D,2026-09-21T19:46:25.279809+00:00,537.1522067818576,559.2534656358682,559.9990249058296,389.7295936100737,392.21168436356743
8.36083,81.29099,345.37,0.41,0.37,2026-09-21,813,N,VIIRS,n,2.0NRT,298.02,6.45,D,2026-09-21T19:46:25.279809+00:00,536.7431908024744,558.7672232852966,559.4323886445361,389.1673875258736,391.6525664654648
8.69229,80.4555,343.38,0.39,0.37,2026-09-21,813,N,VIIRS,n,2.0NRT,298.85,5.0,D,2026-09-21T19:46:25.279809+00:00,488.6079524504434,491.42523610047675,462.37039191035745,290.6547005396014,302.0669091254609
8.69283,80.45908,349.11,0.39,0.37,2026-09-21,813,N,VIIRS,n,2.0NRT,300.68,10.67,D,2026-09-21T19:46:25.279809+00:00,488.5642511401588,491.4828852707156,462.66182342007573,290.97268901146066,302.26981076640766
8.69565,80.45499,335.61,0.39,0.37,2026-09-21,813,N,VIIRS,n,2.0NRT,297.69,5.0,D,2026-09-21T19:46:25.279809+00:00,488.2323547688592,491.0515407853276,462.1137429625057,290.4282290248553,301.7423107191342
8.69619,80.45857,335.22,0.39,0.37,2026-09-21,813,N,VIIRS,n,2.0NRT,297.62,10.67,D,2026-09-21T19:46:25.279809+00:00,488.1886210549594,491.10923399452724,462.4053341984028,290.74646351918284,301.94542978472174
8.87128,78.08917,341.62,0.39,0.36,2026-09-21,813,N,VIIRS,n,2.0NRT,304.37,4.56,D,2026-09-21T19:46:25.279809+00:00,525.3328923113809,464.0037442830867,268.92897145588006,117.23871869635668,223.80861760053781
9.0166,78.13821,342.87,0.39,0.36,2026-09-21,813,N,VIIRS,n,2.0NRT,299.3,2.61,D,2026-09-21T19:46:25.279809+00:00,508.48516679334415,447.02082072706173,257.3494634149941,101.05188544914482,206.77808570980818
11.23936,77.23362,330.61,0.4,0.37,2026-09-21,816,N,VIIRS,l,2.0NRT,296.96,3.22,D,2026-09-21T19:46:25.279809+00:00,388.56965986827777,278.2181197910157,39.13077060080817,175.31488893681492,168.14108297806834
11.24016,77.23308,332.45,0.4,0.37,2026-09-21,816,N,VIIRS,l,2.0NRT,297.23,3.71,D,2026-09-21T19:46:25.279809+00:00,388.572203829391,278.20186010031176,39.14150344490501,175.4215733780487,168.22357437533722
12.82642,79.54056,333.16,0.4,0.37,2026-09-21,816,N,VIIRS,n,2.0NRT,296.41,2.42,D,2026-09-21T19:46:25.279809+00:00,84.09681224805735,45.35393566031349,345.7780593648557,357.84448044649247,243.97833285829887
13.27823,80.29333,333.09,0.42,0.37,2026-09-21,816,N,VIIRS,n,2.0NRT,278.2,3.27,D,2026-09-21T19:46:25.279809+00:00,21.87955391433919,131.99786405826404,441.40631312127505,441.63422021698705,326.13297585099735
13.67215,79.5278,332.93,0.4,0.37,2026-09-21,816,N,VIIRS,n,2.0NRT,282.22,3.81,D,2026-09-21T19:46:25.279809+00:00,103.70397587495832,94.28671277774417,406.46842185562167,443.9232789906139,332.67238924890023
8.29176,80.75997,335.65,0.4,0.37,2026-09-21,813,N,VIIRS,n,2.0NRT,295.27,4.66,D,2026-09-21T22:52:01.796064+00:00,535.402237225523,544.1244234158205,515.4399979039158,342.065230058214,357.7481443542319
8.35397,81.29202,337.72,0.41,0.37,2026-09-21,813,N,VIIRS,n,2.0NRT,297.77,4.13,D,2026-09-21T22:52:01.796064+00:00,537.5129668777194,559.5073273921641,559.9351816666627,389.6129097770172,392.26277518341334
8.3574,81.2915,352.94,0.41,0.37,2026-09-21,813,N,VIIRS,n,2.0NRT,298.48,6.45,D,2026-09-21T22:52:01.796064+00:00,537.1279649215282,559.1370342529226,559.6832433406213,389.38953038559737,391.95720302266216
8.35796,81.29525,340.53,0.41,0.37,2026-09-21,813,N,VIIRS,n,2.0NRT,297.06,5.82,D,2026-09-21T22:52:01.796064+00:00,537.1522067818576,559.2534656358682,559.9990249058296,389.7295936100737,392.21168436356743
8.36083,81.29099,345.37,0.41,0.37,2026-09-21,813,N,VIIRS,n,2.0NRT,298.02,6.45,D,2026-09-21T22:52:01.796064+00:00,536.7431908024744,558.7672232852966,559.4323886445361,389.1673875258736,391.6525664654648
8.69229,80.4555,343.38,0.39,0.37,2026-09-21,813,N,VIIRS,n,2.0NRT,298.85,5.0,D,2026-09-21T22:52:01.796064+00:00,488.6079524504434,491.42523610047675,462.37039191035745,290.6547005396014,302.0669091254609
8.69283,80.45908,349.11,0.39,0.37,2026-09-21,813,N,VIIRS,n,2.0NRT,300.68,10.67,D,2026-09-21T22:52:01.796064+00:00,488.5642511401588,491.4828852707156,462.66182342007573,290.97268901146066,302.26981076640766
8.69565,80.45499,335.61,0.39,0.37,2026-09-21,813,N,VIIRS,n,2.0NRT,297.69,5.0,D,2026-09-21T22:52:01.796064+00:00,488.2323547688592,491.0515407853276,462.1137429625057,290.4282290248553,301.7423107191342
8.69619,80.45857,335.22,0.39,0.37,2026-09-21,813,N,VIIRS,n,2.0NRT,297.62,10.67,D,2026-09-21T22:52:01.796064+00:00,488.1886210549594,491.10923399452724,462.4053341984028,290.74646351918284,301.94542978472174
8.87128,78.08917,341.62,0.39,0.36,2026-09-21,813,N,VIIRS,n,2.0NRT,304.37,4.56,D,2026-09-21T22:52:01.796064+00:00,525.3328923113809,464.0037442830867,268.92897145588006,117.23871869635668,223.80861760053781
9.0166,78.13821,342.87,0.39,0.36,2026-09-21,813,N,VIIRS,n,2.0NRT,299.3,2.61,D,2026-09-21T22:52:01.796064+00:00,508.48516679334415,447.02082072706173,257.3494634149941,101.05188544914482,206.77808570980818
11.23936,77.23362,330.61,0.4,0.37,2026-09-21,816,N,VIIRS,l,2.0NRT,296.96,3.22,D,2026-09-21T22:52:01.796064+00:00,388.56965986827777,278.2181197910157,39.13077060080817,175.31488893681492,168.14108297806834
11.24016,77.23308,332.45,0.4,0.37,2026-09-21,816,N,VIIRS,l,2.0NRT,297.23,3.71,D,2026-09-21T22:52:01.796064+00:00,388.572203829391,278.20186010031176,39.14150344490501,175.4215733780487,168.22357437533722
12.82642,79.54056,333.16,0.4,0.37,2026-09-21,816,N,VIIRS,n,2.0NRT,296.41,2.42,D,2026-09-21T22:52:01.796064+00:00,84.09681224805735,45.35393566031349,345.7780593648557,357.84448044649247,243.97833285829887
13.27823,80.29333,333.09,0.42,0.37,2026-09-21,816,N,VIIRS,n,2.0NRT,278.2,3.27,D,2026-09-21T22:52:01.796064+00:00,21.87955391433919,131.99786405826404,441.40631312127505,441.63422021698705,326.13297585099735
13.67215,79.5278,332.93,0.4,0.37,2026-09-21,816,N,VIIRS,n,2.0NRT,282.22,3.81,D,2026-09-21T22:52:01.796064+00:00,103.70397587495832,94.28671277774417,406.46842185562167,443.9232789906139,332.67238924890023
8.0028,81.44696,336.59,0.44,0.39,2026-09-22,756,N,VIIRS,n,2.0NRT,298.11,4.18,D,2026-09-22T12:08:18.275086+00:00,579.2997800194154,602.1090082015289,595.6868060221943,423.3548182648534,431.93474788883276
8.02844,81.08794,330.3,0.46,0.39,2026-09-22,756,N,VIIRS,l,2.0NRT,297.67,8.55,D,2026-09-22T12:08:18.275086+00:00,569.0589793472742,584.0440164887953,561.8730943258855,388.26253474823096,403.3144967791943
8.07158,81.05231,331.2,0.46,0.39,2026-09-22,756,N,VIIRS,l,2.0NRT,295.48,4.91,D,2026-09-22T12:08:18.275086+00:00,563.7181157074606,578.1527138335113,555.8663687043329,382.3604938556047,397.1186302883238
8.09478,81.03574,334.95,0.46,0.39,2026-09-22,756,N,VIIRS,n,2.0NRT,296.78,2.7,D,2026-09-22T12:08:18.275086+00:00,560.8951818599969,575.0894842052451,552.867807206281,379.4306954237542,393.9710867218825
8.12774,80.98756,331.57,0.46,0.39,2026-09-22,756,N,VIIRS,n,2.0NRT,295.33,2.74,D,2026-09-22T12:08:18.275086+00:00,556.5055431617551,569.7756868160866,546.4236920200295,372.98777044419046,387.7496110697918
8.12842,80.99175,333.74,0.46,0.39,2026-09-22,756,N,VIIRS,n,2.0NRT,295.28,3.64,D,2026-09-22T12:08:18.275086+00:00,556.4952946115388,569.8680704835903,546.7505866072355,373.335616773742,387.9886374255551
8.17802,80.62557,335.98,0.48,0.4,2026-09-22,756,N,VIIRS,n,2.0NRT,295.36,4.29,D,2026-09-22T12:08:18.275086+00:00,546.7518085682018,551.5806050528361,511.3576905413809,336.8229716603549,358.8329148591193
8.22173,80.66302,330.0,0.48,0.4,2026-09-22,756,N,VIIRS,l,2.0NRT,296.82,7.72,D,2026-09-22T12:08:18.275086+00:00,542.2116678592081,548.1711823707949,511.6070693868899,337.4247886777487,357.35474040739615
8.305,81.28033,332.33,0.45,0.39,2026-09-22,756,N,VIIRS,l,2.0NRT,296.59,2.76,D,2026-09-22T12:08:18.275086+00:00,542.5815483964282,563.9239977861938,561.7799016068989,390.9660207520199,395.14016345732364
8.34913,80.69286,331.38,0.48,0.4,2026-09-22,756,N,VIIRS,n,2.0NRT,289.67,3.11,D,2026-09-22T12:08:18.275086+00:00,528.3647110753682,535.7163199701059,505.7131481738063,332.41920134145926,348.15157566493394
8.49269,80.18095,330.88,0.5,0.41,2026-09-22,756,N,VIIRS,l,2.0NRT,296.05,4.59,D,2026-09-22T12:08:18.275086+00:00,510.4799112748016,505.0604287031653,451.29623207489914,276.6804768141851,302.43795666805613
8.53969,80.62257,332.83,0.48,0.4,2026-09-22,756,N,VIIRS,l,2.0NRT,295.0,6.69,D,2026-09-22T12:08:18.275086+00:00,506.6186160662496,513.170056652967,487.11904988252707,314.93715859662956,326.84849695969183
8.55172,77.81528,350.32,0.47,0.47,2026-09-22,756,N,VIIRS,n,2.0NRT,299.89,10.65,D,2026-09-22T12:08:18.275086+00:00,570.7139896113323,506.2152431604061,289.8301922162035,156.33804825705047,267.3485866945547
8.60402,77.96516,330.04,0.46,0.47,2026-09-22,756,N,VIIRS,n,2.0NRT,297.13,1.5,D,2026-09-22T12:08:18.275086+00:00,558.006292819349,496.18333240685695,290.1863058984044,147.8854562467526,256.2802138978843
8.67719,77.4745,331.29,0.49,0.48,2026-09-22,756,N,VIIRS,n,2.0NRT,291.27,2.92,D,2026-09-22T12:08:18.275086+00:00,577.1917791506045,504.9633199159544,266.28610626142546,155.79381099480224,270.91492227421554
8.8697,80.79491,336.46,0.46,0.39,2026-09-22,756,N,VIIRS,l,2.0NRT,293.15,7.48,D,2026-09-22T12:08:18.275086+00:00,471.9444657578581,485.2007474403848,483.50448633695714,316.06079316640563,313.1407431040511
8.95788,80.8327,331.52,0.46,0.39,2026-09-22,756,N,VIIRS,l,2.0NRT,298.75,5.36,D,2026-09-22T12:08:18.275086+00:00,462.7405473934454,477.69904617500157,482.3289024825796,316.4128726711601,309.6192582216101
9.12537,77.64301,335.21,0.47,0.48,2026-09-22,756,N,VIIRS,n,2.0NRT,299.01,3.18,D,2026-09-22T12:08:18.275086+00:00,525.1664316639266,451.80314299053134,223.36838312355698,103.1675317213432,218.63456885093493
9.39717,80.47816,335.76,0.47,0.4,2026-09-22,756,N,VIIRS,n,2.0NRT,296.83,2.49,D,2026-09-22T12:08:18.275086+00:00,410.43612218776036,417.9520187828591,425.45139271567933,265.1006862424556,248.384404349744
9.40082,80.47755,334.06,0.47,0.4,2026-09-22,756,N,VIIRS,l,2.0NRT,295.89,2.49,D,2026-09-22T12:08:18.275086+00:00,410.0272065555753,417.54834401149697,425.21730252817673,264.9445106316141,248.07836501330252
9.41835,78.65449,342.61,0.4,0.44,2026-09-22,756,N,VIIRS,n,2.0NRT,293.57,2.66,D,2026-09-22T12:08:18.275086+00:00,443.933869265891,392.45508112609224,257.18470828256517,81.3107055039232,152.67508608629956
9.46286,80.46727,331.92,0.47,0.4,2026-09-22,756,N,VIIRS,l,2.0NRT,297.95,4.18,D,2026-09-22T12:08:18.275086+00:00,403.0780206172741,410.6927766349889,421.28889079301115,262.38403813358036,242.93191743040057
9.57274,78.57926,338.7,0.4,0.44,2026-09-22,756,N,VIIRS,n,2.0NRT,295.12,2.85,D,2026-09-22T12:08:18.275086+00:00,431.6517411987537,376.67145739228516,239.43345476667642,63.80668584300237,136.10287635809095
10.96626,77.76252,333.77,0.43,0.46,2026-09-22,756,N,VIIRS,n,2.0NRT,294.84,2.89,D,2026-09-22T12:08:18.275086+00:00,360.2514911710027,263.1288605691752,88.2367149702098,122.17560933532604,104.72271229679201
8.0028,81.44696,336.59,0.44,0.39,2026-09-22,756,N,VIIRS,n,2.0NRT,298.11,4.18,D,2026-09-22T17:24:10.458554+00:00,579.2997800194154,602.1090082015289,595.6868060221943,423.3548182648534,431.93474788883276
8.02844,81.08794,330.3,0.46,0.39,2026-09-22,756,N,VIIRS,l,2.0NRT,297.67,8.55,D,2026-09-22T17:24:10.458554+00:00,569.0589793472742,584.0440164887953,561.8730943258855,388.26253474823096,403.3144967791943
8.07158,81.05231,331.2,0.46,0.39,2026-09-22,756,N,VIIRS,l,2.0NRT,295.48,4.91,D,2026-09-22T17:24:10.458554+00:00,563.7181157074606,578.1527138335113,555.8663687043329,382.3604938556047,397.1186302883238
8.09478,81.03574,334.95,0.46,0.39,2026-09-22,756,N,VIIRS,n,2.0NRT,296.78,2.7,D,2026-09-22T17:24:10.458554+00:00,560.8951818599969,575.0894842052451,552.867807206281,379.4306954237542,393.9710867218825
8.12774,80.98756,331.57,0.46,0.39,2026-09-22,756,N,VIIRS,n,2.0NRT,295.33,2.74,D,2026-09-22T17:24:10.458554+00:00,556.5055431617551,569.7756868160866,546.4236920200295,372.98777044419046,387.7496110697918
8.12842,80.99175,333.74,0.46,0.39,2026-09-22,756,N,VIIRS,n,2.0NRT,295.28,3.64,D,2026-09-22T17:24:10.458554+00:00,556.4952946115388,569.8680704835903,546.7505866072355,373.335616773742,387.9886374255551
8.17802,80.62557,335.98,0.48,0.4,2026-09-22,756,N,VIIRS,n,2.0NRT,295.36,4.29,D,2026-09-22T17:24:10.458554+00:00,546.7518085682018,551.5806050528361,511.3576905413809,336.8229716603549,358.8329148591193
8.22173,80.66302,330.0,0.48,0.4,2026-09-22,756,N,VIIRS,l,2.0NRT,296.82,7.72,D,2026-09-22T17:24:10.458554+00:00,542.2116678592081,548.1711823707949,511.6070693868899,337.4247886777487,357.35474040739615
8.305,81.28033,332.33,0.45,0.39,2026-09-22,756,N,VIIRS,l,2.0NRT,296.59,2.76,D,2026-09-22T17:24:10.458554+00:00,542.5815483964282,563.9239977861938,561.7799016068989,390.9660207520199,395.14016345732364
8.34913,80.69286,331.38,0.48,0.4,2026-09-22,756,N,VIIRS,n,2.0NRT,289.67,3.11,D,2026-09-22T17:24:10.458554+00:00,528.3647110753682,535.7163199701059,505.7131481738063,332.41920134145926,348.15157566493394
8.49269,80.18095,330.88,0.5,0.41,2026-09-22,756,N,VIIRS,l,2.0NRT,296.05,4.59,D,2026-09-22T17:24:10.458554+00:00,510.4799112748016,505.0604287031653,451.29623207489914,276.6804768141851,302.43795666805613
8.53969,80.62257,332.83,0.48,0.4,2026-09-22,756,N,VIIRS,l,2.0NRT,295.0,6.69,D,2026-09-22T17:24:10.458554+00:00,506.6186160662496,513.170056652967,487.11904988252707,314.93715859662956,326.84849695969183
8.55172,77.81528,350.32,0.47,0.47,2026-09-22,756,N,VIIRS,n,2.0NRT,299.89,10.65,D,2026-09-22T17:24:10.458554+00:00,570.7139896113323,506.2152431604061,289.8301922162035,156.33804825705047,267.3485866945547
8.60402,77.96516,330.04,0.46,0.47,2026-09-22,756,N,VIIRS,n,2.0NRT,297.13,1.5,D,2026-09-22T17:24:10.458554+00:00,558.006292819349,496.18333240685695,290.1863058984044,147.8854562467526,256.2802138978843
8.67719,77.4745,331.29,0.49,0.48,2026-09-22,756,N,VIIRS,n,2.0NRT,291.27,2.92,D,2026-09-22T17:24:10.458554+00:00,577.1917791506045,504.9633199159544,266.28610626142546,155.79381099480224,270.91492227421554
8.8697,80.79491,336.46,0.46,0.39,2026-09-22,756,N,VIIRS,l,2.0NRT,293.15,7.48,D,2026-09-22T17:24:10.458554+00:00,471.9444657578581,485.2007474403848,483.50448633695714,316.06079316640563,313.1407431040511
8.95788,80.8327,331.52,0.46,0.39,2026-09-22,756,N,VIIRS,l,2.0NRT,298.75,5.36,D,2026-09-22T17:24:10.458554+00:00,462.7405473934454,477.69904617500157,482.3289024825796,316.4128726711601,309.6192582216101
9.12537,77.64301,335.21,0.47,0.48,2026-09-22,756,N,VIIRS,n,2.0NRT,299.01,3.18,D,2026-09-22T17:24:10.458554+00:00,525.1664316639266,451.80314299053134,223.36838312355698,103.1675317213432,218.63456885093493
9.39717,80.47816,335.76,0.47,0.4,2026-09-22,756,N,VIIRS,n,2.0NRT,296.83,2.49,D,2026-09-22T17:24:10.458554+00:00,410.43612218776036,417.9520187828591,425.45139271567933,265.1006862424556,248.384404349744
9.40082,80.47755,334.06,0.47,0.4,2026-09-22,756,N,VIIRS,l,2.0NRT,295.89,2.49,D,2026-09-22T17:24:10.458554+00:00,410.0272065555753,417.54834401149697,425.21730252817673,264.9445106316141,248.07836501330252
9.41835,78.65449,342.61,0.4,0.44,2026-09-22,756,N,VIIRS,n,2.0NRT,293.57,2.66,D,2026-09-22T17:24:10.458554+00:00,443.933869265891,392.45508112609224,257.18470828256517,81.3107055039232,152.67508608629956
9.46286,80.46727,331.92,0.47,0.4,2026-09-22,756,N,VIIRS,l,2.0NRT,297.95,4.18,D,2026-09-22T17:24:10.458554+00:00,403.0780206172741,410.6927766349889,421.28889079301115,262.38403813358036,242.93191743040057
9.57274,78.57926,338.7,0.4,0.44,2026-09-22,756,N,VIIRS,n,2.0NRT,295.12,2.85,D,2026-09-22T17:24:10.458554+00:00,431.6517411987537,376.67145739228516,239.43345476667642,63.80668584300237,136.10287635809095
10.96626,77.76252,333.77,0.43,0.46,2026-09-22,756,N,VIIRS,n,2.0NRT,294.84,2.89,D,2026-09-22T17:24:10.458554+00:00,360.2514911710027,263.1288605691752,88.2367149702098,122.17560933532604,104.72271229679201
8.0028,81.44696,336.59,0.44,0.39,2026-09-22,756,N,VIIRS,n,2.0NRT,298.11,4.18,D,2026-09-22T20:31:02.628620+00:00,579.2997800194154,602.1090082015289,595.6868060221943,423.3548182648534,431.93474788883276
8.02844,81.08794,330.3,0.46,0.39,2026-09-22,756,N,VIIRS,l,2.0NRT,297.67,8.55,D,2026-09-22T20:31:02.628620+00:00,569.0589793472742,584.0440164887953,561.8730943258855,388.26253474823096,403.3144967791943
8.07158,81.05231,331.2,0.46,0.39,2026-09-22,756,N,VIIRS,l,2.0NRT,295.48,4.91,D,2026-09-22T20:31:02.628620+00:00,563.7181157074606,578.1527138335113,555.8663687043329,382.3604938556047,397.1186302883238
8.09478,81.03574,334.95,0.46,0.39,2026-09-22,756,N,VIIRS,n,2.0NRT,296.78,2.7,D,2026-09-22T20:31:02.628620+00:00,560.8951818599969,575.0894842052451,552.867807206281,379.4306954237542,393.9710867218825
8.12774,80.98756,331.57,0.46,0.39,2026-09-22,756,N,VIIRS,n,2.0NRT,295.33,2.74,D,2026-09-22T20:31:02.628620+00:00,556.5055431617551,569.7756868160866,546.4236920200295,372.98777044419046,387.7496110697918
8.12842,80.99175,333.74,0.46,0.39,2026-09-22,756,N,VIIRS,n,2.0NRT,295.28,3.64,D,2026-09-22T20:31:02.628620+00:00,556.4952946115388,569.8680704835903,546.7505866072355,373.335616773742,387.9886374255551
8.17802,80.62557,335.98,0.48,0.4,2026-09-22,756,N,VIIRS,n,2.0NRT,295.36,4.29,D,2026-09-22T20:31:02.628620+00:00,546.7518085682018,551.5806050528361,511.3576905413809,336.8229716603549,358.8329148591193
8.22173,80.66302,330.0,0.48,0.4,2026-09-22,756,N,VIIRS,l,2.0NRT,296.82,7.72,D,2026-09-22T20:31:02.628620+00:00,542.2116678592081,548.1711823707949,511.6070693868899,337.4247886777487,357.35474040739615
8.305,81.28033,332.33,0.45,0.39,2026-09-22,756,N,VIIRS,l,2.0NRT,296.59,2.76,D,2026-09-22T20:31:02.628620+00:00,542.5815483964282,563.9239977861938,561.7799016068989,390.9660207520199,395.14016345732364
8.34913,80.69286,331.38,0.48,0.4,2026-09-22,756,N,VIIRS,n,2.0NRT,289.67,3.11,D,2026-09-22T20:31:02.628620+00:00,528.3647110753682,535.7163199701059,505.7131481738063,332.41920134145926,348.15157566493394
8.49269,80.18095,330.88,0.5,0.41,2026-09-22,756,N,VIIRS,l,2.0NRT,296.05,4.59,D,2026-09-22T20:31:02.628620+00:00,510.4799112748016,505.0604287031653,451.29623207489914,276.6804768141851,302.43795666805613
8.53969,80.62257,332.83,0.48,0.4,2026-09-22,756,N,VIIRS,l,2.0NRT,295.0,6.69,D,2026-09-22T20:31:02.628620+00:00,506.6186160662496,513.170056652967,487.11904988252707,314.93715859662956,326.84849695969183
8.55172,77.81528,350.32,0.47,0.47,2026-09-22,756,N,VIIRS,n,2.0NRT,299.89,10.65,D,2026-09-22T20:31:02.628620+00:00,570.7139896113323,506.2152431604061,289.8301922162035,156.33804825705047,267.3485866945547
8.60402,77.96516,330.04,0.46,0.47,2026-09-22,756,N,VIIRS,n,2.0NRT,297.13,1.5,D,2026-09-22T20:31:02.628620+00:00,558.006292819349,496.18333240685695,290.1863058984044,147.8854562467526,256.2802138978843
8.67719,77.4745,331.29,0.49,0.48,2026-09-22,756,N,VIIRS,n,2.0NRT,291.27,2.92,D,2026-09-22T20:31:02.628620+00:00,577.1917791506045,504.9633199159544,266.28610626142546,155.79381099480224,270.91492227421554
8.8697,80.79491,336.46,0.46,0.39,2026-09-22,756,N,VIIRS,l,2.0NRT,293.15,7.48,D,2026-09-22T20:31:02.628620+00:00,471.9444657578581,485.2007474403848,483.50448633695714,316.06079316640563,313.1407431040511
8.95788,80.8327,331.52,0.46,0.39,2026-09-22,756,N,VIIRS,l,2.0NRT,298.75,5.36,D,2026-09-22T20:31:02.628620+00:00,462.7405473934454,477.69904617500157,482.3289024825796,316.4128726711601,309.6192582216101
9.12537,77.64301,335.21,0.47,0.48,2026-09-22,756,N,VIIRS,n,2.0NRT,299.01,3.18,D,2026-09-22T20:31:02.628620+00:00,525.1664316639266,451.80314299053134,223.36838312355698,103.1675317213432,218.63456885093493
9.39717,80.47816,335.76,0.47,0.4,2026-09-22,756,N,VIIRS,n,2.0NRT,296.83,2.49,D,2026-09-22T20:31:02.628620+00:00,410.43612218776036,417.9520187828591,425.45139271567933,265.1006862424556,248.384404349744
9.40082,80.47755,334.06,0.47,0.4,2026-09-22,756,N,VIIRS,l,2.0NRT,295.89,2.49,D,2026-09-22T20:31:02.628620+00:00,410.0272065555753,417.54834401149697,425.21730252817673,264.9445106316141,248.07836501330252
9.41835,78.65449,342.61,0.4,0.44,2026-09-22,756,N,VIIRS,n,2.0NRT,293.57,2.66,D,2026-09-22T20:31:02.628620+00:00,443.933869265891,392.45508112609224,257.18470828256517,81.3107055039232,152.67508608629956
9.46286,80.46727,331.92,0.47,0.4,2026-09-22,756,N,VIIRS,l,2.0NRT,297.95,4.18,D,2026-09-22T20:31:02.628620+00:00,403.0780206172741,410.6927766349889,421.28889079301115,262.38403813358036,242.93191743040057
9.57274,78.57926,338.7,0.4,0.44,2026-09-22,756,N,VIIRS,n,2.0NRT,295.12,2.85,D,2026-09-22T20:31:02.628620+00:00,431.6517411987537,376.67145739228516,239.43345476667642,63.80668584300237,136.10287635809095
10.96626,77.76252,333.77,0.43,0.46,2026-09-22,756,N,VIIRS,n,2.0NRT,294.84,2.89,D,2026-09-22T20:31:02.628620+00:00,360.2514911710027,263.1288605691752,88.2367149702098,122.17560933532604,104.72271229679201
8.0028,81.44696,336.59,0.44,0.39,2026-09-22,756,N,VIIRS,n,2.0NRT,298.11,4.18,D,2026-09-22T23:18:45.556039+00:00,579.2997800194154,602.1090082015289,595.6868060221943,423.3548182648534,431.93474788883276
8.02844,81.08794,330.3,0.46,0.39,2026-09-22,756,N,VIIRS,l,2.0NRT,297.67,8.55,D,2026-09-22T23:18:45.556039+00:00,569.0589793472742,584.0440164887953,561.8730943258855,388.26253474823096,403.3144967791943
8.07158,81.05231,331.2,0.46,0.39,2026-09-22,756,N,VIIRS,l,2.0NRT,295.48,4.91,D,2026-09-22T23:18:45.556039+00:00,563.7181157074606,578.1527138335113,555.8663687043329,382.3604938556047,397.1186302883238
8.09478,81.03574,334.95,0.46,0.39,2026-09-22,756,N,VIIRS,n,2.0NRT,296.78,2.7,D,2026-09-22T23:18:45.556039+00:00,560.8951818599969,575.0894842052451,552.867807206281,379.4306954237542,393.9710867218825
8.12774,80.98756,331.57,0.46,0.39,2026-09-22,756,N,VIIRS,n,2.0NRT,295.33,2.74,D,2026-09-22T23:18:45.556039+00:00,556.5055431617551,569.7756868160866,546.4236920200295,372.98777044419046,387.7496110697918
8.12842,80.99175,333.74,0.46,0.39,2026-09-22,756,N,VIIRS,n,2.0NRT,295.28,3.64,D,2026-09-22T23:18:45.556039+00:00,556.4952946115388,569.8680704835903,546.7505866072355,373.335616773742,387.9886374255551
8.17802,80.62557,335.98,0.48,0.4,2026-09-22,756,N,VIIRS,n,2.0NRT,295.36,4.29,D,2026-09-22T23:18:45.556039+00:00,546.7518085682018,551.5806050528361,511.3576905413809,336.8229716603549,358.8329148591193
8.22173,80.66302,330.0,0.48,0.4,2026-09-22,756,N,VIIRS,l,2.0NRT,296.82,7.72,D,2026-09-22T23:18:45.556039+00:00,542.2116678592081,548.1711823707949,511.6070693868899,337.4247886777487,357.35474040739615
8.305,81.28033,332.33,0.45,0.39,2026-09-22,756,N,VIIRS,l,2.0NRT,296.59,2.76,D,2026-09-22T23:18:45.556039+00:00,542.5815483964282,563.9239977861938,561.7799016068989,390.9660207520199,395.14016345732364
8.34913,80.69286,331.38,0.48,0.4,2026-09-22,756,N,VIIRS,n,2.0NRT,289.67,3.11,D,2026-09-22T23:18:45.556039+00:00,528.3647110753682,535.7163199701059,505.7131481738063,332.41920134145926,348.15157566493394
8.49269,80.18095,330.88,0.5,0.41,2026-09-22,756,N,VIIRS,l,2.0NRT,296.05,4.59,D,2026-09-22T23:18:45.556039+00:00,510.4799112748016,505.0604287031653,451.29623207489914,276.6804768141851,302.43795666805613
8.53969,80.62257,332.83,0.48,0.4,2026-09-22,756,N,VIIRS,l,2.0NRT,295.0,6.69,D,2026-09-22T23:18:45.556039+00:00,506.6186160662496,513.170056652967,487.11904988252707,314.93715859662956,326.84849695969183
8.55172,77.81528,350.32,0.47,0.47,2026-09-22,756,N,VIIRS,n,2.0NRT,299.89,10.65,D,2026-09-22T23:18:45.556039+00:00,570.7139896113323,506.2152431604061,289.8301922162035,156.33804825705047,267.3485866945547
8.60402,77.96516,330.04,0.46,0.47,2026-09-22,756,N,VIIRS,n,2.0NRT,297.13,1.5,D,2026-09-22T23:18:45.556039+00:00,558.006292819349,496.18333240685695,290.1863058984044,147.8854562467526,256.2802138978843
8.67719,77.4745,331.29,0.49,0.48,2026-09-22,756,N,VIIRS,n,2.0NRT,291.27,2.92,D,2026-09-22T23:18:45.556039+00:00,577.1917791506045,504.9633199159544,266.28610626142546,155.79381099480224,270.91492227421554
8.8697,80.79491,336.46,0.46,0.39,2026-09-22,756,N,VIIRS,l,2.0NRT,293.15,7.48,D,2026-09-22T23:18:45.556039+00:00,471.9444657578581,485.2007474403848,483.50448633695714,316.06079316640563,313.1407431040511
8.95788,80.8327,331.52,0.46,0.39,2026-09-22,756,N,VIIRS,l,2.0NRT,298.75,5.36,D,2026-09-22T23:18:45.556039+00:00,462.7405473934454,477.69904617500157,482.3289024825796,316.4128726711601,309.6192582216101
9.12537,77.64301,335.21,0.47,0.48,2026-09-22,756,N,VIIRS,n,2.0NRT,299.01,3.18,D,2026-09-22T23:18:45.556039+00:00,525.1664316639266,451.80314299053134,223.36838312355698,103.1675317213432,218.63456885093493
9.39717,80.47816,335.76,0.47,0.4,2026-09-22,756,N,VIIRS,n,2.0NRT,296.83,2.49,D,2026-09-22T23:18:45.556039+00:00,410.43612218776036,417.9520187828591,425.45139271567933,265.1006862424556,248.384404349744
9.40082,80.47755,334.06,0.47,0.4,2026-09-22,756,N,VIIRS,l,2.0NRT,295.89,2.49,D,2026-09-22T23:18:45.556039+00:00,410.0272065555753,417.54834401149697,425.21730252817673,264.9445106316141,248.07836501330252
9.41835,78.65449,342.61,0.4,0.44,2026-09-22,756,N,VIIRS,n,2.0NRT,293.57,2.66,D,2026-09-22T23:18:45.556039+00:00,443.933869265891,392.45508112609224,257.18470828256517,81.3107055039232,152.67508608629956
9.46286,80.46727,331.92,0.47,0.4,2026-09-22,756,N,VIIRS,l,2.0NRT,297.95,4.18,D,2026-09-22T23:18:45.556039+00:00,403.0780206172741,410.6927766349889,421.28889079301115,262.38403813358036,242.93191743040057
9.57274,78.57926,338.7,0.4,0.44,2026-09-22,756,N,VIIRS,n,2.0NRT,295.12,2.85,D,2026-09-22T23:18:45.556039+00:00,431.6517411987537,376.67145739228516,239.43345476667642,63.80668584300237,136.10287635809095
10.96626,77.76252,333.77,0.43,0.46,2026-09-22,756,N,VIIRS,n,2.0NRT,294.84,2.89,D,2026-09-22T23:18:45.556039+00:00,360.2514911710027,263.1288605691752,88.2367149702098,122.17560933532604,104.72271229679201
12.74701,77.62012,299.29,0.39,0.36,2026-09-22,2029,N,VIIRS,n,2.0NRT,274.23,0.68,N,2026-09-22T23:18:45.556039+00:00,289.68846618132835,165.0484384662844,205.52126388551272,318.46410154357653,247.52261900600962
8.67101,77.99467,304.96,0.38,0.36,2026-09-22,2032,N,VIIRS,n,2.0NRT,286.8,0.38,N,2026-09-22T23:18:45.556039+00:00,549.8934743051504,488.1546090783596,284.58681090498874,140.13387433833694,248.18940635983967
11.26881,80.00273,309.18,0.41,0.37,2026-09-22,2032,N,VIIRS,n,2.0NRT,279.39,1.15,N,2026-09-22T23:18:45.556039+00:00,203.78738972727155,206.20256729447544,333.59350103588855,254.30904178054686,151.3223193996831
8.19812,80.69488,330.14,0.63,0.54,2026-09-23,737,N,VIIRS,n,2.0NRT,291.07,5.33,D,2026-09-23T12:21:04.028635+00:00,545.113772782537,551.7411178707489,515.9868343227282,341.8010283420719,361.5589858760169
8.20128,80.97897,333.66,0.6,0.53,2026-09-23,737,N,VIIRS,n,2.0NRT,293.0,2.96,D,2026-09-23T12:21:04.028635+00:00,548.2764107009608,561.7952564329414,540.8513803117592,367.8387033197559,380.90781847615983
8.21114,80.05256,334.35,0.35,0.57,2026-09-23,737,N,VIIRS,n,2.0NRT,292.01,3.08,D,2026-09-23T12:21:04.028635+00:00,542.216688353167,532.7845866218548,461.0512449657506,285.24192185966467,322.65697288006334
8.68473,80.86062,339.02,0.6,0.53,2026-09-23,737,N,VIIRS,n,2.0NRT,290.0,7.15,D,2026-09-23T12:21:04.028635+00:00,493.25392137628506,506.97992183130964,500.2225525747021,330.87026842759184,332.6331543520392
8.76989,80.84837,329.99,0.6,0.53,2026-09-23,737,N,VIIRS,n,2.0NRT,289.85,6.82,D,2026-09-23T12:21:04.028635+00:00,483.68993690263136,497.6889846787647,494.1759206902399,325.7674285384444,325.0444164061911
9.31391,80.21855,326.0,0.33,0.55,2026-09-23,737,N,VIIRS,n,2.0NRT,280.22,1.88,D,2026-09-23T12:21:04.028635+00:00,419.10891716486964,417.7423976056261,404.1879633863693,239.91759474048592,233.30012372284884
8.19812,80.69488,330.14,0.63,0.54,2026-09-23,737,N,VIIRS,n,2.0NRT,291.07,5.33,D,2026-09-23T17:31:10.262513+00:00,545.113772782537,551.7411178707489,515.9868343227282,341.8010283420719,361.5589858760169
8.20128,80.97897,333.66,0.6,0.53,2026-09-23,737,N,VIIRS,n,2.0NRT,293.0,2.96,D,2026-09-23T17:31:10.262513+00:00,548.2764107009608,561.7952564329414,540.8513803117592,367.8387033197559,380.90781847615983
8.21114,80.05256,334.35,0.35,0.57,2026-09-23,737,N,VIIRS,n,2.0NRT,292.01,3.08,D,2026-09-23T17:31:10.262513+00:00,542.216688353167,532.7845866218548,461.0512449657506,285.24192185966467,322.65697288006334
8.68473,80.86062,339.02,0.6,0.53,2026-09-23,737,N,VIIRS,n,2.0NRT,290.0,7.15,D,2026-09-23T17:31:10.262513+00:00,493.25392137628506,506.97992183130964,500.2225525747021,330.87026842759184,332.6331543520392
8.76989,80.84837,329.99,0.6,0.53,2026-09-23,737,N,VIIRS,n,2.0NRT,289.85,6.82,D,2026-09-23T17:31:10.262513+00:00,483.68993690263136,497.6889846787647,494.1759206902399,325.7674285384444,325.0444164061911
9.31391,80.21855,326.0,0.33,0.55,2026-09-23,737,N,VIIRS,n,2.0NRT,280.22,1.88,D,2026-09-23T17:31:10.262513+00:00,419.10891716486964,417.7423976056261,404.1879633863693,239.91759474048592,233.30012372284884
8.19812,80.69488,330.14,0.63,0.54,2026-09-23,737,N,VIIRS,n,2.0NRT,291.07,5.33,D,2026-09-23T20:43:46.205319+00:00,545.113772782537,551.7411178707489,515.9868343227282,341.8010283420719,361.5589858760169
8.20128,80.97897,333.66,0.6,0.53,2026-09-23,737,N,VIIRS,n,2.0NRT,293.0,2.96,D,2026-09-23T20:43:46.205319+00:00,548.2764107009608,561.7952564329414,540.8513803117592,367.8387033197559,380.90781847615983
8.21114,80.05256,334.35,0.35,0.57,2026-09-23,737,N,VIIRS,n,2.0NRT,292.01,3.08,D,2026-09-23T20:43:46.205319+00:00,542.216688353167,532.7845866218548,461.0512449657506,285.24192185966467,322.65697288006334
8.68473,80.86062,339.02,0.6,0.53,2026-09-23,737,N,VIIRS,n,2.0NRT,290.0,7.15,D,2026-09-23T20:43:46.205319+00:00,493.25392137628506,506.97992183130964,500.2225525747021,330.87026842759184,332.6331543520392
8.76989,80.84837,329.99,0.6,0.53,2026-09-23,737,N,VIIRS,n,2.0NRT,289.85,6.82,D,2026-09-23T20:43:46.205319+00:00,483.68993690263136,497.6889846787647,494.1759206902399,325.7674285384444,325.0444164061911
9.31391,80.21855,326.0,0.33,0.55,2026-09-23,737,N,VIIRS,n,2.0NRT,280.22,1.88,D,2026-09-23T20:43:46.205319+00:00,419.10891716486964,417.7423976056261,404.1879633863693,239.91759474048592,233.30012372284884
8.19812,80.69488,330.14,0.63,0.54,2026-09-23,737,N,VIIRS,n,2.0NRT,291.07,5.33,D,2026-09-23T23:14:57.116096+00:00,545.113772782537,551.7411178707489,515.9868343227282,341.8010283420719,361.5589858760169
8.20128,80.97897,333.66,0.6,0.53,2026-09-23,737,N,VIIRS,n,2.0NRT,293.0,2.96,D,2026-09-23T23:14:57.116096+00:00,548.2764107009608,561.7952564329414,540.8513803117592,367.8387033197559,380.90781847615983
8.21114,80.05256,334.35,0.35,0.57,2026-09-23,737,N,VIIRS,n,2.0NRT,292.01,3.08,D,2026-09-23T23:14:57.116096+00:00,542.216688353167,532.7845866218548,461.0512449657506,285.24192185966467,322.65697288006334
8.68473,80.86062,339.02,0.6,0.53,2026-09-23,737,N,VIIRS,n,2.0NRT,290.0,7.15,D,2026-09-23T23:14:57.116096+00:00,493.25392137628506,506.97992183130964,500.2225525747021,330.87026842759184,332.6331543520392
8.76989,80.84837,329.99,0.6,0.53,2026-09-23,737,N,VIIRS,n,2.0NRT,289.85,6.82,D,2026-09-23T23:14:57.116096+00:00,483.68993690263136,497.6889846787647,494.1759206902399,325.7674285384444,325.0444164061911
9.31391,80.21855,326.0,0.33,0.55,2026-09-23,737,N,VIIRS,n,2.0NRT,280.22,1.88,D,2026-09-23T23:14:57.116096+00:00,419.10891716486964,417.7423976056261,404.1879633863693,239.91759474048592,233.30012372284884
10.61679,77.42041,298.39,0.41,0.45,2026-09-23,2012,N,VIIRS,n,2.0NRT,279.94,0.23,N,2026-09-23T23:14:57.116096+00:00,413.98077494760463,316.41912046558457,67.47863487022308,108.48690606356557,141.6448675734773
11.81378,77.91667,295.38,0.4,0.44,2026-09-23,2012,N,VIIRS,n,2.0NRT,274.35,0.56,N,2026-09-23T23:14:57.116096+00:00,291.9549578944645,180.20423098808124,137.19242134652552,211.16865005795108,142.58221964623408
11.81787,77.91727,300.11,0.4,0.44,2026-09-23,2012,N,VIIRS,n,2.0NRT,274.5,0.56,N,2026-09-23T23:14:57.116096+00:00,291.67663261548785,179.84650967935843,137.53587060747634,211.61405358374267,142.90572217356768
8.827,80.47156,331.16,0.57,0.52,2026-09-25,839,N,VIIRS,n,2.0NRT,284.87,2.07,D,2026-09-25T13:02:41.964932+00:00,473.71975601858355,477.6528980331385,455.5887079648893,285.44469845861244,291.7928171138852
9.45303,80.50822,330.82,0.59,0.53,2026-09-25,839,N,VIIRS,n,2.0NRT,275.39,4.94,D,2026-09-25T13:02:41.964932+00:00,404.43088010873015,413.3161384754914,425.82985395659733,267.003376415204,247.16526350747668
8.827,80.47156,331.16,0.57,0.52,2026-09-25,839,N,VIIRS,n,2.0NRT,284.87,2.07,D,2026-09-25T18:07:38.859732+00:00,473.71975601858355,477.6528980331385,455.5887079648893,285.44469845861244,291.7928171138852
9.45303,80.50822,330.82,0.59,0.53,2026-09-25,839,N,VIIRS,n,2.0NRT,275.39,4.94,D,2026-09-25T18:07:38.859732+00:00,404.43088010873015,413.3161384754914,425.82985395659733,267.003376415204,247.16526350747668
8.827,80.47156,331.16,0.57,0.52,2026-09-25,839,N,VIIRS,n,2.0NRT,284.87,2.07,D,2026-09-25T21:54:19.553320+00:00,473.71975601858355,477.6528980331385,455.5887079648893,285.44469845861244,291.7928171138852
9.45303,80.50822,330.82,0.59,0.53,2026-09-25,839,N,VIIRS,n,2.0NRT,275.39,4.94,D,2026-09-25T21:54:19.553320+00:00,404.43088010873015,413.3161384754914,425.82985395659733,267.003376415204,247.16526350747668
8.04721,81.10938,332.15,0.47,0.39,2026-09-26,820,N,VIIRS,n,2.0NRT,300.33,1.4,D,2026-09-26T14:47:41.091572+00:00,567.3711097615076,582.9645383639098,562.5332545494501,389.1106522805899,403.25719869811485
8.05154,81.19128,335.2,0.47,0.4,2026-09-26,820,N,VIIRS,n,2.0NRT,302.35,1.88,D,2026-09-26T14:47:41.091572+00:00,568.4111887593782,585.8964171416666,569.5465243197958,396.4747188546547,408.829257937432
8.06627,79.83,341.02,0.41,0.37,2026-09-26,820,N,VIIRS,n,2.0NRT,298.2,4.58,D,2026-09-26T14:47:41.091572+00:00,559.8762641609719,544.6826102220434,454.91759926266934,279.2879939821897,327.1001570135513
8.06971,79.82949,344.96,0.41,0.37,2026-09-26,820,N,VIIRS,n,2.0NRT,298.59,4.58,D,2026-09-26T14:47:41.091572+00:00,559.4999497188477,544.296008468338,454.60201235799803,278.9667337242745,326.7246078701991
8.08943,80.14479,345.0,0.42,0.38,2026-09-26,820,N,VIIRS,n,2.0NRT,299.28,7.33,D,2026-09-26T14:47:41.091572+00:00,555.3967069507495,548.0301309840155,477.706673976413,301.86396800542593,339.34393731509306
8.13132,80.4253,332.63,0.44,0.38,2026-09-26,820,N,VIIRS,n,2.0NRT,299.45,2.49,D,2026-09-26T14:47:41.091572+00:00,550.8273817617122,550.5270354639134,497.6224299703941,322.3114201432997,350.7692866962832
8.13188,80.06008,341.63,0.42,0.38,2026-09-26,820,N,VIIRS,n,2.0NRT,300.9,6.16,D,2026-09-26T14:47:41.091572+00:00,550.9868151513407,541.5975455638916,467.6868779117626,291.82352025777845,330.8927706153299
8.15421,80.13925,347.23,0.43,0.38,2026-09-26,820,N,VIIRS,n,2.0NRT,300.48,6.77,D,2026-09-26T14:47:41.091572+00:00,548.2112274492542,540.8515289758161,472.3555724098695,296.5708085057597,332.69098959660374
8.21565,79.84959,331.71,0.42,0.37,2026-09-26,820,N,VIIRS,n,2.0NRT,296.4,2.1,D,2026-09-26T14:47:41.091572+00:00,543.1429938570697,528.5516120240411,444.5708220588241,268.7177098979964,312.62711274684375
8.22925,81.3652,337.48,0.48,0.4,2026-09-26,820,N,VIIRS,n,2.0NRT,301.55,7.68,D,2026-09-26T14:47:41.091572+00:00,552.7649621628103,575.4747796133661,574.1968647273782,403.16151104290446,407.70451426503837
8.24794,80.33587,342.14,0.43,0.38,2026-09-26,820,N,VIIRS,n,2.0NRT,301.54,3.71,D,2026-09-26T14:47:41.091572+00:00,537.6479176430854,535.5147686381168,481.7339459787684,306.5694893273739,334.5487619184449
8.31357,80.19846,330.11,0.43,0.38,2026-09-26,820,N,VIIRS,l,2.0NRT,301.56,1.61,D,2026-09-26T14:47:41.091572+00:00,530.3617607241805,524.9063000864991,465.47762021870966,290.1597405163856,320.4399126697902
8.33309,81.2843,339.57,0.48,0.4,2026-09-26,820,N,VIIRS,n,2.0NRT,300.19,4.9,D,2026-09-26T14:47:41.091572+00:00,539.6114892944805,561.2627231527281,560.461896187762,389.91306479406245,393.2667727331459
8.34889,80.75578,332.59,0.45,0.39,2026-09-26,820,N,VIIRS,l,2.0NRT,302.7,2.59,D,2026-09-26T14:47:41.091572+00:00,529.0352833381363,537.9685161509649,511.3297942712438,338.3221532567674,352.53233896578865
8.44949,80.38377,332.06,0.44,0.38,2026-09-26,820,N,VIIRS,l,2.0NRT,302.32,2.76,D,2026-09-26T14:47:41.091572+00:00,515.3373970685939,515.1722568417233,471.8128827702383,297.79287162963504,318.81063510353033
8.45074,80.51398,345.46,0.44,0.39,2026-09-26,820,N,VIIRS,n,2.0NRT,304.56,4.71,D,2026-09-26T14:47:41.091572+00:00,515.7351915890426,518.9941809351983,483.16795216650553,309.74589282031866,327.14850574701364
8.46126,80.41443,339.22,0.44,0.38,2026-09-26,820,N,VIIRS,n,2.0NRT,303.21,17.82,D,2026-09-26T14:47:41.091572+00:00,514.1203266098277,514.8107436620353,473.7009287260006,299.8911427121123,319.69984003608266
8.46444,80.41406,351.5,0.44,0.38,2026-09-26,820,N,VIIRS,n,2.0NRT,309.77,28.85,D,2026-09-26T14:47:41.091572+00:00,513.765656557754,514.4593009406763,473.4550646808019,299.6643003047583,319.38915124896494
8.46479,80.41391,350.84,0.44,0.38,2026-09-26,820,N,VIIRS,n,2.0NRT,309.67,17.82,D,2026-09-26T14:47:41.091572+00:00,513.7262572412285,514.4173723761853,473.4184276794571,299.62926853959254,319.34793342046316
8.46502,80.41805,335.34,0.44,0.38,2026-09-26,820,N,VIIRS,n,2.0NRT,301.11,28.85,D,2026-09-26T14:47:41.091572+00:00,513.7146562288282,514.5159917532208,473.7662205839743,299.9973504050494,319.59368109381955
8.46539,80.41789,336.21,0.44,0.38,2026-09-26,820,N,VIIRS,n,2.0NRT,302.58,17.82,D,2026-09-26T14:47:41.091572+00:00,513.6729869823579,514.4716199249981,473.7273793515259,299.96020921937367,319.5500280804838
8.48319,80.44394,338.09,0.44,0.38,2026-09-26,820,N,VIIRS,n,2.0NRT,302.07,3.71,D,2026-09-26T14:47:41.091572+00:00,511.7919279581778,513.3534694917822,474.831702137545,301.3054278246272,319.64290076145875
8.48733,80.76205,338.32,0.45,0.39,2026-09-26,820,N,VIIRS,n,2.0NRT,306.28,3.86,D,2026-09-26T14:47:41.091572+00:00,513.7910529499599,523.6795827241984,503.05664429159003,331.16375827394427,341.2434558852433
8.50295,80.25905,333.04,0.43,0.38,2026-09-26,820,N,VIIRS,n,2.0NRT,301.42,3.07,D,2026-09-26T14:47:41.091572+00:00,509.2465542334176,505.95571478172394,457.3263112162129,283.0907639849399,306.15384153146834
8.50597,80.55125,339.53,0.45,0.39,2026-09-26,820,N,VIIRS,n,2.0NRT,302.99,4.41,D,2026-09-26T14:47:41.091572+00:00,509.83037898722273,514.3294730702504,482.86797817956,310.0363755836616,324.8064803643325
8.51433,80.50891,331.68,0.44,0.39,2026-09-26,820,N,VIIRS,l,2.0NRT,304.27,3.3,D,2026-09-26T14:47:41.091572+00:00,508.6450780879074,512.0657602109218,478.54531429695345,305.5646036978892,321.2003575698358
8.54566,80.37782,336.36,0.44,0.38,2026-09-26,820,N,VIIRS,n,2.0NRT,302.02,3.51,D,2026-09-26T14:47:41.091572+00:00,504.631395501924,504.6888985441232,464.8528030540335,291.4533472569778,309.73927769072685
8.59441,80.44006,333.3,0.44,0.38,2026-09-26,820,N,VIIRS,l,2.0NRT,304.19,1.76,D,2026-09-26T14:47:41.091572+00:00,499.41750232512874,501.361667871234,467.20279544431395,294.5079096445236,309.52420779553296
8.59794,80.43954,335.07,0.44,0.38,2026-09-26,820,N,VIIRS,n,2.0NRT,304.18,1.76,D,2026-09-26T14:47:41.091572+00:00,499.02314939866926,500.9690152864435,466.9284463324645,294.26043301175076,309.17898842019906
8.60856,80.43797,337.5,0.44,0.38,2026-09-26,822,N,VIIRS,n,2.0NRT,303.68,1.87,D,2026-09-26T14:47:41.091572+00:00,497.8367386504406,499.78758613461713,466.103631771639,293.51734710892805,308.14076912462957
8.65574,80.34158,332.17,0.44,0.38,2026-09-26,822,N,VIIRS,l,2.0NRT,304.13,1.77,D,2026-09-26T14:47:41.091572+00:00,492.3163068122066,491.82898398446986,454.42889161516274,281.7196064900966,297.5336098496705
8.67783,80.34644,347.28,0.44,0.38,2026-09-26,822,N,VIIRS,n,2.0NRT,303.3,2.44,D,2026-09-26T14:47:41.091572+00:00,489.8689792412104,489.6055034117447,453.44053492361184,280.9540380800599,295.8977384678457
8.69252,80.34837,339.46,0.44,0.38,2026-09-26,822,N,VIIRS,n,2.0NRT,305.41,3.07,D,2026-09-26T14:47:41.091572+00:00,488.23936935221366,488.0897263670907,452.67266371219114,280.3315812813943,294.72947000514324
8.69456,80.65285,338.83,0.45,0.39,2026-09-26,822,N,VIIRS,n,2.0NRT,304.89,15.53,D,2026-09-26T14:47:41.091572+00:00,489.7189644106089,497.9481590034044,480.3107171176371,309.8053075988721,316.0580448368786
8.69605,80.34785,336.23,0.44,0.38,2026-09-26,822,N,VIIRS,n,2.0NRT,303.41,3.5,D,2026-09-26T14:47:41.091572+00:00,487.84592642905005,487.69636880636267,452.4003212642982,280.0890114088934,294.38346238264796
8.69862,80.60626,335.67,0.45,0.39,2026-09-26,822,N,VIIRS,n,2.0NRT,302.21,3.73,D,2026-09-26T14:47:41.091572+00:00,488.86175949610015,495.8478273743691,475.76853412167435,305.0236747258088,312.29488218539854
8.70809,78.06082,348.23,0.38,0.36,2026-09-26,822,N,VIIRS,n,2.0NRT,306.85,9.22,D,2026-09-26T14:47:41.091572+00:00,542.9654367665438,482.36356994480514,283.8240722929056,135.4911018320452,242.06490164957253
8.71679,80.70417,341.23,0.45,0.39,2026-09-26,822,N,VIIRS,n,2.0NRT,304.37,4.12,D,2026-09-26T14:47:41.091572+00:00,487.76755159976227,497.5215150143086,483.73775423946375,313.79290020588115,318.0824024503612
8.72966,80.70682,336.1,0.45,0.39,2026-09-26,822,N,VIIRS,n,2.0NRT,302.94,3.08,D,2026-09-26T14:47:41.091572+00:00,486.37137785961755,496.2774789998284,483.22293620146104,313.44143386875214,317.24444038916647
8.76618,80.78199,340.33,0.46,0.39,2026-09-26,822,N,VIIRS,n,2.0NRT,303.94,14.5,D,2026-09-26T14:47:41.091572+00:00,483.2086914980945,495.39100979601375,488.1300509575902,319.25532333527553,320.11875902979614
8.76678,80.78616,337.53,0.46,0.39,2026-09-26,822,N,VIIRS,n,2.0NRT,303.78,15.19,D,2026-09-26T14:47:41.091572+00:00,483.19520205838916,495.49451980271596,488.4877723580121,319.64684161098705,320.3968018552972
8.76885,80.27734,330.0,0.44,0.38,2026-09-26,822,N,VIIRS,l,2.0NRT,302.52,2.31,D,2026-09-26T14:47:41.091572+00:00,479.67878183672076,477.8363780160842,441.41259014231827,269.38456773519886,283.244536101967
8.76892,80.28036,332.67,0.44,0.38,2026-09-26,822,N,VIIRS,l,2.0NRT,304.11,2.48,D,2026-09-26T14:47:41.091572+00:00,479.67160952765437,477.91522413205325,441.68083546419285,269.67204447443567,283.4397904843117
8.76978,80.78146,345.46,0.46,0.39,2026-09-26,822,N,VIIRS,n,2.0NRT,306.69,14.5,D,2026-09-26T14:47:41.091572+00:00,482.8043510281563,494.996702292332,487.8731879392125,319.0393604272776,319.79523973344465
8.77038,80.78564,339.43,0.46,0.39,2026-09-26,822,N,VIIRS,n,2.0NRT,306.11,15.19,D,2026-09-26T14:47:41.091572+00:00,482.790977556323,495.10069166845796,488.23203492513994,319.4321441223555,320.07434134348415
8.77084,80.21663,332.71,0.43,0.38,2026-09-26,822,N,VIIRS,n,2.0NRT,301.08,2.44,D,2026-09-26T14:47:41.091572+00:00,479.4932781583311,475.9309879667687,435.8203535850417,263.44216979176184,279.06906975982
8.77263,80.54986,338.64,0.45,0.39,2026-09-26,822,N,VIIRS,n,2.0NRT,306.65,7.21,D,2026-09-26T14:47:41.091572+00:00,480.22556366891496,486.0695660559314,466.09472453158753,295.81917494306316,302.028128994862
8.80935,80.50854,333.97,0.45,0.39,2026-09-26,822,N,VIIRS,l,2.0NRT,305.13,2.66,D,2026-09-26T14:47:41.091572+00:00,475.88337332249773,480.769165945364,460.06959722382805,289.9571736409853,295.95772291887886
8.82292,80.20491,337.0,0.43,0.38,2026-09-26,822,N,VIIRS,n,2.0NRT,303.03,2.93,D,2026-09-26T14:47:41.091572+00:00,473.7203462994918,470.00134054776635,431.4461178162743,259.52068626374444,273.6495937850445
8.84194,80.53271,334.28,0.45,0.39,2026-09-26,822,N,VIIRS,n,2.0NRT,303.46,3.67,D,2026-09-26T14:47:41.091572+00:00,472.4172238950167,478.16271852430924,460.3810332169007,290.82547776387787,295.0550460036964
8.84936,80.86556,331.58,0.46,0.39,2026-09-26,822,N,VIIRS,l,2.0NRT,304.15,3.25,D,2026-09-26T14:47:41.091572+00:00,475.1817112783611,490.2259011161304,491.364168280388,324.105785988297,320.3693681421097
8.87714,80.85292,343.01,0.46,0.39,2026-09-26,822,N,VIIRS,n,2.0NRT,306.23,5.87,D,2026-09-26T14:47:41.091572+00:00,471.93378138166685,486.8405246440398,488.63160360166074,321.67456128506063,317.26064077613324
8.88012,80.74567,334.34,0.46,0.39,2026-09-26,822,N,VIIRS,n,2.0NRT,302.8,1.59,D,2026-09-26T14:47:41.091572+00:00,470.17155137231975,482.1361099552835,478.2404130020732,310.61258785310963,308.41602594010783
8.89633,79.94752,337.54,0.42,0.38,2026-09-26,822,N,VIIRS,n,2.0NRT,303.06,3.11,D,2026-09-26T14:47:41.091572+00:00,466.8372200747155,455.7900582874372,403.65547871174147,230.83913774874367,250.7978928381305
8.92074,80.89837,332.33,0.47,0.39,2026-09-26,822,N,VIIRS,l,2.0NRT,303.88,2.6,D,2026-09-26T14:47:41.091572+00:00,467.83006153486303,484.31937642484735,490.6393248162489,324.60918386479585,317.7673037004015
8.92887,80.7769,348.6,0.46,0.39,2026-09-26,822,N,VIIRS,n,2.0NRT,305.6,8.08,D,2026-09-26T14:47:41.091572+00:00,465.17614168576284,478.35769185537856,478.5321552862213,311.8066222913522,307.21526133101526
8.93248,80.77637,335.15,0.46,0.39,2026-09-26,822,N,VIIRS,l,2.0NRT,306.12,2.33,D,2026-09-26T14:47:41.091572+00:00,464.770663105207,477.9635282682384,478.28480974885855,311.6084574354595,306.9011050526943
8.93734,80.52304,339.99,0.45,0.39,2026-09-26,822,N,VIIRS,n,2.0NRT,305.29,6.02,D,2026-09-26T14:47:41.091572+00:00,461.76473374572174,467.77264198341,453.93934820344816,285.58213330887236,286.59871795926796
8.9495,80.8167,339.97,0.46,0.39,2026-09-26,822,N,VIIRS,n,2.0NRT,306.62,2.76,D,2026-09-26T14:47:41.091572+00:00,463.43657915530224,477.88421918829897,481.2365575906537,315.0859218449982,308.92068520177673
8.9501,80.81703,340.52,0.46,0.39,2026-09-26,822,N,VIIRS,n,2.0NRT,307.34,2.51,D,2026-09-26T14:47:41.091572+00:00,463.37504002797823,477.8364293136048,481.2361117213241,315.0967044016716,308.90340355042656
8.95978,80.78133,348.72,0.46,0.39,2026-09-26,822,N,VIIRS,n,2.0NRT,307.79,6.65,D,2026-09-26T14:47:41.091572+00:00,461.82135392201286,475.3531065580523,477.28300927084524,311.0460129050251,305.26371990012814
9.01053,80.87718,336.56,0.47,0.39,2026-09-26,822,N,VIIRS,n,2.0NRT,306.37,3.71,D,2026-09-26T14:47:41.091572+00:00,457.61429122730436,474.2322124929034,483.8648583407128,319.06991957663547,309.5139954159376
9.01655,80.59075,337.56,0.45,0.39,2026-09-26,822,N,VIIRS,n,2.0NRT,303.31,7.77,D,2026-09-26T14:47:41.091572+00:00,453.4817448639784,461.9377962825487,455.9341214950487,289.23010499218105,285.6335539452451
9.04259,80.69253,335.2,0.46,0.39,2026-09-26,822,N,VIIRS,n,2.0NRT,303.32,3.58,D,2026-09-26T14:47:41.091572+00:00,451.5910399712785,463.1851546220882,464.3040794393759,298.7415403546899,291.85503183283834
9.04417,80.69297,336.52,0.46,0.39,2026-09-26,822,N,VIIRS,n,2.0NRT,304.91,2.79,D,2026-09-26T14:47:41.091572+00:00,451.4211520771156,463.0392728603682,464.262649755502,298.7288529925837,291.7736515834814
9.07893,80.32974,340.46,0.44,0.38,2026-09-26,822,N,VIIRS,n,2.0NRT,306.14,9.13,D,2026-09-26T14:47:41.091572+00:00,445.24550360849656,446.272565168785,427.6460478651556,259.98699743461975,260.5715224924125
9.11186,80.3127,332.35,0.44,0.38,2026-09-26,822,N,VIIRS,l,2.0NRT,305.07,1.22,D,2026-09-26T14:47:41.091572+00:00,441.5610347905548,442.22553085787473,424.17973227271665,256.92355647694745,256.6189988978862
9.12074,80.29913,330.14,0.44,0.38,2026-09-26,822,N,VIIRS,l,2.0NRT,304.56,0.88,D,2026-09-26T14:47:41.091572+00:00,440.56076828713844,440.8505913368531,422.3953393056562,255.1805530100424,254.87966048636088
9.2195,80.3095,331.36,0.44,0.38,2026-09-26,822,N,VIIRS,l,2.0NRT,303.84,1.47,D,2026-09-26T14:47:41.091572+00:00,429.58908656317374,430.6785682394786,417.9715156953365,252.58943001171417,247.78046895575883
9.26248,80.82026,333.53,0.47,0.39,2026-09-26,822,N,VIIRS,l,2.0NRT,305.18,3.0,D,2026-09-26T14:47:41.091572+00:00,428.9968503987083,446.0839024300019,465.79171120902714,305.1080237153529,287.2722303153847
9.33925,80.31741,339.36,0.44,0.39,2026-09-26,822,N,VIIRS,n,2.0NRT,304.43,5.66,D,2026-09-26T14:47:41.091572+00:00,416.2838140002633,418.24578462922443,412.48340914747985,249.57143189268626,239.1950560513615
9.34028,78.68941,344.93,0.39,0.36,2026-09-26,822,N,VIIRS,n,2.0NRT,307.78,4.35,D,2026-09-26T14:47:41.091572+00:00,450.4519619490543,400.5841955202718,265.98685695257274,90.16387480315193,161.26579465270427
9.34061,76.8941,331.55,0.39,0.36,2026-09-26,822,N,VIIRS,n,2.0NRT,299.64,3.41,D,2026-09-26T14:47:41.091572+00:00,555.6315947539998,466.60812664478414,186.5061015833401,149.266655051042,255.5094106481149
9.37735,80.71078,345.5,0.46,0.39,2026-09-26,822,N,VIIRS,n,2.0NRT,308.52,6.37,D,2026-09-26T14:47:41.091572+00:00,414.8013588748658,429.54348478413414,449.5437504915577,290.48374232090475,270.0399803451703
9.37794,80.71499,332.25,0.46,0.39,2026-09-26,822,N,VIIRS,n,2.0NRT,298.52,6.37,D,2026-09-26T14:47:41.091572+00:00,414.78955870942724,429.66759304986425,449.9380057591638,290.9210247998732,270.37665657116014
9.38405,80.60314,338.56,0.46,0.39,2026-09-26,822,N,VIIRS,n,2.0NRT,307.7,7.86,D,2026-09-26T14:47:41.091572+00:00,412.86562244453324,424.28351470136727,438.4897211466938,278.7932534419544,260.09661618437224
9.39037,77.61286,337.98,0.38,0.36,2026-09-26,822,N,VIIRS,n,2.0NRT,307.86,2.75,D,2026-09-26T14:47:41.091572+00:00,502.55322260762745,425.68492190936877,194.62045774668064,81.39259644093684,196.27783648433206
9.43486,78.68918,337.44,0.39,0.36,2026-09-26,822,N,VIIRS,n,2.0NRT,305.28,4.32,D,2026-09-26T14:47:41.091572+00:00,440.7540760647622,390.14846869431125,258.6862513192714,82.87258791291347,150.74986357632991
9.44371,78.42935,335.54,0.39,0.36,2026-09-26,822,N,VIIRS,l,2.0NRT,309.33,3.0,D,2026-09-26T14:47:41.091572+00:00,451.706522460713,393.6981918166347,237.89793967346134,63.38516691000837,152.7592380320357
9.47696,78.64985,339.91,0.39,0.36,2026-09-26,822,N,VIIRS,n,2.0NRT,308.04,7.68,D,2026-09-26T14:47:41.091572+00:00,438.1568537106586,386.0646806533693,252.33919250553785,76.54645254398804,146.18232389474744
9.50723,77.60115,343.68,0.38,0.36,2026-09-26,822,N,VIIRS,n,2.0NRT,311.03,2.35,D,2026-09-26T14:47:41.091572+00:00,492.71480083498193,414.24772970996685,182.10302430704112,73.42517121128138,186.95096672875337
9.54364,77.79539,346.46,0.38,0.36,2026-09-26,822,N,VIIRS,n,2.0NRT,311.06,5.38,D,2026-09-26T14:47:41.091572+00:00,477.15683328468725,402.3916952847981,187.80488732579533,55.354611427815634,170.66540282236852
9.64229,79.87717,337.09,0.43,0.38,2026-09-26,822,N,VIIRS,n,2.0NRT,304.98,3.18,D,2026-09-26T14:47:41.091572+00:00,384.95332730327266,373.0189084337133,354.23551685179405,195.1207759636618,181.00456678168516
9.65213,79.8956,335.5,0.43,0.38,2026-09-26,822,N,VIIRS,n,2.0NRT,305.36,1.56,D,2026-09-26T14:47:41.091572+00:00,383.64665690391604,372.39455250985105,355.5825634395842,196.93964174167638,181.67424230546158
9.65562,79.89509,330.43,0.43,0.38,2026-09-26,822,N,VIIRS,l,2.0NRT,304.03,1.56,D,2026-09-26T14:47:41.091572+00:00,383.2667071677677,372.0037629145577,355.3650754294952,196.82394553506387,181.36347782573688
9.66552,79.88963,338.08,0.43,0.38,2026-09-26,822,N,VIIRS,n,2.0NRT,305.13,4.69,D,2026-09-26T14:47:41.091572+00:00,382.23632777100147,370.7975811119645,354.3521460415264,196.06467825506877,180.16735755052454
9.69224,80.07042,338.31,0.44,0.38,2026-09-26,822,N,VIIRS,n,2.0NRT,302.1,2.87,D,2026-09-26T14:47:41.091572+00:00,377.63333930602744,372.8181035902858,371.1543997621116,215.29201996393843,192.99101898801058
9.69627,77.82104,341.06,0.38,0.36,2026-09-26,822,N,VIIRS,l,2.0NRT,314.53,8.06,D,2026-09-26T14:47:41.091572+00:00,461.5970218086138,385.5628261189612,174.69318298825948,41.46763311305235,155.41356627095365
9.7041,77.67243,333.88,0.38,0.36,2026-09-26,822,N,VIIRS,l,2.0NRT,305.39,5.37,D,2026-09-26T14:47:41.091572+00:00,470.45235053928275,391.0634783139928,165.68066307729018,54.83717894910498,165.38123523781312
9.70794,77.67541,343.31,0.38,0.36,2026-09-26,822,N,VIIRS,n,2.0NRT,305.63,5.37,D,2026-09-26T14:47:41.091572+00:00,469.9147994694691,390.5408341129814,165.45919178422275,54.35414666604877,164.84619859560507
9.7139,77.27146,342.21,0.38,0.36,2026-09-26,822,N,VIIRS,n,2.0NRT,306.89,4.06,D,2026-09-26T14:47:41.091572+00:00,497.15509549455743,409.8525113406502,148.93311680731,95.87264294529756,197.292078032572
9.75053,80.22606,340.47,0.44,0.39,2026-09-26,822,N,VIIRS,n,2.0NRT,304.16,4.23,D,2026-09-26T14:47:41.091572+00:00,370.55233333368267,371.6760195865628,384.3881804130159,231.5769238014573,202.6807585521774
9.76754,77.95619,338.82,0.39,0.36,2026-09-26,822,N,VIIRS,l,2.0NRT,310.63,2.19,D,2026-09-26T14:47:41.091572+00:00,446.6577710776659,372.88882247777946,176.82523487147395,25.072445460691764,140.16112975506613
9.80014,78.46754,339.12,0.39,0.36,2026-09-26,822,N,VIIRS,l,2.0NRT,309.9,2.63,D,2026-09-26T14:47:41.091572+00:00,414.53011749430397,354.02277119188705,213.6254048981031,40.55418590506703,113.1382974262192
9.82869,78.27081,336.86,0.39,0.36,2026-09-26,822,N,VIIRS,n,2.0NRT,303.41,1.59,D,2026-09-26T14:47:41.091572+00:00,422.38266552890263,355.96298906444343,195.27908625794203,19.71860139246045,117.00879166859548
9.83428,78.91562,347.16,0.4,0.37,2026-09-26,822,N,VIIRS,n,2.0NRT,309.79,7.99,D,2026-09-26T14:47:41.091572+00:00,390.22089646394625,343.5414901082518,251.44116884876235,87.76304260027504,108.80167486398561
10.00231,78.3959,337.89,0.39,0.36,2026-09-26,822,N,VIIRS,n,2.0NRT,304.13,1.63,D,2026-09-26T14:47:41.091572+00:00,398.7857286198849,333.83561841874183,193.6841766807819,31.430020141417103,93.92476914086501
10.07318,78.54955,334.87,0.39,0.36,2026-09-26,822,N,VIIRS,n,2.0NRT,303.97,0.59,D,2026-09-26T14:47:41.091572+00:00,383.5741034526707,322.47925225205796,203.3779472711604,49.853903495856166,81.54690453785187
10.08131,77.55166,333.71,0.38,0.36,2026-09-26,822,N,VIIRS,l,2.0NRT,307.51,1.36,D,2026-09-26T14:47:41.091572+00:00,446.19006666981045,359.23857984042814,122.73229741415112,64.59015814171377,148.7192620150789
10.10535,77.7984,340.96,0.39,0.36,2026-09-26,822,N,VIIRS,n,2.0NRT,304.09,5.6,D,2026-09-26T14:47:41.091572+00:00,426.7404974513609,344.7243992529883,136.9481605982055,40.49505562492602,125.0034895016854
10.10597,78.95609,336.68,0.4,0.37,2026-09-26,822,N,VIIRS,l,2.0NRT,309.46,2.0,D,2026-09-26T14:47:41.091572+00:00,360.63670768188996,313.10709016822517,240.96866953709784,93.75412271327568,80.92814622873684
10.29494,77.39894,331.92,0.38,0.36,2026-09-26,822,N,VIIRS,n,2.0NRT,302.86,2.92,D,2026-09-26T14:47:41.091572+00:00,440.28532879619974,347.3058279654633,93.74317953210111,88.97904051346521,153.00905575325447
10.30704,78.57528,334.55,0.4,0.37,2026-09-26,822,N,VIIRS,l,2.0NRT,305.3,1.12,D,2026-09-26T14:47:41.091572+00:00,359.62608563344054,296.43696480457265,193.76836891885793,65.48830060252635,55.58874857763251
10.33635,78.41594,331.75,0.39,0.36,2026-09-26,822,N,VIIRS,l,2.0NRT,305.71,1.35,D,2026-09-26T14:47:41.091572+00:00,366.10249244253845,297.3229345846761,176.57997080096987,56.043730065755966,59.552311874559955
10.37486,79.26812,343.2,0.41,0.37,2026-09-26,822,N,VIIRS,n,2.0NRT,310.65,7.06,D,2026-09-26T14:47:41.091572+00:00,320.26888960117896,283.0030805267335,262.53902982473613,135.26866942232286,76.99718158213682
10.435,79.22451,338.54,0.41,0.37,2026-09-26,822,N,VIIRS,n,2.0NRT,305.74,2.91,D,2026-09-26T14:47:41.091572+00:00,315.6674886469545,276.11202567165486,256.16345690206913,133.5333990126675,69.21085289848882
10.46607,79.25027,347.44,0.41,0.37,2026-09-26,822,N,VIIRS,n,2.0NRT,310.6,5.43,D,2026-09-26T14:47:41.091572+00:00,311.4346219843803,272.7769327911599,258.0334735664622,137.56074138817974,69.68786867771684
10.53714,77.34552,339.3,0.38,0.36,2026-09-26,822,N,VIIRS,n,2.0NRT,308.05,3.97,D,2026-09-26T14:47:41.091572+00:00,425.9873378920659,328.39672582375,68.2418079739387,108.66764906650884,151.17185302218346
10.54768,79.61707,341.17,0.43,0.38,2026-09-26,822,N,VIIRS,n,2.0NRT,309.96,4.71,D,2026-09-26T14:47:41.091572+00:00,290.71830549730913,268.63119672281067,295.33673369064803,177.8587948117825,103.28847967658396
10.57782,77.92455,335.73,0.39,0.36,2026-09-26,822,N,VIIRS,l,2.0NRT,308.28,1.73,D,2026-09-26T14:47:41.091572+00:00,377.8420884527423,291.40420658705403,116.52883420799115,75.64749701768675,88.46436703400447
10.63384,78.84853,340.95,0.4,0.37,2026-09-26,822,N,VIIRS,l,2.0NRT,312.25,5.43,D,2026-09-26T14:47:41.091572+00:00,313.20155312888767,255.6952867824003,211.05638068472004,112.0974831342185,23.460464082351947
10.72019,79.00944,336.24,0.41,0.37,2026-09-26,822,N,VIIRS,l,2.0NRT,309.92,3.13,D,2026-09-26T14:47:41.091572+00:00,296.3783245294297,244.58547217263686,226.66986731364307,131.47552261359766,34.19598003914455
10.78774,79.56223,337.32,0.43,0.38,2026-09-26,822,N,VIIRS,l,2.0NRT,307.92,2.89,D,2026-09-26T14:47:41.091572+00:00,266.5718630714735,241.28207573769768,285.72727614702427,184.64028894628962,93.66788522370294
10.83539,78.67876,337.72,0.4,0.37,2026-09-26,822,N,VIIRS,n,2.0NRT,307.13,2.84,D,2026-09-26T14:47:41.091572+00:00,304.0220911165938,236.6168213414354,189.18958201687857,118.24009413972215,5.739547291702999
10.84435,78.01187,336.25,0.39,0.36,2026-09-26,822,N,VIIRS,l,2.0NRT,307.83,1.8,D,2026-09-26T14:47:41.091572+00:00,349.7350370151865,260.686131471024,116.88275400673405,102.88426397334409,75.90673426200786
10.90489,79.74549,343.07,0.43,0.38,2026-09-26,822,N,VIIRS,n,2.0NRT,306.72,4.2,D,2026-09-26T14:47:41.091572+00:00,248.8072860743503,233.41094266443378,304.79350300017177,208.5080137875257,114.37198232578758
10.94313,77.14717,333.49,0.38,0.36,2026-09-26,822,N,VIIRS,l,2.0NRT,306.36,0.62,D,2026-09-26T14:47:41.091572+00:00,414.7172466924698,307.88873004184626,22.43856822113446,155.3204465994615,170.928228164507
10.99091,77.61662,335.84,0.39,0.36,2026-09-26,822,N,VIIRS,l,2.0NRT,308.58,1.84,D,2026-09-26T14:47:41.091572+00:00,370.67260384239626,270.2510483542756,72.18626901732378,130.65181455502017,120.88159850010851
11.0683,79.28805,345.74,0.42,0.38,2026-09-26,822,N,VIIRS,n,2.0NRT,308.27,5.75,D,2026-09-26T14:47:41.091572+00:00,248.16754317314016,206.20565197225477,254.59660270323585,180.19544018998724,70.78465702629958
11.11987,76.91008,331.46,0.38,0.36,2026-09-26,822,N,VIIRS,n,2.0NRT,301.23,2.09,D,2026-09-26T14:47:41.091572+00:00,425.58439021323795,313.57009586402404,12.49976467812904,187.4482026343236,199.30928820361888
11.13725,76.97904,339.08,0.38,0.36,2026-09-26,822,N,VIIRS,l,2.0NRT,309.78,4.62,D,2026-09-26T14:47:41.091572+00:00,418.1532366474522,306.5703904582812,13.631410990420534,183.61895028445534,192.28695850309583
11.19537,78.07644,336.38,0.39,0.36,2026-09-26,822,N,VIIRS,l,2.0NRT,308.74,3.18,D,2026-09-26T14:47:41.091572+00:00,317.7021196533255,223.189162634817,123.87739683058034,141.31596456166866,82.03412911333366
11.23387,78.15085,341.42,0.39,0.36,2026-09-26,822,N,VIIRS,n,2.0NRT,306.23,3.46,D,2026-09-26T14:47:41.091572+00:00,308.79686501155203,215.40362815587716,132.60141043322028,145.5570355627842,78.0056331202987
11.24288,79.49145,338.93,0.43,0.38,2026-09-26,822,N,VIIRS,n,2.0NRT,304.27,3.58,D,2026-09-26T14:47:41.091572+00:00,221.41911170841152,190.14645511208064,277.7873458491112,209.62937646449203,99.51890864893632
11.24491,79.49097,337.15,0.43,0.38,2026-09-26,822,N,VIIRS,n,2.0NRT,304.82,2.4,D,2026-09-26T14:47:41.091572+00:00,221.23043212596832,189.91479378462924,277.75475014671696,209.74935615095154,99.58778701703268
11.55692,79.57756,332.3,0.43,0.38,2026-09-26,822,N,VIIRS,l,2.0NRT,305.57,2.63,D,2026-09-26T14:47:41.091572+00:00,185.6170683184208,158.7257505166058,292.12643606727147,241.41350295442527,127.78522287830627
11.65005,79.12338,349.0,0.42,0.37,2026-09-26,822,N,VIIRS,n,2.0NRT,310.81,6.85,D,2026-09-26T14:47:41.091572+00:00,202.2518582257222,140.82630075699075,246.58930521827799,220.90921481727912,105.9261482064277
11.80806,77.92495,338.09,0.39,0.36,2026-09-26,822,N,VIIRS,n,2.0NRT,305.88,1.88,D,2026-09-26T14:47:41.091572+00:00,291.4793768954108,179.98223707022993,137.4754770358368,210.4428328634518,141.53150064642395
12.12938,79.6552,333.16,0.44,0.38,2026-09-26,822,N,VIIRS,l,2.0NRT,307.02,3.52,D,2026-09-26T14:47:41.091572+00:00,125.2908223981504,104.30552693397182,319.0155346626101,296.89866192804834,181.36506837207483
12.79066,79.92429,338.35,0.46,0.39,2026-09-26,822,N,VIIRS,n,2.0NRT,303.34,3.15,D,2026-09-26T14:47:41.091572+00:00,49.6373702400113,86.96981746486692,378.4346075067501,374.4482286097408,259.00949855330543
12.82633,79.09394,330.51,0.43,0.38,2026-09-26,822,N,VIIRS,l,2.0NRT,304.19,2.44,D,2026-09-26T14:47:41.091572+00:00,130.6667070981959,10.862849723282022,307.5605317238315,339.6157033948682,230.3037126790129
12.82812,78.09982,337.1,0.4,0.37,2026-09-26,822,N,VIIRS,n,2.0NRT,298.22,2.39,D,2026-09-26T14:47:41.091572+00:00,236.94235354118274,112.3734671162223,236.7612600961956,322.7973227009594,235.9431820680379
12.83148,78.0993,331.1,0.4,0.37,2026-09-26,822,N,VIIRS,n,2.0NRT,297.6,2.04,D,2026-09-26T14:47:41.091572+00:00,236.95239272333453,112.3968312198766,237.04906160448814,323.17131597678315,236.31763906866695
12.84197,78.52441,335.22,0.41,0.37,2026-09-26,822,N,VIIRS,n,2.0NRT,303.33,3.85,D,2026-09-26T14:47:41.091572+00:00,191.1138313590688,66.43433876442602,265.15778304186864,327.31451342657016,228.95537353243347
12.89057,79.12044,342.29,0.43,0.38,2026-09-26,822,N,VIIRS,n,2.0NRT,301.97,3.42,D,2026-09-26T14:47:41.091572+00:00,126.44926686274263,3.1657482542503312,314.412246677769,347.30015070078673,237.85932816877343
12.96144,80.15998,332.25,0.47,0.4,2026-09-26,822,N,VIIRS,l,2.0NRT,303.17,1.93,D,2026-09-26T14:47:41.091572+00:00,18.046663010546407,111.46163574251823,410.12995976436764,404.2387945379551,288.69698127766367
12.96205,80.15907,330.19,0.47,0.4,2026-09-26,822,N,VIIRS,l,2.0NRT,302.72,1.93,D,2026-09-26T14:47:41.091572+00:00,18.061890834506155,111.36604527071505,410.0812916945872,404.2407878539637,288.6993140694992
13.39185,80.10226,333.78,0.48,0.4,2026-09-26,822,N,VIIRS,l,2.0NRT,304.6,5.08,D,2026-09-26T14:47:41.091572+00:00,38.91155626277333,117.55574732637974,432.04614151094273,441.79533056688837,326.7339066500479
13.46123,79.84966,336.2,0.46,0.39,2026-09-26,822,N,VIIRS,n,2.0NRT,302.95,2.27,D,2026-09-26T14:47:41.091572+00:00,62.03200150698011,98.47316050661186,415.6349298406925,435.9631249088237,321.9976763984582
13.66248,79.64047,335.82,0.46,0.39,2026-09-26,822,N,VIIRS,l,2.0NRT,306.67,1.99,D,2026-09-26T14:47:41.091572+00:00,93.83194455740171,99.51050586290931,414.2134640545418,447.305025072659,335.14639601306885
13.73615,79.64259,331.93,0.46,0.39,2026-09-26,822,N,VIIRS,l,2.0NRT,306.16,1.37,D,2026-09-26T14:47:41.091572+00:00,99.4741777148498,106.54941666025103,420.2011918412266,455.0009777393804,343.0249744671605
8.04721,81.10938,332.15,0.47,0.39,2026-09-26,820,N,VIIRS,n,2.0NRT,300.33,1.4,D,2026-09-26T18:06:31.947439+00:00,567.3711097615076,582.9645383639098,562.5332545494501,389.1106522805899,403.25719869811485
8.05154,81.19128,335.2,0.47,0.4,2026-09-26,820,N,VIIRS,n,2.0NRT,302.35,1.88,D,2026-09-26T18:06:31.947439+00:00,568.4111887593782,585.8964171416666,569.5465243197958,396.4747188546547,408.829257937432
8.06627,79.83,341.02,0.41,0.37,2026-09-26,820,N,VIIRS,n,2.0NRT,298.2,4.58,D,2026-09-26T18:06:31.947439+00:00,559.8762641609719,544.6826102220434,454.91759926266934,279.2879939821897,327.1001570135513
8.06971,79.82949,344.96,0.41,0.37,2026-09-26,820,N,VIIRS,n,2.0NRT,298.59,4.58,D,2026-09-26T18:06:31.947439+00:00,559.4999497188477,544.296008468338,454.60201235799803,278.9667337242745,326.7246078701991
8.08943,80.14479,345.0,0.42,0.38,2026-09-26,820,N,VIIRS,n,2.0NRT,299.28,7.33,D,2026-09-26T18:06:31.947439+00:00,555.3967069507495,548.0301309840155,477.706673976413,301.86396800542593,339.34393731509306
8.13132,80.4253,332.63,0.44,0.38,2026-09-26,820,N,VIIRS,n,2.0NRT,299.45,2.49,D,2026-09-26T18:06:31.947439+00:00,550.8273817617122,550.5270354639134,497.6224299703941,322.3114201432997,350.7692866962832
8.13188,80.06008,341.63,0.42,0.38,2026-09-26,820,N,VIIRS,n,2.0NRT,300.9,6.16,D,2026-09-26T18:06:31.947439+00:00,550.9868151513407,541.5975455638916,467.6868779117626,291.82352025777845,330.8927706153299
8.15421,80.13925,347.23,0.43,0.38,2026-09-26,820,N,VIIRS,n,2.0NRT,300.48,6.77,D,2026-09-26T18:06:31.947439+00:00,548.2112274492542,540.8515289758161,472.3555724098695,296.5708085057597,332.69098959660374
8.21565,79.84959,331.71,0.42,0.37,2026-09-26,820,N,VIIRS,n,2.0NRT,296.4,2.1,D,2026-09-26T18:06:31.947439+00:00,543.1429938570697,528.5516120240411,444.5708220588241,268.7177098979964,312.62711274684375
8.22925,81.3652,337.48,0.48,0.4,2026-09-26,820,N,VIIRS,n,2.0NRT,301.55,7.68,D,2026-09-26T18:06:31.947439+00:00,552.7649621628103,575.4747796133661,574.1968647273782,403.16151104290446,407.70451426503837
8.24794,80.33587,342.14,0.43,0.38,2026-09-26,820,N,VIIRS,n,2.0NRT,301.54,3.71,D,2026-09-26T18:06:31.947439+00:00,537.6479176430854,535.5147686381168,481.7339459787684,306.5694893273739,334.5487619184449
8.31357,80.19846,330.11,0.43,0.38,2026-09-26,820,N,VIIRS,l,2.0NRT,301.56,1.61,D,2026-09-26T18:06:31.947439+00:00,530.3617607241805,524.9063000864991,465.47762021870966,290.1597405163856,320.4399126697902
8.33309,81.2843,339.57,0.48,0.4,2026-09-26,820,N,VIIRS,n,2.0NRT,300.19,4.9,D,2026-09-26T18:06:31.947439+00:00,539.6114892944805,561.2627231527281,560.461896187762,389.91306479406245,393.2667727331459
8.34889,80.75578,332.59,0.45,0.39,2026-09-26,820,N,VIIRS,l,2.0NRT,302.7,2.59,D,2026-09-26T18:06:31.947439+00:00,529.0352833381363,537.9685161509649,511.3297942712438,338.3221532567674,352.53233896578865
8.44949,80.38377,332.06,0.44,0.38,2026-09-26,820,N,VIIRS,l,2.0NRT,302.32,2.76,D,2026-09-26T18:06:31.947439+00:00,515.3373970685939,515.1722568417233,471.8128827702383,297.79287162963504,318.81063510353033
8.45074,80.51398,345.46,0.44,0.39,2026-09-26,820,N,VIIRS,n,2.0NRT,304.56,4.71,D,2026-09-26T18:06:31.947439+00:00,515.7351915890426,518.9941809351983,483.16795216650553,309.74589282031866,327.14850574701364
8.46126,80.41443,339.22,0.44,0.38,2026-09-26,820,N,VIIRS,n,2.0NRT,303.21,17.82,D,2026-09-26T18:06:31.947439+00:00,514.1203266098277,514.8107436620353,473.7009287260006,299.8911427121123,319.69984003608266
8.46444,80.41406,351.5,0.44,0.38,2026-09-26,820,N,VIIRS,n,2.0NRT,309.77,28.85,D,2026-09-26T18:06:31.947439+00:00,513.765656557754,514.4593009406763,473.4550646808019,299.6643003047583,319.38915124896494
8.46479,80.41391,350.84,0.44,0.38,2026-09-26,820,N,VIIRS,n,2.0NRT,309.67,17.82,D,2026-09-26T18:06:31.947439+00:00,513.7262572412285,514.4173723761853,473.4184276794571,299.62926853959254,319.34793342046316
8.46502,80.41805,335.34,0.44,0.38,2026-09-26,820,N,VIIRS,n,2.0NRT,301.11,28.85,D,2026-09-26T18:06:31.947439+00:00,513.7146562288282,514.5159917532208,473.7662205839743,299.9973504050494,319.59368109381955
8.46539,80.41789,336.21,0.44,0.38,2026-09-26,820,N,VIIRS,n,2.0NRT,302.58,17.82,D,2026-09-26T18:06:31.947439+00:00,513.6729869823579,514.4716199249981,473.7273793515259,299.96020921937367,319.5500280804838
8.48319,80.44394,338.09,0.44,0.38,2026-09-26,820,N,VIIRS,n,2.0NRT,302.07,3.71,D,2026-09-26T18:06:31.947439+00:00,511.7919279581778,513.3534694917822,474.831702137545,301.3054278246272,319.64290076145875
8.48733,80.76205,338.32,0.45,0.39,2026-09-26,820,N,VIIRS,n,2.0NRT,306.28,3.86,D,2026-09-26T18:06:31.947439+00:00,513.7910529499599,523.6795827241984,503.05664429159003,331.16375827394427,341.2434558852433
8.50295,80.25905,333.04,0.43,0.38,2026-09-26,820,N,VIIRS,n,2.0NRT,301.42,3.07,D,2026-09-26T18:06:31.947439+00:00,509.2465542334176,505.95571478172394,457.3263112162129,283.0907639849399,306.15384153146834
8.50597,80.55125,339.53,0.45,0.39,2026-09-26,820,N,VIIRS,n,2.0NRT,302.99,4.41,D,2026-09-26T18:06:31.947439+00:00,509.83037898722273,514.3294730702504,482.86797817956,310.0363755836616,324.8064803643325
8.51433,80.50891,331.68,0.44,0.39,2026-09-26,820,N,VIIRS,l,2.0NRT,304.27,3.3,D,2026-09-26T18:06:31.947439+00:00,508.6450780879074,512.0657602109218,478.54531429695345,305.5646036978892,321.2003575698358
8.54566,80.37782,336.36,0.44,0.38,2026-09-26,820,N,VIIRS,n,2.0NRT,302.02,3.51,D,2026-09-26T18:06:31.947439+00:00,504.631395501924,504.6888985441232,464.8528030540335,291.4533472569778,309.73927769072685
8.59441,80.44006,333.3,0.44,0.38,2026-09-26,820,N,VIIRS,l,2.0NRT,304.19,1.76,D,2026-09-26T18:06:31.947439+00:00,499.41750232512874,501.361667871234,467.20279544431395,294.5079096445236,309.52420779553296
8.59794,80.43954,335.07,0.44,0.38,2026-09-26,820,N,VIIRS,n,2.0NRT,304.18,1.76,D,2026-09-26T18:06:31.947439+00:00,499.02314939866926,500.9690152864435,466.9284463324645,294.26043301175076,309.17898842019906
8.60856,80.43797,337.5,0.44,0.38,2026-09-26,822,N,VIIRS,n,2.0NRT,303.68,1.87,D,2026-09-26T18:06:31.947439+00:00,497.8367386504406,499.78758613461713,466.103631771639,293.51734710892805,308.14076912462957
8.65574,80.34158,332.17,0.44,0.38,2026-09-26,822,N,VIIRS,l,2.0NRT,304.13,1.77,D,2026-09-26T18:06:31.947439+00:00,492.3163068122066,491.82898398446986,454.42889161516274,281.7196064900966,297.5336098496705
8.67783,80.34644,347.28,0.44,0.38,2026-09-26,822,N,VIIRS,n,2.0NRT,303.3,2.44,D,2026-09-26T18:06:31.947439+00:00,489.8689792412104,489.6055034117447,453.44053492361184,280.9540380800599,295.8977384678457
8.69252,80.34837,339.46,0.44,0.38,2026-09-26,822,N,VIIRS,n,2.0NRT,305.41,3.07,D,2026-09-26T18:06:31.947439+00:00,488.23936935221366,488.0897263670907,452.67266371219114,280.3315812813943,294.72947000514324
8.69456,80.65285,338.83,0.45,0.39,2026-09-26,822,N,VIIRS,n,2.0NRT,304.89,15.53,D,2026-09-26T18:06:31.947439+00:00,489.7189644106089,497.9481590034044,480.3107171176371,309.8053075988721,316.0580448368786
8.69605,80.34785,336.23,0.44,0.38,2026-09-26,822,N,VIIRS,n,2.0NRT,303.41,3.5,D,2026-09-26T18:06:31.947439+00:00,487.84592642905005,487.69636880636267,452.4003212642982,280.0890114088934,294.38346238264796
8.69862,80.60626,335.67,0.45,0.39,2026-09-26,822,N,VIIRS,n,2.0NRT,302.21,3.73,D,2026-09-26T18:06:31.947439+00:00,488.86175949610015,495.8478273743691,475.76853412167435,305.0236747258088,312.29488218539854
8.70809,78.06082,348.23,0.38,0.36,2026-09-26,822,N,VIIRS,n,2.0NRT,306.85,9.22,D,2026-09-26T18:06:31.947439+00:00,542.9654367665438,482.36356994480514,283.8240722929056,135.4911018320452,242.06490164957253
8.71679,80.70417,341.23,0.45,0.39,2026-09-26,822,N,VIIRS,n,2.0NRT,304.37,4.12,D,2026-09-26T18:06:31.947439+00:00,487.76755159976227,497.5215150143086,483.73775423946375,313.79290020588115,318.0824024503612
8.72966,80.70682,336.1,0.45,0.39,2026-09-26,822,N,VIIRS,n,2.0NRT,302.94,3.08,D,2026-09-26T18:06:31.947439+00:00,486.37137785961755,496.2774789998284,483.22293620146104,313.44143386875214,317.24444038916647
8.76618,80.78199,340.33,0.46,0.39,2026-09-26,822,N,VIIRS,n,2.0NRT,303.94,14.5,D,2026-09-26T18:06:31.947439+00:00,483.2086914980945,495.39100979601375,488.1300509575902,319.25532333527553,320.11875902979614
8.76678,80.78616,337.53,0.46,0.39,2026-09-26,822,N,VIIRS,n,2.0NRT,303.78,15.19,D,2026-09-26T18:06:31.947439+00:00,483.19520205838916,495.49451980271596,488.4877723580121,319.64684161098705,320.3968018552972
8.76885,80.27734,330.0,0.44,0.38,2026-09-26,822,N,VIIRS,l,2.0NRT,302.52,2.31,D,2026-09-26T18:06:31.947439+00:00,479.67878183672076,477.8363780160842,441.41259014231827,269.38456773519886,283.244536101967
8.76892,80.28036,332.67,0.44,0.38,2026-09-26,822,N,VIIRS,l,2.0NRT,304.11,2.48,D,2026-09-26T18:06:31.947439+00:00,479.67160952765437,477.91522413205325,441.68083546419285,269.67204447443567,283.4397904843117
8.76978,80.78146,345.46,0.46,0.39,2026-09-26,822,N,VIIRS,n,2.0NRT,306.69,14.5,D,2026-09-26T18:06:31.947439+00:00,482.8043510281563,494.996702292332,487.8731879392125,319.0393604272776,319.79523973344465
8.77038,80.78564,339.43,0.46,0.39,2026-09-26,822,N,VIIRS,n,2.0NRT,306.11,15.19,D,2026-09-26T18:06:31.947439+00:00,482.790977556323,495.10069166845796,488.23203492513994,319.4321441223555,320.07434134348415
8.77084,80.21663,332.71,0.43,0.38,2026-09-26,822,N,VIIRS,n,2.0NRT,301.08,2.44,D,2026-09-26T18:06:31.947439+00:00,479.4932781583311,475.9309879667687,435.8203535850417,263.44216979176184,279.06906975982
8.77263,80.54986,338.64,0.45,0.39,2026-09-26,822,N,VIIRS,n,2.0NRT,306.65,7.21,D,2026-09-26T18:06:31.947439+00:00,480.22556366891496,486.0695660559314,466.09472453158753,295.81917494306316,302.028128994862
8.80935,80.50854,333.97,0.45,0.39,2026-09-26,822,N,VIIRS,l,2.0NRT,305.13,2.66,D,2026-09-26T18:06:31.947439+00:00,475.88337332249773,480.769165945364,460.06959722382805,289.9571736409853,295.95772291887886
8.82292,80.20491,337.0,0.43,0.38,2026-09-26,822,N,VIIRS,n,2.0NRT,303.03,2.93,D,2026-09-26T18:06:31.947439+00:00,473.7203462994918,470.00134054776635,431.4461178162743,259.52068626374444,273.6495937850445
8.84194,80.53271,334.28,0.45,0.39,2026-09-26,822,N,VIIRS,n,2.0NRT,303.46,3.67,D,2026-09-26T18:06:31.947439+00:00,472.4172238950167,478.16271852430924,460.3810332169007,290.82547776387787,295.0550460036964
8.84936,80.86556,331.58,0.46,0.39,2026-09-26,822,N,VIIRS,l,2.0NRT,304.15,3.25,D,2026-09-26T18:06:31.947439+00:00,475.1817112783611,490.2259011161304,491.364168280388,324.105785988297,320.3693681421097
8.87714,80.85292,343.01,0.46,0.39,2026-09-26,822,N,VIIRS,n,2.0NRT,306.23,5.87,D,2026-09-26T18:06:31.947439+00:00,471.93378138166685,486.8405246440398,488.63160360166074,321.67456128506063,317.26064077613324
8.88012,80.74567,334.34,0.46,0.39,2026-09-26,822,N,VIIRS,n,2.0NRT,302.8,1.59,D,2026-09-26T18:06:31.947439+00:00,470.17155137231975,482.1361099552835,478.2404130020732,310.61258785310963,308.41602594010783
8.89633,79.94752,337.54,0.42,0.38,2026-09-26,822,N,VIIRS,n,2.0NRT,303.06,3.11,D,2026-09-26T18:06:31.947439+00:00,466.8372200747155,455.7900582874372,403.65547871174147,230.83913774874367,250.7978928381305
8.92074,80.89837,332.33,0.47,0.39,2026-09-26,822,N,VIIRS,l,2.0NRT,303.88,2.6,D,2026-09-26T18:06:31.947439+00:00,467.83006153486303,484.31937642484735,490.6393248162489,324.60918386479585,317.7673037004015
8.92887,80.7769,348.6,0.46,0.39,2026-09-26,822,N,VIIRS,n,2.0NRT,305.6,8.08,D,2026-09-26T18:06:31.947439+00:00,465.17614168576284,478.35769185537856,478.5321552862213,311.8066222913522,307.21526133101526
8.93248,80.77637,335.15,0.46,0.39,2026-09-26,822,N,VIIRS,l,2.0NRT,306.12,2.33,D,2026-09-26T18:06:31.947439+00:00,464.770663105207,477.9635282682384,478.28480974885855,311.6084574354595,306.9011050526943
8.93734,80.52304,339.99,0.45,0.39,2026-09-26,822,N,VIIRS,n,2.0NRT,305.29,6.02,D,2026-09-26T18:06:31.947439+00:00,461.76473374572174,467.77264198341,453.93934820344816,285.58213330887236,286.59871795926796
8.9495,80.8167,339.97,0.46,0.39,2026-09-26,822,N,VIIRS,n,2.0NRT,306.62,2.76,D,2026-09-26T18:06:31.947439+00:00,463.43657915530224,477.88421918829897,481.2365575906537,315.0859218449982,308.92068520177673
8.9501,80.81703,340.52,0.46,0.39,2026-09-26,822,N,VIIRS,n,2.0NRT,307.34,2.51,D,2026-09-26T18:06:31.947439+00:00,463.37504002797823,477.8364293136048,481.2361117213241,315.0967044016716,308.90340355042656
8.95978,80.78133,348.72,0.46,0.39,2026-09-26,822,N,VIIRS,n,2.0NRT,307.79,6.65,D,2026-09-26T18:06:31.947439+00:00,461.82135392201286,475.3531065580523,477.28300927084524,311.0460129050251,305.26371990012814
9.01053,80.87718,336.56,0.47,0.39,2026-09-26,822,N,VIIRS,n,2.0NRT,306.37,3.71,D,2026-09-26T18:06:31.947439+00:00,457.61429122730436,474.2322124929034,483.8648583407128,319.06991957663547,309.5139954159376
9.01655,80.59075,337.56,0.45,0.39,2026-09-26,822,N,VIIRS,n,2.0NRT,303.31,7.77,D,2026-09-26T18:06:31.947439+00:00,453.4817448639784,461.9377962825487,455.9341214950487,289.23010499218105,285.6335539452451
9.04259,80.69253,335.2,0.46,0.39,2026-09-26,822,N,VIIRS,n,2.0NRT,303.32,3.58,D,2026-09-26T18:06:31.947439+00:00,451.5910399712785,463.1851546220882,464.3040794393759,298.7415403546899,291.85503183283834
9.04417,80.69297,336.52,0.46,0.39,2026-09-26,822,N,VIIRS,n,2.0NRT,304.91,2.79,D,2026-09-26T18:06:31.947439+00:00,451.4211520771156,463.0392728603682,464.262649755502,298.7288529925837,291.7736515834814
9.07893,80.32974,340.46,0.44,0.38,2026-09-26,822,N,VIIRS,n,2.0NRT,306.14,9.13,D,2026-09-26T18:06:31.947439+00:00,445.24550360849656,446.272565168785,427.6460478651556,259.98699743461975,260.5715224924125
9.11186,80.3127,332.35,0.44,0.38,2026-09-26,822,N,VIIRS,l,2.0NRT,305.07,1.22,D,2026-09-26T18:06:31.947439+00:00,441.5610347905548,442.22553085787473,424.17973227271665,256.92355647694745,256.6189988978862
9.12074,80.29913,330.14,0.44,0.38,2026-09-26,822,N,VIIRS,l,2.0NRT,304.56,0.88,D,2026-09-26T18:06:31.947439+00:00,440.56076828713844,440.8505913368531,422.3953393056562,255.1805530100424,254.87966048636088
9.2195,80.3095,331.36,0.44,0.38,2026-09-26,822,N,VIIRS,l,2.0NRT,303.84,1.47,D,2026-09-26T18:06:31.947439+00:00,429.58908656317374,430.6785682394786,417.9715156953365,252.58943001171417,247.78046895575883
9.26248,80.82026,333.53,0.47,0.39,2026-09-26,822,N,VIIRS,l,2.0NRT,305.18,3.0,D,2026-09-26T18:06:31.947439+00:00,428.9968503987083,446.0839024300019,465.79171120902714,305.1080237153529,287.2722303153847
9.33925,80.31741,339.36,0.44,0.39,2026-09-26,822,N,VIIRS,n,2.0NRT,304.43,5.66,D,2026-09-26T18:06:31.947439+00:00,416.2838140002633,418.24578462922443,412.48340914747985,249.57143189268626,239.1950560513615
9.34028,78.68941,344.93,0.39,0.36,2026-09-26,822,N,VIIRS,n,2.0NRT,307.78,4.35,D,2026-09-26T18:06:31.947439+00:00,450.4519619490543,400.5841955202718,265.98685695257274,90.16387480315193,161.26579465270427
9.34061,76.8941,331.55,0.39,0.36,2026-09-26,822,N,VIIRS,n,2.0NRT,299.64,3.41,D,2026-09-26T18:06:31.947439+00:00,555.6315947539998,466.60812664478414,186.5061015833401,149.266655051042,255.5094106481149
9.37735,80.71078,345.5,0.46,0.39,2026-09-26,822,N,VIIRS,n,2.0NRT,308.52,6.37,D,2026-09-26T18:06:31.947439+00:00,414.8013588748658,429.54348478413414,449.5437504915577,290.48374232090475,270.0399803451703
9.37794,80.71499,332.25,0.46,0.39,2026-09-26,822,N,VIIRS,n,2.0NRT,298.52,6.37,D,2026-09-26T18:06:31.947439+00:00,414.78955870942724,429.66759304986425,449.9380057591638,290.9210247998732,270.37665657116014
9.38405,80.60314,338.56,0.46,0.39,2026-09-26,822,N,VIIRS,n,2.0NRT,307.7,7.86,D,2026-09-26T18:06:31.947439+00:00,412.86562244453324,424.28351470136727,438.4897211466938,278.7932534419544,260.09661618437224
9.39037,77.61286,337.98,0.38,0.36,2026-09-26,822,N,VIIRS,n,2.0NRT,307.86,2.75,D,2026-09-26T18:06:31.947439+00:00,502.55322260762745,425.68492190936877,194.62045774668064,81.39259644093684,196.27783648433206
9.43486,78.68918,337.44,0.39,0.36,2026-09-26,822,N,VIIRS,n,2.0NRT,305.28,4.32,D,2026-09-26T18:06:31.947439+00:00,440.7540760647622,390.14846869431125,258.6862513192714,82.87258791291347,150.74986357632991
9.44371,78.42935,335.54,0.39,0.36,2026-09-26,822,N,VIIRS,l,2.0NRT,309.33,3.0,D,2026-09-26T18:06:31.947439+00:00,451.706522460713,393.6981918166347,237.89793967346134,63.38516691000837,152.7592380320357
9.47696,78.64985,339.91,0.39,0.36,2026-09-26,822,N,VIIRS,n,2.0NRT,308.04,7.68,D,2026-09-26T18:06:31.947439+00:00,438.1568537106586,386.0646806533693,252.33919250553785,76.54645254398804,146.18232389474744
9.50723,77.60115,343.68,0.38,0.36,2026-09-26,822,N,VIIRS,n,2.0NRT,311.03,2.35,D,2026-09-26T18:06:31.947439+00:00,492.71480083498193,414.24772970996685,182.10302430704112,73.42517121128138,186.95096672875337
9.54364,77.79539,346.46,0.38,0.36,2026-09-26,822,N,VIIRS,n,2.0NRT,311.06,5.38,D,2026-09-26T18:06:31.947439+00:00,477.15683328468725,402.3916952847981,187.80488732579533,55.354611427815634,170.66540282236852
9.64229,79.87717,337.09,0.43,0.38,2026-09-26,822,N,VIIRS,n,2.0NRT,304.98,3.18,D,2026-09-26T18:06:31.947439+00:00,384.95332730327266,373.0189084337133,354.23551685179405,195.1207759636618,181.00456678168516
9.65213,79.8956,335.5,0.43,0.38,2026-09-26,822,N,VIIRS,n,2.0NRT,305.36,1.56,D,2026-09-26T18:06:31.947439+00:00,383.64665690391604,372.39455250985105,355.5825634395842,196.93964174167638,181.67424230546158
9.65562,79.89509,330.43,0.43,0.38,2026-09-26,822,N,VIIRS,l,2.0NRT,304.03,1.56,D,2026-09-26T18:06:31.947439+00:00,383.2667071677677,372.0037629145577,355.3650754294952,196.82394553506387,181.36347782573688
9.66552,79.88963,338.08,0.43,0.38,2026-09-26,822,N,VIIRS,n,2.0NRT,305.13,4.69,D,2026-09-26T18:06:31.947439+00:00,382.23632777100147,370.7975811119645,354.3521460415264,196.06467825506877,180.16735755052454
9.69224,80.07042,338.31,0.44,0.38,2026-09-26,822,N,VIIRS,n,2.0NRT,302.1,2.87,D,2026-09-26T18:06:31.947439+00:00,377.63333930602744,372.8181035902858,371.1543997621116,215.29201996393843,192.99101898801058
9.69627,77.82104,341.06,0.38,0.36,2026-09-26,822,N,VIIRS,l,2.0NRT,314.53,8.06,D,2026-09-26T18:06:31.947439+00:00,461.5970218086138,385.5628261189612,174.69318298825948,41.46763311305235,155.41356627095365
9.7041,77.67243,333.88,0.38,0.36,2026-09-26,822,N,VIIRS,l,2.0NRT,305.39,5.37,D,2026-09-26T18:06:31.947439+00:00,470.45235053928275,391.0634783139928,165.68066307729018,54.83717894910498,165.38123523781312
9.70794,77.67541,343.31,0.38,0.36,2026-09-26,822,N,VIIRS,n,2.0NRT,305.63,5.37,D,2026-09-26T18:06:31.947439+00:00,469.9147994694691,390.5408341129814,165.45919178422275,54.35414666604877,164.84619859560507
9.7139,77.27146,342.21,0.38,0.36,2026-09-26,822,N,VIIRS,n,2.0NRT,306.89,4.06,D,2026-09-26T18:06:31.947439+00:00,497.15509549455743,409.8525113406502,148.93311680731,95.87264294529756,197.292078032572
9.75053,80.22606,340.47,0.44,0.39,2026-09-26,822,N,VIIRS,n,2.0NRT,304.16,4.23,D,2026-09-26T18:06:31.947439+00:00,370.55233333368267,371.6760195865628,384.3881804130159,231.5769238014573,202.6807585521774
9.76754,77.95619,338.82,0.39,0.36,2026-09-26,822,N,VIIRS,l,2.0NRT,310.63,2.19,D,2026-09-26T18:06:31.947439+00:00,446.6577710776659,372.88882247777946,176.82523487147395,25.072445460691764,140.16112975506613
9.80014,78.46754,339.12,0.39,0.36,2026-09-26,822,N,VIIRS,l,2.0NRT,309.9,2.63,D,2026-09-26T18:06:31.947439+00:00,414.53011749430397,354.02277119188705,213.6254048981031,40.55418590506703,113.1382974262192
9.82869,78.27081,336.86,0.39,0.36,2026-09-26,822,N,VIIRS,n,2.0NRT,303.41,1.59,D,2026-09-26T18:06:31.947439+00:00,422.38266552890263,355.96298906444343,195.27908625794203,19.71860139246045,117.00879166859548
9.83428,78.91562,347.16,0.4,0.37,2026-09-26,822,N,VIIRS,n,2.0NRT,309.79,7.99,D,2026-09-26T18:06:31.947439+00:00,390.22089646394625,343.5414901082518,251.44116884876235,87.76304260027504,108.80167486398561
10.00231,78.3959,337.89,0.39,0.36,2026-09-26,822,N,VIIRS,n,2.0NRT,304.13,1.63,D,2026-09-26T18:06:31.947439+00:00,398.7857286198849,333.83561841874183,193.6841766807819,31.430020141417103,93.92476914086501
10.07318,78.54955,334.87,0.39,0.36,2026-09-26,822,N,VIIRS,n,2.0NRT,303.97,0.59,D,2026-09-26T18:06:31.947439+00:00,383.5741034526707,322.47925225205796,203.3779472711604,49.853903495856166,81.54690453785187
10.08131,77.55166,333.71,0.38,0.36,2026-09-26,822,N,VIIRS,l,2.0NRT,307.51,1.36,D,2026-09-26T18:06:31.947439+00:00,446.19006666981045,359.23857984042814,122.73229741415112,64.59015814171377,148.7192620150789
10.10535,77.7984,340.96,0.39,0.36,2026-09-26,822,N,VIIRS,n,2.0NRT,304.09,5.6,D,2026-09-26T18:06:31.947439+00:00,426.7404974513609,344.7243992529883,136.9481605982055,40.49505562492602,125.0034895016854
10.10597,78.95609,336.68,0.4,0.37,2026-09-26,822,N,VIIRS,l,2.0NRT,309.46,2.0,D,2026-09-26T18:06:31.947439+00:00,360.63670768188996,313.10709016822517,240.96866953709784,93.75412271327568,80.92814622873684
10.29494,77.39894,331.92,0.38,0.36,2026-09-26,822,N,VIIRS,n,2.0NRT,302.86,2.92,D,2026-09-26T18:06:31.947439+00:00,440.28532879619974,347.3058279654633,93.74317953210111,88.97904051346521,153.00905575325447
10.30704,78.57528,334.55,0.4,0.37,2026-09-26,822,N,VIIRS,l,2.0NRT,305.3,1.12,D,2026-09-26T18:06:31.947439+00:00,359.62608563344054,296.43696480457265,193.76836891885793,65.48830060252635,55.58874857763251
10.33635,78.41594,331.75,0.39,0.36,2026-09-26,822,N,VIIRS,l,2.0NRT,305.71,1.35,D,2026-09-26T18:06:31.947439+00:00,366.10249244253845,297.3229345846761,176.57997080096987,56.043730065755966,59.552311874559955
10.37486,79.26812,343.2,0.41,0.37,2026-09-26,822,N,VIIRS,n,2.0NRT,310.65,7.06,D,2026-09-26T18:06:31.947439+00:00,320.26888960117896,283.0030805267335,262.53902982473613,135.26866942232286,76.99718158213682
10.435,79.22451,338.54,0.41,0.37,2026-09-26,822,N,VIIRS,n,2.0NRT,305.74,2.91,D,2026-09-26T18:06:31.947439+00:00,315.6674886469545,276.11202567165486,256.16345690206913,133.5333990126675,69.21085289848882
10.46607,79.25027,347.44,0.41,0.37,2026-09-26,822,N,VIIRS,n,2.0NRT,310.6,5.43,D,2026-09-26T18:06:31.947439+00:00,311.4346219843803,272.7769327911599,258.0334735664622,137.56074138817974,69.68786867771684
10.53714,77.34552,339.3,0.38,0.36,2026-09-26,822,N,VIIRS,n,2.0NRT,308.05,3.97,D,2026-09-26T18:06:31.947439+00:00,425.9873378920659,328.39672582375,68.2418079739387,108.66764906650884,151.17185302218346
10.54768,79.61707,341.17,0.43,0.38,2026-09-26,822,N,VIIRS,n,2.0NRT,309.96,4.71,D,2026-09-26T18:06:31.947439+00:00,290.71830549730913,268.63119672281067,295.33673369064803,177.8587948117825,103.28847967658396
10.57782,77.92455,335.73,0.39,0.36,2026-09-26,822,N,VIIRS,l,2.0NRT,308.28,1.73,D,2026-09-26T18:06:31.947439+00:00,377.8420884527423,291.40420658705403,116.52883420799115,75.64749701768675,88.46436703400447
10.63384,78.84853,340.95,0.4,0.37,2026-09-26,822,N,VIIRS,l,2.0NRT,312.25,5.43,D,2026-09-26T18:06:31.947439+00:00,313.20155312888767,255.6952867824003,211.05638068472004,112.0974831342185,23.460464082351947
10.72019,79.00944,336.24,0.41,0.37,2026-09-26,822,N,VIIRS,l,2.0NRT,309.92,3.13,D,2026-09-26T18:06:31.947439+00:00,296.3783245294297,244.58547217263686,226.66986731364307,131.47552261359766,34.19598003914455
10.78774,79.56223,337.32,0.43,0.38,2026-09-26,822,N,VIIRS,l,2.0NRT,307.92,2.89,D,2026-09-26T18:06:31.947439+00:00,266.5718630714735,241.28207573769768,285.72727614702427,184.64028894628962,93.66788522370294
10.83539,78.67876,337.72,0.4,0.37,2026-09-26,822,N,VIIRS,n,2.0NRT,307.13,2.84,D,2026-09-26T18:06:31.947439+00:00,304.0220911165938,236.6168213414354,189.18958201687857,118.24009413972215,5.739547291702999
10.84435,78.01187,336.25,0.39,0.36,2026-09-26,822,N,VIIRS,l,2.0NRT,307.83,1.8,D,2026-09-26T18:06:31.947439+00:00,349.7350370151865,260.686131471024,116.88275400673405,102.88426397334409,75.90673426200786
10.90489,79.74549,343.07,0.43,0.38,2026-09-26,822,N,VIIRS,n,2.0NRT,306.72,4.2,D,2026-09-26T18:06:31.947439+00:00,248.8072860743503,233.41094266443378,304.79350300017177,208.5080137875257,114.37198232578758
10.94313,77.14717,333.49,0.38,0.36,2026-09-26,822,N,VIIRS,l,2.0NRT,306.36,0.62,D,2026-09-26T18:06:31.947439+00:00,414.7172466924698,307.88873004184626,22.43856822113446,155.3204465994615,170.928228164507
10.99091,77.61662,335.84,0.39,0.36,2026-09-26,822,N,VIIRS,l,2.0NRT,308.58,1.84,D,2026-09-26T18:06:31.947439+00:00,370.67260384239626,270.2510483542756,72.18626901732378,130.65181455502017,120.88159850010851
11.0683,79.28805,345.74,0.42,0.38,2026-09-26,822,N,VIIRS,n,2.0NRT,308.27,5.75,D,2026-09-26T18:06:31.947439+00:00,248.16754317314016,206.20565197225477,254.59660270323585,180.19544018998724,70.78465702629958
11.11987,76.91008,331.46,0.38,0.36,2026-09-26,822,N,VIIRS,n,2.0NRT,301.23,2.09,D,2026-09-26T18:06:31.947439+00:00,425.58439021323795,313.57009586402404,12.49976467812904,187.4482026343236,199.30928820361888
11.13725,76.97904,339.08,0.38,0.36,2026-09-26,822,N,VIIRS,l,2.0NRT,309.78,4.62,D,2026-09-26T18:06:31.947439+00:00,418.1532366474522,306.5703904582812,13.631410990420534,183.61895028445534,192.28695850309583
11.19537,78.07644,336.38,0.39,0.36,2026-09-26,822,N,VIIRS,l,2.0NRT,308.74,3.18,D,2026-09-26T18:06:31.947439+00:00,317.7021196533255,223.189162634817,123.87739683058034,141.31596456166866,82.03412911333366
11.23387,78.15085,341.42,0.39,0.36,2026-09-26,822,N,VIIRS,n,2.0NRT,306.23,3.46,D,2026-09-26T18:06:31.947439+00:00,308.79686501155203,215.40362815587716,132.60141043322028,145.5570355627842,78.0056331202987
11.24288,79.49145,338.93,0.43,0.38,2026-09-26,822,N,VIIRS,n,2.0NRT,304.27,3.58,D,2026-09-26T18:06:31.947439+00:00,221.41911170841152,190.14645511208064,277.7873458491112,209.62937646449203,99.51890864893632
11.24491,79.49097,337.15,0.43,0.38,2026-09-26,822,N,VIIRS,n,2.0NRT,304.82,2.4,D,2026-09-26T18:06:31.947439+00:00,221.23043212596832,189.91479378462924,277.75475014671696,209.74935615095154,99.58778701703268
11.55692,79.57756,332.3,0.43,0.38,2026-09-26,822,N,VIIRS,l,2.0NRT,305.57,2.63,D,2026-09-26T18:06:31.947439+00:00,185.6170683184208,158.7257505166058,292.12643606727147,241.41350295442527,127.78522287830627
11.65005,79.12338,349.0,0.42,0.37,2026-09-26,822,N,VIIRS,n,2.0NRT,310.81,6.85,D,2026-09-26T18:06:31.947439+00:00,202.2518582257222,140.82630075699075,246.58930521827799,220.90921481727912,105.9261482064277
11.80806,77.92495,338.09,0.39,0.36,2026-09-26,822,N,VIIRS,n,2.0NRT,305.88,1.88,D,2026-09-26T18:06:31.947439+00:00,291.4793768954108,179.98223707022993,137.4754770358368,210.4428328634518,141.53150064642395
12.12938,79.6552,333.16,0.44,0.38,2026-09-26,822,N,VIIRS,l,2.0NRT,307.02,3.52,D,2026-09-26T18:06:31.947439+00:00,125.2908223981504,104.30552693397182,319.0155346626101,296.89866192804834,181.36506837207483
12.79066,79.92429,338.35,0.46,0.39,2026-09-26,822,N,VIIRS,n,2.0NRT,303.34,3.15,D,2026-09-26T18:06:31.947439+00:00,49.6373702400113,86.96981746486692,378.4346075067501,374.4482286097408,259.00949855330543
12.82633,79.09394,330.51,0.43,0.38,2026-09-26,822,N,VIIRS,l,2.0NRT,304.19,2.44,D,2026-09-26T18:06:31.947439+00:00,130.6667070981959,10.862849723282022,307.5605317238315,339.6157033948682,230.3037126790129
12.82812,78.09982,337.1,0.4,0.37,2026-09-26,822,N,VIIRS,n,2.0NRT,298.22,2.39,D,2026-09-26T18:06:31.947439+00:00,236.94235354118274,112.3734671162223,236.7612600961956,322.7973227009594,235.9431820680379
12.83148,78.0993,331.1,0.4,0.37,2026-09-26,822,N,VIIRS,n,2.0NRT,297.6,2.04,D,2026-09-26T18:06:31.947439+00:00,236.95239272333453,112.3968312198766,237.04906160448814,323.17131597678315,236.31763906866695
12.84197,78.52441,335.22,0.41,0.37,2026-09-26,822,N,VIIRS,n,2.0NRT,303.33,3.85,D,2026-09-26T18:06:31.947439+00:00,191.1138313590688,66.43433876442602,265.15778304186864,327.31451342657016,228.95537353243347
12.89057,79.12044,342.29,0.43,0.38,2026-09-26,822,N,VIIRS,n,2.0NRT,301.97,3.42,D,2026-09-26T18:06:31.947439+00:00,126.44926686274263,3.1657482542503312,314.412246677769,347.30015070078673,237.85932816877343
12.96144,80.15998,332.25,0.47,0.4,2026-09-26,822,N,VIIRS,l,2.0NRT,303.17,1.93,D,2026-09-26T18:06:31.947439+00:00,18.046663010546407,111.46163574251823,410.12995976436764,404.2387945379551,288.69698127766367
12.96205,80.15907,330.19,0.47,0.4,2026-09-26,822,N,VIIRS,l,2.0NRT,302.72,1.93,D,2026-09-26T18:06:31.947439+00:00,18.061890834506155,111.36604527071505,410.0812916945872,404.2407878539637,288.6993140694992
13.39185,80.10226,333.78,0.48,0.4,2026-09-26,822,N,VIIRS,l,2.0NRT,304.6,5.08,D,2026-09-26T18:06:31.947439+00:00,38.91155626277333,117.55574732637974,432.04614151094273,441.79533056688837,326.7339066500479
13.46123,79.84966,336.2,0.46,0.39,2026-09-26,822,N,VIIRS,n,2.0NRT,302.95,2.27,D,2026-09-26T18:06:31.947439+00:00,62.03200150698011,98.47316050661186,415.6349298406925,435.9631249088237,321.9976763984582
13.66248,79.64047,335.82,0.46,0.39,2026-09-26,822,N,VIIRS,l,2.0NRT,306.67,1.99,D,2026-09-26T18:06:31.947439+00:00,93.83194455740171,99.51050586290931,414.2134640545418,447.305025072659,335.14639601306885
13.73615,79.64259,331.93,0.46,0.39,2026-09-26,822,N,VIIRS,l,2.0NRT,306.16,1.37,D,2026-09-26T18:06:31.947439+00:00,99.4741777148498,106.54941666025103,420.2011918412266,455.0009777393804,343.0249744671605
8.04721,81.10938,332.15,0.47,0.39,2026-09-26,820,N,VIIRS,n,2.0NRT,300.33,1.4,D,2026-09-26T21:40:01.875500+00:00,567.3711097615076,582.9645383639098,562.5332545494501,389.1106522805899,403.25719869811485
8.05154,81.19128,335.2,0.47,0.4,2026-09-26,820,N,VIIRS,n,2.0NRT,302.35,1.88,D,2026-09-26T21:40:01.875500+00:00,568.4111887593782,585.8964171416666,569.5465243197958,396.4747188546547,408.829257937432
8.06627,79.83,341.02,0.41,0.37,2026-09-26,820,N,VIIRS,n,2.0NRT,298.2,4.58,D,2026-09-26T21:40:01.875500+00:00,559.8762641609719,544.6826102220434,454.91759926266934,279.2879939821897,327.1001570135513
8.06971,79.82949,344.96,0.41,0.37,2026-09-26,820,N,VIIRS,n,2.0NRT,298.59,4.58,D,2026-09-26T21:40:01.875500+00:00,559.4999497188477,544.296008468338,454.60201235799803,278.9667337242745,326.7246078701991
8.08943,80.14479,345.0,0.42,0.38,2026-09-26,820,N,VIIRS,n,2.0NRT,299.28,7.33,D,2026-09-26T21:40:01.875500+00:00,555.3967069507495,548.0301309840156,477.706673976413,301.86396800542593,339.34393731509306
8.13132,80.4253,332.63,0.44,0.38,2026-09-26,820,N,VIIRS,n,2.0NRT,299.45,2.49,D,2026-09-26T21:40:01.875500+00:00,550.8273817617122,550.5270354639134,497.6224299703941,322.3114201432997,350.7692866962832
8.13188,80.06008,341.63,0.42,0.38,2026-09-26,820,N,VIIRS,n,2.0NRT,300.9,6.16,D,2026-09-26T21:40:01.875500+00:00,550.9868151513408,541.5975455638916,467.6868779117626,291.8235202577785,330.8927706153299
8.15421,80.13925,347.23,0.43,0.38,2026-09-26,820,N,VIIRS,n,2.0NRT,300.48,6.77,D,2026-09-26T21:40:01.875500+00:00,548.2112274492542,540.8515289758161,472.3555724098695,296.5708085057597,332.69098959660374
8.21565,79.84959,331.71,0.42,0.37,2026-09-26,820,N,VIIRS,n,2.0NRT,296.4,2.1,D,2026-09-26T21:40:01.875500+00:00,543.1429938570697,528.5516120240411,444.5708220588241,268.7177098979964,312.62711274684375
8.22925,81.3652,337.48,0.48,0.4,2026-09-26,820,N,VIIRS,n,2.0NRT,301.55,7.68,D,2026-09-26T21:40:01.875500+00:00,552.7649621628104,575.4747796133662,574.1968647273782,403.16151104290446,407.70451426503837
8.24794,80.33587,342.14,0.43,0.38,2026-09-26,820,N,VIIRS,n,2.0NRT,301.54,3.71,D,2026-09-26T21:40:01.875500+00:00,537.6479176430854,535.5147686381168,481.7339459787684,306.5694893273739,334.54876191844494
8.31357,80.19846,330.11,0.43,0.38,2026-09-26,820,N,VIIRS,l,2.0NRT,301.56,1.61,D,2026-09-26T21:40:01.875500+00:00,530.3617607241806,524.9063000864992,465.47762021870966,290.1597405163856,320.4399126697902
8.33309,81.2843,339.57,0.48,0.4,2026-09-26,820,N,VIIRS,n,2.0NRT,300.19,4.9,D,2026-09-26T21:40:01.875500+00:00,539.6114892944805,561.2627231527281,560.461896187762,389.91306479406245,393.2667727331459
8.34889,80.75578,332.59,0.45,0.39,2026-09-26,820,N,VIIRS,l,2.0NRT,302.7,2.59,D,2026-09-26T21:40:01.875500+00:00,529.0352833381363,537.9685161509649,511.32979427124394,338.3221532567674,352.53233896578865
8.44949,80.38377,332.06,0.44,0.38,2026-09-26,820,N,VIIRS,l,2.0NRT,302.32,2.76,D,2026-09-26T21:40:01.875500+00:00,515.3373970685939,515.1722568417233,471.8128827702383,297.79287162963504,318.81063510353033
8.45074,80.51398,345.46,0.44,0.39,2026-09-26,820,N,VIIRS,n,2.0NRT,304.56,4.71,D,2026-09-26T21:40:01.875500+00:00,515.7351915890428,518.9941809351984,483.16795216650553,309.74589282031866,327.14850574701364
8.46126,80.41443,339.22,0.44,0.38,2026-09-26,820,N,VIIRS,n,2.0NRT,303.21,17.82,D,2026-09-26T21:40:01.875500+00:00,514.1203266098278,514.8107436620353,473.7009287260006,299.8911427121123,319.69984003608266
8.46444,80.41406,351.5,0.44,0.38,2026-09-26,820,N,VIIRS,n,2.0NRT,309.77,28.85,D,2026-09-26T21:40:01.875500+00:00,513.765656557754,514.4593009406763,473.4550646808019,299.6643003047583,319.38915124896494
8.46479,80.41391,350.84,0.44,0.38,2026-09-26,820,N,VIIRS,n,2.0NRT,309.67,17.82,D,2026-09-26T21:40:01.875500+00:00,513.7262572412285,514.4173723761853,473.4184276794571,299.62926853959254,319.34793342046316
8.46502,80.41805,335.34,0.44,0.38,2026-09-26,820,N,VIIRS,n,2.0NRT,301.11,28.85,D,2026-09-26T21:40:01.875500+00:00,513.7146562288282,514.5159917532208,473.7662205839743,299.9973504050494,319.59368109381955
8.46539,80.41789,336.21,0.44,0.38,2026-09-26,820,N,VIIRS,n,2.0NRT,302.58,17.82,D,2026-09-26T21:40:01.875500+00:00,513.672986982358,514.4716199249981,473.72737935152594,299.96020921937367,319.5500280804838
8.48319,80.44394,338.09,0.44,0.38,2026-09-26,820,N,VIIRS,n,2.0NRT,302.07,3.71,D,2026-09-26T21:40:01.875500+00:00,511.7919279581778,513.3534694917822,474.831702137545,301.3054278246272,319.64290076145875
8.48733,80.76205,338.32,0.45,0.39,2026-09-26,820,N,VIIRS,n,2.0NRT,306.28,3.86,D,2026-09-26T21:40:01.875500+00:00,513.7910529499599,523.6795827241984,503.05664429159003,331.16375827394427,341.2434558852433
8.50295,80.25905,333.04,0.43,0.38,2026-09-26,820,N,VIIRS,n,2.0NRT,301.42,3.07,D,2026-09-26T21:40:01.875500+00:00,509.2465542334176,505.95571478172394,457.3263112162129,283.0907639849399,306.1538415314684
8.50597,80.55125,339.53,0.45,0.39,2026-09-26,820,N,VIIRS,n,2.0NRT,302.99,4.41,D,2026-09-26T21:40:01.875500+00:00,509.83037898722273,514.3294730702505,482.86797817956,310.0363755836616,324.8064803643325
8.51433,80.50891,331.68,0.44,0.39,2026-09-26,820,N,VIIRS,l,2.0NRT,304.27,3.3,D,2026-09-26T21:40:01.875500+00:00,508.6450780879074,512.0657602109218,478.54531429695345,305.5646036978892,321.2003575698358
8.54566,80.37782,336.36,0.44,0.38,2026-09-26,820,N,VIIRS,n,2.0NRT,302.02,3.51,D,2026-09-26T21:40:01.875500+00:00,504.631395501924,504.6888985441232,464.8528030540335,291.4533472569778,309.73927769072685
8.59441,80.44006,333.3,0.44,0.38,2026-09-26,820,N,VIIRS,l,2.0NRT,304.19,1.76,D,2026-09-26T21:40:01.875500+00:00,499.4175023251288,501.361667871234,467.20279544431395,294.5079096445236,309.52420779553296
8.59794,80.43954,335.07,0.44,0.38,2026-09-26,820,N,VIIRS,n,2.0NRT,304.18,1.76,D,2026-09-26T21:40:01.875500+00:00,499.02314939866926,500.9690152864435,466.9284463324645,294.26043301175076,309.17898842019906
8.60856,80.43797,337.5,0.44,0.38,2026-09-26,822,N,VIIRS,n,2.0NRT,303.68,1.87,D,2026-09-26T21:40:01.875500+00:00,497.8367386504406,499.7875861346172,466.103631771639,293.51734710892805,308.14076912462957
8.65574,80.34158,332.17,0.44,0.38,2026-09-26,822,N,VIIRS,l,2.0NRT,304.13,1.77,D,2026-09-26T21:40:01.875500+00:00,492.3163068122066,491.82898398446986,454.42889161516274,281.7196064900966,297.5336098496705
8.67783,80.34644,347.28,0.44,0.38,2026-09-26,822,N,VIIRS,n,2.0NRT,303.3,2.44,D,2026-09-26T21:40:01.875500+00:00,489.8689792412104,489.6055034117447,453.44053492361184,280.9540380800599,295.8977384678457
8.69252,80.34837,339.46,0.44,0.38,2026-09-26,822,N,VIIRS,n,2.0NRT,305.41,3.07,D,2026-09-26T21:40:01.875500+00:00,488.23936935221366,488.0897263670907,452.6726637121912,280.33158128139434,294.72947000514324
8.69456,80.65285,338.83,0.45,0.39,2026-09-26,822,N,VIIRS,n,2.0NRT,304.89,15.53,D,2026-09-26T21:40:01.875500+00:00,489.7189644106089,497.9481590034044,480.31071711763724,309.8053075988721,316.0580448368786
8.69605,80.34785,336.23,0.44,0.38,2026-09-26,822,N,VIIRS,n,2.0NRT,303.41,3.5,D,2026-09-26T21:40:01.875500+00:00,487.84592642905005,487.69636880636267,452.4003212642982,280.0890114088934,294.38346238264796
8.69862,80.60626,335.67,0.45,0.39,2026-09-26,822,N,VIIRS,n,2.0NRT,302.21,3.73,D,2026-09-26T21:40:01.875500+00:00,488.86175949610015,495.8478273743691,475.76853412167435,305.0236747258088,312.29488218539854
8.70809,78.06082,348.23,0.38,0.36,2026-09-26,822,N,VIIRS,n,2.0NRT,306.85,9.22,D,2026-09-26T21:40:01.875500+00:00,542.9654367665438,482.36356994480514,283.8240722929056,135.4911018320452,242.06490164957253
8.71679,80.70417,341.23,0.45,0.39,2026-09-26,822,N,VIIRS,n,2.0NRT,304.37,4.12,D,2026-09-26T21:40:01.875500+00:00,487.76755159976227,497.5215150143086,483.73775423946375,313.79290020588115,318.0824024503612
8.72966,80.70682,336.1,0.45,0.39,2026-09-26,822,N,VIIRS,n,2.0NRT,302.94,3.08,D,2026-09-26T21:40:01.875500+00:00,486.37137785961755,496.27747899982853,483.22293620146104,313.44143386875214,317.24444038916647
8.76618,80.78199,340.33,0.46,0.39,2026-09-26,822,N,VIIRS,n,2.0NRT,303.94,14.5,D,2026-09-26T21:40:01.875500+00:00,483.2086914980945,495.39100979601375,488.1300509575902,319.25532333527553,320.11875902979614
8.76678,80.78616,337.53,0.46,0.39,2026-09-26,822,N,VIIRS,n,2.0NRT,303.78,15.19,D,2026-09-26T21:40:01.875500+00:00,483.19520205838916,495.49451980271596,488.4877723580121,319.64684161098705,320.3968018552972
8.76885,80.27734,330.0,0.44,0.38,2026-09-26,822,N,VIIRS,l,2.0NRT,302.52,2.31,D,2026-09-26T21:40:01.875500+00:00,479.67878183672076,477.8363780160842,441.41259014231827,269.38456773519886,283.244536101967
8.76892,80.28036,332.67,0.44,0.38,2026-09-26,822,N,VIIRS,l,2.0NRT,304.11,2.48,D,2026-09-26T21:40:01.875500+00:00,479.67160952765437,477.91522413205325,441.68083546419285,269.67204447443567,283.4397904843117
8.76978,80.78146,345.46,0.46,0.39,2026-09-26,822,N,VIIRS,n,2.0NRT,306.69,14.5,D,2026-09-26T21:40:01.875500+00:00,482.8043510281563,494.9967022923321,487.8731879392125,319.0393604272776,319.79523973344465
8.77038,80.78564,339.43,0.46,0.39,2026-09-26,822,N,VIIRS,n,2.0NRT,306.11,15.19,D,2026-09-26T21:40:01.875500+00:00,482.790977556323,495.10069166845796,488.23203492513994,319.4321441223555,320.07434134348415
8.77084,80.21663,332.71,0.43,0.38,2026-09-26,822,N,VIIRS,n,2.0NRT,301.08,2.44,D,2026-09-26T21:40:01.875500+00:00,479.4932781583312,475.9309879667687,435.8203535850417,263.44216979176184,279.06906975982
8.77263,80.54986,338.64,0.45,0.39,2026-09-26,822,N,VIIRS,n,2.0NRT,306.65,7.21,D,2026-09-26T21:40:01.875500+00:00,480.22556366891496,486.0695660559314,466.09472453158753,295.81917494306316,302.028128994862
8.80935,80.50854,333.97,0.45,0.39,2026-09-26,822,N,VIIRS,l,2.0NRT,305.13,2.66,D,2026-09-26T21:40:01.875500+00:00,475.88337332249773,480.769165945364,460.06959722382805,289.9571736409853,295.95772291887886
8.82292,80.20491,337.0,0.43,0.38,2026-09-26,822,N,VIIRS,n,2.0NRT,303.03,2.93,D,2026-09-26T21:40:01.875500+00:00,473.7203462994918,470.00134054776635,431.4461178162743,259.52068626374444,273.6495937850445
8.84194,80.53271,334.28,0.45,0.39,2026-09-26,822,N,VIIRS,n,2.0NRT,303.46,3.67,D,2026-09-26T21:40:01.875500+00:00,472.4172238950167,478.1627185243093,460.3810332169007,290.82547776387787,295.0550460036964
8.84936,80.86556,331.58,0.46,0.39,2026-09-26,822,N,VIIRS,l,2.0NRT,304.15,3.25,D,2026-09-26T21:40:01.875500+00:00,475.1817112783611,490.2259011161304,491.364168280388,324.105785988297,320.3693681421097
8.87714,80.85292,343.01,0.46,0.39,2026-09-26,822,N,VIIRS,n,2.0NRT,306.23,5.87,D,2026-09-26T21:40:01.875500+00:00,471.93378138166685,486.8405246440398,488.63160360166086,321.67456128506063,317.26064077613324
8.88012,80.74567,334.34,0.46,0.39,2026-09-26,822,N,VIIRS,n,2.0NRT,302.8,1.59,D,2026-09-26T21:40:01.875500+00:00,470.17155137231975,482.1361099552835,478.2404130020732,310.61258785310963,308.41602594010783
8.89633,79.94752,337.54,0.42,0.38,2026-09-26,822,N,VIIRS,n,2.0NRT,303.06,3.11,D,2026-09-26T21:40:01.875500+00:00,466.8372200747155,455.7900582874372,403.65547871174147,230.83913774874367,250.79789283813056
8.92074,80.89837,332.33,0.47,0.39,2026-09-26,822,N,VIIRS,l,2.0NRT,303.88,2.6,D,2026-09-26T21:40:01.875500+00:00,467.83006153486315,484.31937642484735,490.6393248162489,324.6091838647959,317.7673037004015
8.92887,80.7769,348.6,0.46,0.39,2026-09-26,822,N,VIIRS,n,2.0NRT,305.6,8.08,D,2026-09-26T21:40:01.875500+00:00,465.17614168576284,478.35769185537856,478.5321552862213,311.8066222913522,307.21526133101526
8.93248,80.77637,335.15,0.46,0.39,2026-09-26,822,N,VIIRS,l,2.0NRT,306.12,2.33,D,2026-09-26T21:40:01.875500+00:00,464.77066310520706,477.9635282682384,478.28480974885855,311.6084574354595,306.9011050526943
8.93734,80.52304,339.99,0.45,0.39,2026-09-26,822,N,VIIRS,n,2.0NRT,305.29,6.02,D,2026-09-26T21:40:01.875500+00:00,461.76473374572174,467.77264198341,453.93934820344816,285.58213330887236,286.59871795926796
8.9495,80.8167,339.97,0.46,0.39,2026-09-26,822,N,VIIRS,n,2.0NRT,306.62,2.76,D,2026-09-26T21:40:01.875500+00:00,463.43657915530224,477.8842191882991,481.2365575906538,315.08592184499827,308.92068520177673
8.9501,80.81703,340.52,0.46,0.39,2026-09-26,822,N,VIIRS,n,2.0NRT,307.34,2.51,D,2026-09-26T21:40:01.875500+00:00,463.37504002797823,477.8364293136048,481.2361117213241,315.0967044016716,308.9034035504266
8.95978,80.78133,348.72,0.46,0.39,2026-09-26,822,N,VIIRS,n,2.0NRT,307.79,6.65,D,2026-09-26T21:40:01.875500+00:00,461.82135392201286,475.3531065580523,477.28300927084524,311.0460129050251,305.26371990012814
9.01053,80.87718,336.56,0.47,0.39,2026-09-26,822,N,VIIRS,n,2.0NRT,306.37,3.71,D,2026-09-26T21:40:01.875500+00:00,457.61429122730436,474.2322124929034,483.8648583407128,319.06991957663547,309.5139954159376
9.01655,80.59075,337.56,0.45,0.39,2026-09-26,822,N,VIIRS,n,2.0NRT,303.31,7.77,D,2026-09-26T21:40:01.875500+00:00,453.4817448639784,461.9377962825487,455.93412149504877,289.2301049921811,285.6335539452451
9.04259,80.69253,335.2,0.46,0.39,2026-09-26,822,N,VIIRS,n,2.0NRT,303.32,3.58,D,2026-09-26T21:40:01.875500+00:00,451.5910399712785,463.1851546220882,464.3040794393759,298.7415403546899,291.85503183283834
9.04417,80.69297,336.52,0.46,0.39,2026-09-26,822,N,VIIRS,n,2.0NRT,304.91,2.79,D,2026-09-26T21:40:01.875500+00:00,451.4211520771156,463.0392728603682,464.262649755502,298.7288529925837,291.7736515834814
9.07893,80.32974,340.46,0.44,0.38,2026-09-26,822,N,VIIRS,n,2.0NRT,306.14,9.13,D,2026-09-26T21:40:01.875500+00:00,445.2455036084967,446.272565168785,427.6460478651556,259.98699743461975,260.5715224924125
9.11186,80.3127,332.35,0.44,0.38,2026-09-26,822,N,VIIRS,l,2.0NRT,305.07,1.22,D,2026-09-26T21:40:01.875500+00:00,441.5610347905548,442.22553085787473,424.17973227271665,256.92355647694745,256.6189988978862
9.12074,80.29913,330.14,0.44,0.38,2026-09-26,822,N,VIIRS,l,2.0NRT,304.56,0.88,D,2026-09-26T21:40:01.875500+00:00,440.56076828713844,440.8505913368531,422.3953393056562,255.1805530100424,254.87966048636088
9.2195,80.3095,331.36,0.44,0.38,2026-09-26,822,N,VIIRS,l,2.0NRT,303.84,1.47,D,2026-09-26T21:40:01.875500+00:00,429.58908656317374,430.6785682394786,417.9715156953365,252.58943001171417,247.78046895575883
9.26248,80.82026,333.53,0.47,0.39,2026-09-26,822,N,VIIRS,l,2.0NRT,305.18,3.0,D,2026-09-26T21:40:01.875500+00:00,428.99685039870843,446.0839024300019,465.79171120902714,305.1080237153529,287.2722303153847
9.33925,80.31741,339.36,0.44,0.39,2026-09-26,822,N,VIIRS,n,2.0NRT,304.43,5.66,D,2026-09-26T21:40:01.875500+00:00,416.2838140002633,418.24578462922443,412.48340914747985,249.57143189268626,239.1950560513615
9.34028,78.68941,344.93,0.39,0.36,2026-09-26,822,N,VIIRS,n,2.0NRT,307.78,4.35,D,2026-09-26T21:40:01.875500+00:00,450.4519619490543,400.5841955202718,265.98685695257274,90.16387480315193,161.26579465270427
9.34061,76.8941,331.55,0.39,0.36,2026-09-26,822,N,VIIRS,n,2.0NRT,299.64,3.41,D,2026-09-26T21:40:01.875500+00:00,555.6315947539998,466.60812664478414,186.5061015833401,149.266655051042,255.5094106481149
9.37735,80.71078,345.5,0.46,0.39,2026-09-26,822,N,VIIRS,n,2.0NRT,308.52,6.37,D,2026-09-26T21:40:01.875500+00:00,414.8013588748658,429.54348478413414,449.5437504915577,290.4837423209048,270.0399803451703
9.37794,80.71499,332.25,0.46,0.39,2026-09-26,822,N,VIIRS,n,2.0NRT,298.52,6.37,D,2026-09-26T21:40:01.875500+00:00,414.78955870942724,429.66759304986425,449.9380057591638,290.9210247998732,270.37665657116014
9.38405,80.60314,338.56,0.46,0.39,2026-09-26,822,N,VIIRS,n,2.0NRT,307.7,7.86,D,2026-09-26T21:40:01.875500+00:00,412.86562244453324,424.28351470136727,438.4897211466938,278.7932534419544,260.09661618437224
9.39037,77.61286,337.98,0.38,0.36,2026-09-26,822,N,VIIRS,n,2.0NRT,307.86,2.75,D,2026-09-26T21:40:01.875500+00:00,502.55322260762745,425.68492190936877,194.62045774668064,81.39259644093684,196.27783648433206
9.43486,78.68918,337.44,0.39,0.36,2026-09-26,822,N,VIIRS,n,2.0NRT,305.28,4.32,D,2026-09-26T21:40:01.875500+00:00,440.7540760647622,390.14846869431125,258.6862513192714,82.87258791291347,150.74986357632991
9.44371,78.42935,335.54,0.39,0.36,2026-09-26,822,N,VIIRS,l,2.0NRT,309.33,3.0,D,2026-09-26T21:40:01.875500+00:00,451.706522460713,393.6981918166347,237.89793967346134,63.38516691000837,152.7592380320357
9.47696,78.64985,339.91,0.39,0.36,2026-09-26,822,N,VIIRS,n,2.0NRT,308.04,7.68,D,2026-09-26T21:40:01.875500+00:00,438.1568537106586,386.0646806533693,252.33919250553785,76.54645254398804,146.18232389474744
9.50723,77.60115,343.68,0.38,0.36,2026-09-26,822,N,VIIRS,n,2.0NRT,311.03,2.35,D,2026-09-26T21:40:01.875500+00:00,492.71480083498193,414.24772970996685,182.10302430704112,73.42517121128138,186.95096672875337
9.54364,77.79539,346.46,0.38,0.36,2026-09-26,822,N,VIIRS,n,2.0NRT,311.06,5.38,D,2026-09-26T21:40:01.875500+00:00,477.15683328468725,402.3916952847981,187.80488732579533,55.354611427815634,170.66540282236852
9.64229,79.87717,337.09,0.43,0.38,2026-09-26,822,N,VIIRS,n,2.0NRT,304.98,3.18,D,2026-09-26T21:40:01.875500+00:00,384.95332730327266,373.0189084337133,354.23551685179405,195.1207759636618,181.00456678168516
9.65213,79.8956,335.5,0.43,0.38,2026-09-26,822,N,VIIRS,n,2.0NRT,305.36,1.56,D,2026-09-26T21:40:01.875500+00:00,383.64665690391604,372.39455250985105,355.5825634395842,196.93964174167638,181.67424230546158
9.65562,79.89509,330.43,0.43,0.38,2026-09-26,822,N,VIIRS,l,2.0NRT,304.03,1.56,D,2026-09-26T21:40:01.875500+00:00,383.2667071677677,372.0037629145577,355.3650754294952,196.8239455350639,181.36347782573688
9.66552,79.88963,338.08,0.43,0.38,2026-09-26,822,N,VIIRS,n,2.0NRT,305.13,4.69,D,2026-09-26T21:40:01.875500+00:00,382.23632777100147,370.7975811119645,354.3521460415264,196.06467825506877,180.16735755052454
9.69224,80.07042,338.31,0.44,0.38,2026-09-26,822,N,VIIRS,n,2.0NRT,302.1,2.87,D,2026-09-26T21:40:01.875500+00:00,377.63333930602744,372.8181035902858,371.1543997621116,215.29201996393843,192.99101898801058
9.69627,77.82104,341.06,0.38,0.36,2026-09-26,822,N,VIIRS,l,2.0NRT,314.53,8.06,D,2026-09-26T21:40:01.875500+00:00,461.5970218086138,385.5628261189612,174.69318298825948,41.46763311305235,155.41356627095365
9.7041,77.67243,333.88,0.38,0.36,2026-09-26,822,N,VIIRS,l,2.0NRT,305.39,5.37,D,2026-09-26T21:40:01.875500+00:00,470.45235053928275,391.0634783139928,165.68066307729018,54.83717894910498,165.38123523781312
9.70794,77.67541,343.31,0.38,0.36,2026-09-26,822,N,VIIRS,n,2.0NRT,305.63,5.37,D,2026-09-26T21:40:01.875500+00:00,469.9147994694691,390.5408341129814,165.45919178422275,54.35414666604877,164.84619859560507
9.7139,77.27146,342.21,0.38,0.36,2026-09-26,822,N,VIIRS,n,2.0NRT,306.89,4.06,D,2026-09-26T21:40:01.875500+00:00,497.15509549455743,409.8525113406502,148.93311680731,95.87264294529756,197.292078032572
9.75053,80.22606,340.47,0.44,0.39,2026-09-26,822,N,VIIRS,n,2.0NRT,304.16,4.23,D,2026-09-26T21:40:01.875500+00:00,370.55233333368267,371.6760195865628,384.3881804130159,231.5769238014573,202.6807585521774
9.76754,77.95619,338.82,0.39,0.36,2026-09-26,822,N,VIIRS,l,2.0NRT,310.63,2.19,D,2026-09-26T21:40:01.875500+00:00,446.65777107766604,372.88882247777946,176.82523487147395,25.072445460691764,140.16112975506613
9.80014,78.46754,339.12,0.39,0.36,2026-09-26,822,N,VIIRS,l,2.0NRT,309.9,2.63,D,2026-09-26T21:40:01.875500+00:00,414.53011749430397,354.02277119188705,213.6254048981031,40.55418590506703,113.1382974262192
9.82869,78.27081,336.86,0.39,0.36,2026-09-26,822,N,VIIRS,n,2.0NRT,303.41,1.59,D,2026-09-26T21:40:01.875500+00:00,422.38266552890263,355.96298906444343,195.27908625794203,19.71860139246045,117.00879166859548
9.83428,78.91562,347.16,0.4,0.37,2026-09-26,822,N,VIIRS,n,2.0NRT,309.79,7.99,D,2026-09-26T21:40:01.875500+00:00,390.22089646394625,343.5414901082518,251.44116884876235,87.76304260027504,108.80167486398561
10.00231,78.3959,337.89,0.39,0.36,2026-09-26,822,N,VIIRS,n,2.0NRT,304.13,1.63,D,2026-09-26T21:40:01.875500+00:00,398.7857286198849,333.83561841874183,193.6841766807819,31.430020141417103,93.92476914086501
10.07318,78.54955,334.87,0.39,0.36,2026-09-26,822,N,VIIRS,n,2.0NRT,303.97,0.59,D,2026-09-26T21:40:01.875500+00:00,383.5741034526707,322.47925225205796,203.3779472711604,49.853903495856166,81.54690453785187
10.08131,77.55166,333.71,0.38,0.36,2026-09-26,822,N,VIIRS,l,2.0NRT,307.51,1.36,D,2026-09-26T21:40:01.875500+00:00,446.1900666698105,359.23857984042814,122.73229741415112,64.59015814171377,148.7192620150789
10.10535,77.7984,340.96,0.39,0.36,2026-09-26,822,N,VIIRS,n,2.0NRT,304.09,5.6,D,2026-09-26T21:40:01.875500+00:00,426.740497451361,344.7243992529883,136.9481605982055,40.49505562492602,125.0034895016854
10.10597,78.95609,336.68,0.4,0.37,2026-09-26,822,N,VIIRS,l,2.0NRT,309.46,2.0,D,2026-09-26T21:40:01.875500+00:00,360.63670768188996,313.10709016822517,240.96866953709784,93.75412271327568,80.92814622873684
10.29494,77.39894,331.92,0.38,0.36,2026-09-26,822,N,VIIRS,n,2.0NRT,302.86,2.92,D,2026-09-26T21:40:01.875500+00:00,440.28532879619974,347.3058279654633,93.74317953210111,88.97904051346521,153.00905575325447
10.30704,78.57528,334.55,0.4,0.37,2026-09-26,822,N,VIIRS,l,2.0NRT,305.3,1.12,D,2026-09-26T21:40:01.875500+00:00,359.62608563344054,296.43696480457265,193.76836891885793,65.48830060252635,55.58874857763251
10.33635,78.41594,331.75,0.39,0.36,2026-09-26,822,N,VIIRS,l,2.0NRT,305.71,1.35,D,2026-09-26T21:40:01.875500+00:00,366.1024924425385,297.3229345846761,176.57997080096987,56.043730065755966,59.552311874559955
10.37486,79.26812,343.2,0.41,0.37,2026-09-26,822,N,VIIRS,n,2.0NRT,310.65,7.06,D,2026-09-26T21:40:01.875500+00:00,320.26888960117896,283.0030805267335,262.53902982473613,135.26866942232286,76.99718158213682
10.435,79.22451,338.54,0.41,0.37,2026-09-26,822,N,VIIRS,n,2.0NRT,305.74,2.91,D,2026-09-26T21:40:01.875500+00:00,315.6674886469545,276.11202567165486,256.16345690206913,133.5333990126675,69.21085289848882
10.46607,79.25027,347.44,0.41,0.37,2026-09-26,822,N,VIIRS,n,2.0NRT,310.6,5.43,D,2026-09-26T21:40:01.875500+00:00,311.4346219843803,272.7769327911599,258.0334735664622,137.56074138817974,69.68786867771684
10.53714,77.34552,339.3,0.38,0.36,2026-09-26,822,N,VIIRS,n,2.0NRT,308.05,3.97,D,2026-09-26T21:40:01.875500+00:00,425.9873378920659,328.39672582375,68.2418079739387,108.66764906650884,151.17185302218346
10.54768,79.61707,341.17,0.43,0.38,2026-09-26,822,N,VIIRS,n,2.0NRT,309.96,4.71,D,2026-09-26T21:40:01.875500+00:00,290.7183054973092,268.63119672281067,295.33673369064803,177.8587948117825,103.28847967658396
10.57782,77.92455,335.73,0.39,0.36,2026-09-26,822,N,VIIRS,l,2.0NRT,308.28,1.73,D,2026-09-26T21:40:01.875500+00:00,377.8420884527423,291.40420658705403,116.52883420799115,75.64749701768675,88.46436703400447
10.63384,78.84853,340.95,0.4,0.37,2026-09-26,822,N,VIIRS,l,2.0NRT,312.25,5.43,D,2026-09-26T21:40:01.875500+00:00,313.2015531288877,255.6952867824003,211.05638068472004,112.0974831342185,23.460464082351947
10.72019,79.00944,336.24,0.41,0.37,2026-09-26,822,N,VIIRS,l,2.0NRT,309.92,3.13,D,2026-09-26T21:40:01.875500+00:00,296.3783245294297,244.58547217263686,226.66986731364307,131.47552261359766,34.19598003914455
10.78774,79.56223,337.32,0.43,0.38,2026-09-26,822,N,VIIRS,l,2.0NRT,307.92,2.89,D,2026-09-26T21:40:01.875500+00:00,266.5718630714735,241.28207573769768,285.72727614702427,184.64028894628962,93.66788522370294
10.83539,78.67876,337.72,0.4,0.37,2026-09-26,822,N,VIIRS,n,2.0NRT,307.13,2.84,D,2026-09-26T21:40:01.875500+00:00,304.0220911165938,236.6168213414354,189.18958201687857,118.24009413972215,5.739547291702999
10.84435,78.01187,336.25,0.39,0.36,2026-09-26,822,N,VIIRS,l,2.0NRT,307.83,1.8,D,2026-09-26T21:40:01.875500+00:00,349.7350370151865,260.686131471024,116.88275400673405,102.88426397334409,75.90673426200786
10.90489,79.74549,343.07,0.43,0.38,2026-09-26,822,N,VIIRS,n,2.0NRT,306.72,4.2,D,2026-09-26T21:40:01.875500+00:00,248.8072860743503,233.41094266443378,304.79350300017177,208.5080137875257,114.37198232578758
10.94313,77.14717,333.49,0.38,0.36,2026-09-26,822,N,VIIRS,l,2.0NRT,306.36,0.62,D,2026-09-26T21:40:01.875500+00:00,414.7172466924698,307.88873004184626,22.43856822113446,155.3204465994615,170.928228164507
10.99091,77.61662,335.84,0.39,0.36,2026-09-26,822,N,VIIRS,l,2.0NRT,308.58,1.84,D,2026-09-26T21:40:01.875500+00:00,370.67260384239626,270.2510483542756,72.18626901732378,130.65181455502017,120.88159850010851
11.0683,79.28805,345.74,0.42,0.38,2026-09-26,822,N,VIIRS,n,2.0NRT,308.27,5.75,D,2026-09-26T21:40:01.875500+00:00,248.16754317314016,206.20565197225477,254.59660270323585,180.19544018998724,70.78465702629958
11.11987,76.91008,331.46,0.38,0.36,2026-09-26,822,N,VIIRS,n,2.0NRT,301.23,2.09,D,2026-09-26T21:40:01.875500+00:00,425.58439021323795,313.57009586402404,12.49976467812904,187.4482026343236,199.30928820361888
11.13725,76.97904,339.08,0.38,0.36,2026-09-26,822,N,VIIRS,l,2.0NRT,309.78,4.62,D,2026-09-26T21:40:01.875500+00:00,418.1532366474522,306.5703904582812,13.631410990420534,183.61895028445534,192.28695850309583
11.19537,78.07644,336.38,0.39,0.36,2026-09-26,822,N,VIIRS,l,2.0NRT,308.74,3.18,D,2026-09-26T21:40:01.875500+00:00,317.7021196533255,223.189162634817,123.87739683058034,141.31596456166866,82.03412911333366
11.23387,78.15085,341.42,0.39,0.36,2026-09-26,822,N,VIIRS,n,2.0NRT,306.23,3.46,D,2026-09-26T21:40:01.875500+00:00,308.79686501155203,215.40362815587716,132.60141043322028,145.5570355627842,78.0056331202987
11.24288,79.49145,338.93,0.43,0.38,2026-09-26,822,N,VIIRS,n,2.0NRT,304.27,3.58,D,2026-09-26T21:40:01.875500+00:00,221.41911170841152,190.14645511208064,277.7873458491112,209.62937646449203,99.51890864893632
11.24491,79.49097,337.15,0.43,0.38,2026-09-26,822,N,VIIRS,n,2.0NRT,304.82,2.4,D,2026-09-26T21:40:01.875500+00:00,221.23043212596832,189.91479378462924,277.75475014671696,209.74935615095154,99.58778701703268
11.55692,79.57756,332.3,0.43,0.38,2026-09-26,822,N,VIIRS,l,2.0NRT,305.57,2.63,D,2026-09-26T21:40:01.875500+00:00,185.6170683184208,158.7257505166058,292.12643606727147,241.41350295442527,127.78522287830627
11.65005,79.12338,349.0,0.42,0.37,2026-09-26,822,N,VIIRS,n,2.0NRT,310.81,6.85,D,2026-09-26T21:40:01.875500+00:00,202.2518582257222,140.82630075699075,246.58930521827799,220.90921481727912,105.9261482064277
11.80806,77.92495,338.09,0.39,0.36,2026-09-26,822,N,VIIRS,n,2.0NRT,305.88,1.88,D,2026-09-26T21:40:01.875500+00:00,291.4793768954108,179.98223707022993,137.4754770358368,210.4428328634518,141.53150064642395
12.12938,79.6552,333.16,0.44,0.38,2026-09-26,822,N,VIIRS,l,2.0NRT,307.02,3.52,D,2026-09-26T21:40:01.875500+00:00,125.2908223981504,104.30552693397182,319.0155346626101,296.89866192804834,181.36506837207483
12.79066,79.92429,338.35,0.46,0.39,2026-09-26,822,N,VIIRS,n,2.0NRT,303.34,3.15,D,2026-09-26T21:40:01.875500+00:00,49.6373702400113,86.96981746486692,378.4346075067501,374.4482286097408,259.00949855330543
12.82633,79.09394,330.51,0.43,0.38,2026-09-26,822,N,VIIRS,l,2.0NRT,304.19,2.44,D,2026-09-26T21:40:01.875500+00:00,130.6667070981959,10.862849723282022,307.5605317238315,339.6157033948682,230.3037126790129
12.82812,78.09982,337.1,0.4,0.37,2026-09-26,822,N,VIIRS,n,2.0NRT,298.22,2.39,D,2026-09-26T21:40:01.875500+00:00,236.94235354118274,112.3734671162223,236.7612600961956,322.7973227009594,235.9431820680379
12.83148,78.0993,331.1,0.4,0.37,2026-09-26,822,N,VIIRS,n,2.0NRT,297.6,2.04,D,2026-09-26T21:40:01.875500+00:00,236.95239272333453,112.3968312198766,237.04906160448814,323.17131597678315,236.31763906866695
12.84197,78.52441,335.22,0.41,0.37,2026-09-26,822,N,VIIRS,n,2.0NRT,303.33,3.85,D,2026-09-26T21:40:01.875500+00:00,191.1138313590688,66.43433876442602,265.15778304186864,327.31451342657016,228.95537353243347
12.89057,79.12044,342.29,0.43,0.38,2026-09-26,822,N,VIIRS,n,2.0NRT,301.97,3.42,D,2026-09-26T21:40:01.875500+00:00,126.44926686274263,3.1657482542503312,314.412246677769,347.30015070078673,237.85932816877343
12.96144,80.15998,332.25,0.47,0.4,2026-09-26,822,N,VIIRS,l,2.0NRT,303.17,1.93,D,2026-09-26T21:40:01.875500+00:00,18.046663010546407,111.46163574251823,410.12995976436764,404.2387945379551,288.69698127766367
12.96205,80.15907,330.19,0.47,0.4,2026-09-26,822,N,VIIRS,l,2.0NRT,302.72,1.93,D,2026-09-26T21:40:01.875500+00:00,18.061890834506155,111.36604527071505,410.0812916945872,404.2407878539637,288.6993140694992
13.39185,80.10226,333.78,0.48,0.4,2026-09-26,822,N,VIIRS,l,2.0NRT,304.6,5.08,D,2026-09-26T21:40:01.875500+00:00,38.91155626277333,117.55574732637974,432.04614151094273,441.79533056688837,326.7339066500479
13.46123,79.84966,336.2,0.46,0.39,2026-09-26,822,N,VIIRS,n,2.0NRT,302.95,2.27,D,2026-09-26T21:40:01.875500+00:00,62.03200150698011,98.47316050661186,415.6349298406925,435.9631249088237,321.9976763984582
13.66248,79.64047,335.82,0.46,0.39,2026-09-26,822,N,VIIRS,l,2.0NRT,306.67,1.99,D,2026-09-26T21:40:01.875500+00:00,93.83194455740171,99.51050586290931,414.2134640545418,447.3050250726591,335.14639601306885
13.73615,79.64259,331.93,0.46,0.39,2026-09-26,822,N,VIIRS,l,2.0NRT,306.16,1.37,D,2026-09-26T21:40:01.875500+00:00,99.4741777148498,106.54941666025103,420.2011918412266,455.0009777393804,343.0249744671605
8.04721,81.10938,332.15,0.47,0.39,2026-09-26,820,N,VIIRS,n,2.0NRT,300.33,1.4,D,2026-09-26T23:58:49.535237+00:00,567.3711097615076,582.9645383639098,562.5332545494501,389.1106522805899,403.25719869811485
8.05154,81.19128,335.2,0.47,0.4,2026-09-26,820,N,VIIRS,n,2.0NRT,302.35,1.88,D,2026-09-26T23:58:49.535237+00:00,568.4111887593782,585.8964171416666,569.5465243197958,396.4747188546547,408.829257937432
8.06627,79.83,341.02,0.41,0.37,2026-09-26,820,N,VIIRS,n,2.0NRT,298.2,4.58,D,2026-09-26T23:58:49.535237+00:00,559.8762641609719,544.6826102220434,454.91759926266934,279.2879939821897,327.1001570135513
8.06971,79.82949,344.96,0.41,0.37,2026-09-26,820,N,VIIRS,n,2.0NRT,298.59,4.58,D,2026-09-26T23:58:49.535237+00:00,559.4999497188477,544.296008468338,454.60201235799803,278.9667337242745,326.7246078701991
8.08943,80.14479,345.0,0.42,0.38,2026-09-26,820,N,VIIRS,n,2.0NRT,299.28,7.33,D,2026-09-26T23:58:49.535237+00:00,555.3967069507495,548.0301309840156,477.706673976413,301.86396800542593,339.34393731509306
8.13132,80.4253,332.63,0.44,0.38,2026-09-26,820,N,VIIRS,n,2.0NRT,299.45,2.49,D,2026-09-26T23:58:49.535237+00:00,550.8273817617122,550.5270354639134,497.6224299703941,322.3114201432997,350.7692866962832
8.13188,80.06008,341.63,0.42,0.38,2026-09-26,820,N,VIIRS,n,2.0NRT,300.9,6.16,D,2026-09-26T23:58:49.535237+00:00,550.9868151513408,541.5975455638916,467.6868779117626,291.8235202577785,330.8927706153299
8.15421,80.13925,347.23,0.43,0.38,2026-09-26,820,N,VIIRS,n,2.0NRT,300.48,6.77,D,2026-09-26T23:58:49.535237+00:00,548.2112274492542,540.8515289758161,472.3555724098695,296.5708085057597,332.69098959660374
8.21565,79.84959,331.71,0.42,0.37,2026-09-26,820,N,VIIRS,n,2.0NRT,296.4,2.1,D,2026-09-26T23:58:49.535237+00:00,543.1429938570697,528.5516120240411,444.5708220588241,268.7177098979964,312.62711274684375
8.22925,81.3652,337.48,0.48,0.4,2026-09-26,820,N,VIIRS,n,2.0NRT,301.55,7.68,D,2026-09-26T23:58:49.535237+00:00,552.7649621628104,575.4747796133662,574.1968647273782,403.16151104290446,407.70451426503837
8.24794,80.33587,342.14,0.43,0.38,2026-09-26,820,N,VIIRS,n,2.0NRT,301.54,3.71,D,2026-09-26T23:58:49.535237+00:00,537.6479176430854,535.5147686381168,481.7339459787684,306.5694893273739,334.54876191844494
8.31357,80.19846,330.11,0.43,0.38,2026-09-26,820,N,VIIRS,l,2.0NRT,301.56,1.61,D,2026-09-26T23:58:49.535237+00:00,530.3617607241806,524.9063000864992,465.47762021870966,290.1597405163856,320.4399126697902
8.33309,81.2843,339.57,0.48,0.4,2026-09-26,820,N,VIIRS,n,2.0NRT,300.19,4.9,D,2026-09-26T23:58:49.535237+00:00,539.6114892944805,561.2627231527281,560.461896187762,389.91306479406245,393.2667727331459
8.34889,80.75578,332.59,0.45,0.39,2026-09-26,820,N,VIIRS,l,2.0NRT,302.7,2.59,D,2026-09-26T23:58:49.535237+00:00,529.0352833381363,537.9685161509649,511.32979427124394,338.3221532567674,352.53233896578865
8.44949,80.38377,332.06,0.44,0.38,2026-09-26,820,N,VIIRS,l,2.0NRT,302.32,2.76,D,2026-09-26T23:58:49.535237+00:00,515.3373970685939,515.1722568417233,471.8128827702383,297.79287162963504,318.81063510353033
8.45074,80.51398,345.46,0.44,0.39,2026-09-26,820,N,VIIRS,n,2.0NRT,304.56,4.71,D,2026-09-26T23:58:49.535237+00:00,515.7351915890428,518.9941809351984,483.16795216650553,309.74589282031866,327.14850574701364
8.46126,80.41443,339.22,0.44,0.38,2026-09-26,820,N,VIIRS,n,2.0NRT,303.21,17.82,D,2026-09-26T23:58:49.535237+00:00,514.1203266098278,514.8107436620353,473.7009287260006,299.8911427121123,319.69984003608266
8.46444,80.41406,351.5,0.44,0.38,2026-09-26,820,N,VIIRS,n,2.0NRT,309.77,28.85,D,2026-09-26T23:58:49.535237+00:00,513.765656557754,514.4593009406763,473.4550646808019,299.6643003047583,319.38915124896494
8.46479,80.41391,350.84,0.44,0.38,2026-09-26,820,N,VIIRS,n,2.0NRT,309.67,17.82,D,2026-09-26T23:58:49.535237+00:00,513.7262572412285,514.4173723761853,473.4184276794571,299.62926853959254,319.34793342046316
8.46502,80.41805,335.34,0.44,0.38,2026-09-26,820,N,VIIRS,n,2.0NRT,301.11,28.85,D,2026-09-26T23:58:49.535237+00:00,513.7146562288282,514.5159917532208,473.7662205839743,299.9973504050494,319.59368109381955
8.46539,80.41789,336.21,0.44,0.38,2026-09-26,820,N,VIIRS,n,2.0NRT,302.58,17.82,D,2026-09-26T23:58:49.535237+00:00,513.672986982358,514.4716199249981,473.72737935152594,299.96020921937367,319.5500280804838
8.48319,80.44394,338.09,0.44,0.38,2026-09-26,820,N,VIIRS,n,2.0NRT,302.07,3.71,D,2026-09-26T23:58:49.535237+00:00,511.7919279581778,513.3534694917822,474.831702137545,301.3054278246272,319.64290076145875
8.48733,80.76205,338.32,0.45,0.39,2026-09-26,820,N,VIIRS,n,2.0NRT,306.28,3.86,D,2026-09-26T23:58:49.535237+00:00,513.7910529499599,523.6795827241984,503.05664429159003,331.16375827394427,341.2434558852433
8.50295,80.25905,333.04,0.43,0.38,2026-09-26,820,N,VIIRS,n,2.0NRT,301.42,3.07,D,2026-09-26T23:58:49.535237+00:00,509.2465542334176,505.95571478172394,457.3263112162129,283.0907639849399,306.1538415314684
8.50597,80.55125,339.53,0.45,0.39,2026-09-26,820,N,VIIRS,n,2.0NRT,302.99,4.41,D,2026-09-26T23:58:49.535237+00:00,509.83037898722273,514.3294730702505,482.86797817956,310.0363755836616,324.8064803643325
8.51433,80.50891,331.68,0.44,0.39,2026-09-26,820,N,VIIRS,l,2.0NRT,304.27,3.3,D,2026-09-26T23:58:49.535237+00:00,508.6450780879074,512.0657602109218,478.54531429695345,305.5646036978892,321.2003575698358
8.54566,80.37782,336.36,0.44,0.38,2026-09-26,820,N,VIIRS,n,2.0NRT,302.02,3.51,D,2026-09-26T23:58:49.535237+00:00,504.631395501924,504.6888985441232,464.8528030540335,291.4533472569778,309.73927769072685
8.59441,80.44006,333.3,0.44,0.38,2026-09-26,820,N,VIIRS,l,2.0NRT,304.19,1.76,D,2026-09-26T23:58:49.535237+00:00,499.4175023251288,501.361667871234,467.20279544431395,294.5079096445236,309.52420779553296
8.59794,80.43954,335.07,0.44,0.38,2026-09-26,820,N,VIIRS,n,2.0NRT,304.18,1.76,D,2026-09-26T23:58:49.535237+00:00,499.02314939866926,500.9690152864435,466.9284463324645,294.26043301175076,309.17898842019906
8.60856,80.43797,337.5,0.44,0.38,2026-09-26,822,N,VIIRS,n,2.0NRT,303.68,1.87,D,2026-09-26T23:58:49.535237+00:00,497.8367386504406,499.7875861346172,466.103631771639,293.51734710892805,308.14076912462957
8.65574,80.34158,332.17,0.44,0.38,2026-09-26,822,N,VIIRS,l,2.0NRT,304.13,1.77,D,2026-09-26T23:58:49.535237+00:00,492.3163068122066,491.82898398446986,454.42889161516274,281.7196064900966,297.5336098496705
8.67783,80.34644,347.28,0.44,0.38,2026-09-26,822,N,VIIRS,n,2.0NRT,303.3,2.44,D,2026-09-26T23:58:49.535237+00:00,489.8689792412104,489.6055034117447,453.44053492361184,280.9540380800599,295.8977384678457
8.69252,80.34837,339.46,0.44,0.38,2026-09-26,822,N,VIIRS,n,2.0NRT,305.41,3.07,D,2026-09-26T23:58:49.535237+00:00,488.23936935221366,488.0897263670907,452.6726637121912,280.33158128139434,294.72947000514324
8.69456,80.65285,338.83,0.45,0.39,2026-09-26,822,N,VIIRS,n,2.0NRT,304.89,15.53,D,2026-09-26T23:58:49.535237+00:00,489.7189644106089,497.9481590034044,480.31071711763724,309.8053075988721,316.0580448368786
8.69605,80.34785,336.23,0.44,0.38,2026-09-26,822,N,VIIRS,n,2.0NRT,303.41,3.5,D,2026-09-26T23:58:49.535237+00:00,487.84592642905005,487.69636880636267,452.4003212642982,280.0890114088934,294.38346238264796
8.69862,80.60626,335.67,0.45,0.39,2026-09-26,822,N,VIIRS,n,2.0NRT,302.21,3.73,D,2026-09-26T23:58:49.535237+00:00,488.86175949610015,495.8478273743691,475.76853412167435,305.0236747258088,312.29488218539854
8.70809,78.06082,348.23,0.38,0.36,2026-09-26,822,N,VIIRS,n,2.0NRT,306.85,9.22,D,2026-09-26T23:58:49.535237+00:00,542.9654367665438,482.36356994480514,283.8240722929056,135.4911018320452,242.06490164957253
8.71679,80.70417,341.23,0.45,0.39,2026-09-26,822,N,VIIRS,n,2.0NRT,304.37,4.12,D,2026-09-26T23:58:49.535237+00:00,487.76755159976227,497.5215150143086,483.73775423946375,313.79290020588115,318.0824024503612
8.72966,80.70682,336.1,0.45,0.39,2026-09-26,822,N,VIIRS,n,2.0NRT,302.94,3.08,D,2026-09-26T23:58:49.535237+00:00,486.37137785961755,496.27747899982853,483.22293620146104,313.44143386875214,317.24444038916647
8.76618,80.78199,340.33,0.46,0.39,2026-09-26,822,N,VIIRS,n,2.0NRT,303.94,14.5,D,2026-09-26T23:58:49.535237+00:00,483.2086914980945,495.39100979601375,488.1300509575902,319.25532333527553,320.11875902979614
8.76678,80.78616,337.53,0.46,0.39,2026-09-26,822,N,VIIRS,n,2.0NRT,303.78,15.19,D,2026-09-26T23:58:49.535237+00:00,483.19520205838916,495.49451980271596,488.4877723580121,319.64684161098705,320.3968018552972
8.76885,80.27734,330.0,0.44,0.38,2026-09-26,822,N,VIIRS,l,2.0NRT,302.52,2.31,D,2026-09-26T23:58:49.535237+00:00,479.67878183672076,477.8363780160842,441.41259014231827,269.38456773519886,283.244536101967
8.76892,80.28036,332.67,0.44,0.38,2026-09-26,822,N,VIIRS,l,2.0NRT,304.11,2.48,D,2026-09-26T23:58:49.535237+00:00,479.67160952765437,477.91522413205325,441.68083546419285,269.67204447443567,283.4397904843117
8.76978,80.78146,345.46,0.46,0.39,2026-09-26,822,N,VIIRS,n,2.0NRT,306.69,14.5,D,2026-09-26T23:58:49.535237+00:00,482.8043510281563,494.9967022923321,487.8731879392125,319.0393604272776,319.79523973344465
8.77038,80.78564,339.43,0.46,0.39,2026-09-26,822,N,VIIRS,n,2.0NRT,306.11,15.19,D,2026-09-26T23:58:49.535237+00:00,482.790977556323,495.10069166845796,488.23203492513994,319.4321441223555,320.07434134348415
8.77084,80.21663,332.71,0.43,0.38,2026-09-26,822,N,VIIRS,n,2.0NRT,301.08,2.44,D,2026-09-26T23:58:49.535237+00:00,479.4932781583312,475.9309879667687,435.8203535850417,263.44216979176184,279.06906975982
8.77263,80.54986,338.64,0.45,0.39,2026-09-26,822,N,VIIRS,n,2.0NRT,306.65,7.21,D,2026-09-26T23:58:49.535237+00:00,480.22556366891496,486.0695660559314,466.09472453158753,295.81917494306316,302.028128994862
8.80935,80.50854,333.97,0.45,0.39,2026-09-26,822,N,VIIRS,l,2.0NRT,305.13,2.66,D,2026-09-26T23:58:49.535237+00:00,475.88337332249773,480.769165945364,460.06959722382805,289.9571736409853,295.95772291887886
8.82292,80.20491,337.0,0.43,0.38,2026-09-26,822,N,VIIRS,n,2.0NRT,303.03,2.93,D,2026-09-26T23:58:49.535237+00:00,473.7203462994918,470.00134054776635,431.4461178162743,259.52068626374444,273.6495937850445
8.84194,80.53271,334.28,0.45,0.39,2026-09-26,822,N,VIIRS,n,2.0NRT,303.46,3.67,D,2026-09-26T23:58:49.535237+00:00,472.4172238950167,478.1627185243093,460.3810332169007,290.82547776387787,295.0550460036964
8.84936,80.86556,331.58,0.46,0.39,2026-09-26,822,N,VIIRS,l,2.0NRT,304.15,3.25,D,2026-09-26T23:58:49.535237+00:00,475.1817112783611,490.2259011161304,491.364168280388,324.105785988297,320.3693681421097
8.87714,80.85292,343.01,0.46,0.39,2026-09-26,822,N,VIIRS,n,2.0NRT,306.23,5.87,D,2026-09-26T23:58:49.535237+00:00,471.93378138166685,486.8405246440398,488.63160360166086,321.67456128506063,317.26064077613324
8.88012,80.74567,334.34,0.46,0.39,2026-09-26,822,N,VIIRS,n,2.0NRT,302.8,1.59,D,2026-09-26T23:58:49.535237+00:00,470.17155137231975,482.1361099552835,478.2404130020732,310.61258785310963,308.41602594010783
8.89633,79.94752,337.54,0.42,0.38,2026-09-26,822,N,VIIRS,n,2.0NRT,303.06,3.11,D,2026-09-26T23:58:49.535237+00:00,466.8372200747155,455.7900582874372,403.65547871174147,230.83913774874367,250.79789283813056
8.92074,80.89837,332.33,0.47,0.39,2026-09-26,822,N,VIIRS,l,2.0NRT,303.88,2.6,D,2026-09-26T23:58:49.535237+00:00,467.83006153486315,484.31937642484735,490.6393248162489,324.6091838647959,317.7673037004015
8.92887,80.7769,348.6,0.46,0.39,2026-09-26,822,N,VIIRS,n,2.0NRT,305.6,8.08,D,2026-09-26T23:58:49.535237+00:00,465.17614168576284,478.35769185537856,478.5321552862213,311.8066222913522,307.21526133101526
8.93248,80.77637,335.15,0.46,0.39,2026-09-26,822,N,VIIRS,l,2.0NRT,306.12,2.33,D,2026-09-26T23:58:49.535237+00:00,464.77066310520706,477.9635282682384,478.28480974885855,311.6084574354595,306.9011050526943
8.93734,80.52304,339.99,0.45,0.39,2026-09-26,822,N,VIIRS,n,2.0NRT,305.29,6.02,D,2026-09-26T23:58:49.535237+00:00,461.76473374572174,467.77264198341,453.93934820344816,285.58213330887236,286.59871795926796
8.9495,80.8167,339.97,0.46,0.39,2026-09-26,822,N,VIIRS,n,2.0NRT,306.62,2.76,D,2026-09-26T23:58:49.535237+00:00,463.43657915530224,477.8842191882991,481.2365575906538,315.08592184499827,308.92068520177673
8.9501,80.81703,340.52,0.46,0.39,2026-09-26,822,N,VIIRS,n,2.0NRT,307.34,2.51,D,2026-09-26T23:58:49.535237+00:00,463.37504002797823,477.8364293136048,481.2361117213241,315.0967044016716,308.9034035504266
8.95978,80.78133,348.72,0.46,0.39,2026-09-26,822,N,VIIRS,n,2.0NRT,307.79,6.65,D,2026-09-26T23:58:49.535237+00:00,461.82135392201286,475.3531065580523,477.28300927084524,311.0460129050251,305.26371990012814
9.01053,80.87718,336.56,0.47,0.39,2026-09-26,822,N,VIIRS,n,2.0NRT,306.37,3.71,D,2026-09-26T23:58:49.535237+00:00,457.61429122730436,474.2322124929034,483.8648583407128,319.06991957663547,309.5139954159376
9.01655,80.59075,337.56,0.45,0.39,2026-09-26,822,N,VIIRS,n,2.0NRT,303.31,7.77,D,2026-09-26T23:58:49.535237+00:00,453.4817448639784,461.9377962825487,455.93412149504877,289.2301049921811,285.6335539452451
9.04259,80.69253,335.2,0.46,0.39,2026-09-26,822,N,VIIRS,n,2.0NRT,303.32,3.58,D,2026-09-26T23:58:49.535237+00:00,451.5910399712785,463.1851546220882,464.3040794393759,298.7415403546899,291.85503183283834
9.04417,80.69297,336.52,0.46,0.39,2026-09-26,822,N,VIIRS,n,2.0NRT,304.91,2.79,D,2026-09-26T23:58:49.535237+00:00,451.4211520771156,463.0392728603682,464.262649755502,298.7288529925837,291.7736515834814
9.07893,80.32974,340.46,0.44,0.38,2026-09-26,822,N,VIIRS,n,2.0NRT,306.14,9.13,D,2026-09-26T23:58:49.535237+00:00,445.2455036084967,446.272565168785,427.6460478651556,259.98699743461975,260.5715224924125
9.11186,80.3127,332.35,0.44,0.38,2026-09-26,822,N,VIIRS,l,2.0NRT,305.07,1.22,D,2026-09-26T23:58:49.535237+00:00,441.5610347905548,442.22553085787473,424.17973227271665,256.92355647694745,256.6189988978862
9.12074,80.29913,330.14,0.44,0.38,2026-09-26,822,N,VIIRS,l,2.0NRT,304.56,0.88,D,2026-09-26T23:58:49.535237+00:00,440.56076828713844,440.8505913368531,422.3953393056562,255.1805530100424,254.87966048636088
9.2195,80.3095,331.36,0.44,0.38,2026-09-26,822,N,VIIRS,l,2.0NRT,303.84,1.47,D,2026-09-26T23:58:49.535237+00:00,429.58908656317374,430.6785682394786,417.9715156953365,252.58943001171417,247.78046895575883
9.26248,80.82026,333.53,0.47,0.39,2026-09-26,822,N,VIIRS,l,2.0NRT,305.18,3.0,D,2026-09-26T23:58:49.535237+00:00,428.99685039870843,446.0839024300019,465.79171120902714,305.1080237153529,287.2722303153847
9.33925,80.31741,339.36,0.44,0.39,2026-09-26,822,N,VIIRS,n,2.0NRT,304.43,5.66,D,2026-09-26T23:58:49.535237+00:00,416.2838140002633,418.24578462922443,412.48340914747985,249.57143189268626,239.1950560513615
9.34028,78.68941,344.93,0.39,0.36,2026-09-26,822,N,VIIRS,n,2.0NRT,307.78,4.35,D,2026-09-26T23:58:49.535237+00:00,450.4519619490543,400.5841955202718,265.98685695257274,90.16387480315193,161.26579465270427
9.34061,76.8941,331.55,0.39,0.36,2026-09-26,822,N,VIIRS,n,2.0NRT,299.64,3.41,D,2026-09-26T23:58:49.535237+00:00,555.6315947539998,466.60812664478414,186.5061015833401,149.266655051042,255.5094106481149
9.37735,80.71078,345.5,0.46,0.39,2026-09-26,822,N,VIIRS,n,2.0NRT,308.52,6.37,D,2026-09-26T23:58:49.535237+00:00,414.8013588748658,429.54348478413414,449.5437504915577,290.4837423209048,270.0399803451703
9.37794,80.71499,332.25,0.46,0.39,2026-09-26,822,N,VIIRS,n,2.0NRT,298.52,6.37,D,2026-09-26T23:58:49.535237+00:00,414.78955870942724,429.66759304986425,449.9380057591638,290.9210247998732,270.37665657116014
9.38405,80.60314,338.56,0.46,0.39,2026-09-26,822,N,VIIRS,n,2.0NRT,307.7,7.86,D,2026-09-26T23:58:49.535237+00:00,412.86562244453324,424.28351470136727,438.4897211466938,278.7932534419544,260.09661618437224
9.39037,77.61286,337.98,0.38,0.36,2026-09-26,822,N,VIIRS,n,2.0NRT,307.86,2.75,D,2026-09-26T23:58:49.535237+00:00,502.55322260762745,425.68492190936877,194.62045774668064,81.39259644093684,196.27783648433206
9.43486,78.68918,337.44,0.39,0.36,2026-09-26,822,N,VIIRS,n,2.0NRT,305.28,4.32,D,2026-09-26T23:58:49.535237+00:00,440.7540760647622,390.14846869431125,258.6862513192714,82.87258791291347,150.74986357632991
9.44371,78.42935,335.54,0.39,0.36,2026-09-26,822,N,VIIRS,l,2.0NRT,309.33,3.0,D,2026-09-26T23:58:49.535237+00:00,451.706522460713,393.6981918166347,237.89793967346134,63.38516691000837,152.7592380320357
9.47696,78.64985,339.91,0.39,0.36,2026-09-26,822,N,VIIRS,n,2.0NRT,308.04,7.68,D,2026-09-26T23:58:49.535237+00:00,438.1568537106586,386.0646806533693,252.33919250553785,76.54645254398804,146.18232389474744
9.50723,77.60115,343.68,0.38,0.36,2026-09-26,822,N,VIIRS,n,2.0NRT,311.03,2.35,D,2026-09-26T23:58:49.535237+00:00,492.71480083498193,414.24772970996685,182.10302430704112,73.42517121128138,186.95096672875337
9.54364,77.79539,346.46,0.38,0.36,2026-09-26,822,N,VIIRS,n,2.0NRT,311.06,5.38,D,2026-09-26T23:58:49.535237+00:00,477.15683328468725,402.3916952847981,187.80488732579533,55.354611427815634,170.66540282236852
9.64229,79.87717,337.09,0.43,0.38,2026-09-26,822,N,VIIRS,n,2.0NRT,304.98,3.18,D,2026-09-26T23:58:49.535237+00:00,384.95332730327266,373.0189084337133,354.23551685179405,195.1207759636618,181.00456678168516
9.65213,79.8956,335.5,0.43,0.38,2026-09-26,822,N,VIIRS,n,2.0NRT,305.36,1.56,D,2026-09-26T23:58:49.535237+00:00,383.64665690391604,372.39455250985105,355.5825634395842,196.93964174167638,181.67424230546158
9.65562,79.89509,330.43,0.43,0.38,2026-09-26,822,N,VIIRS,l,2.0NRT,304.03,1.56,D,2026-09-26T23:58:49.535237+00:00,383.2667071677677,372.0037629145577,355.3650754294952,196.8239455350639,181.36347782573688
9.66552,79.88963,338.08,0.43,0.38,2026-09-26,822,N,VIIRS,n,2.0NRT,305.13,4.69,D,2026-09-26T23:58:49.535237+00:00,382.23632777100147,370.7975811119645,354.3521460415264,196.06467825506877,180.16735755052454
9.69224,80.07042,338.31,0.44,0.38,2026-09-26,822,N,VIIRS,n,2.0NRT,302.1,2.87,D,2026-09-26T23:58:49.535237+00:00,377.63333930602744,372.8181035902858,371.1543997621116,215.29201996393843,192.99101898801058
9.69627,77.82104,341.06,0.38,0.36,2026-09-26,822,N,VIIRS,l,2.0NRT,314.53,8.06,D,2026-09-26T23:58:49.535237+00:00,461.5970218086138,385.5628261189612,174.69318298825948,41.46763311305235,155.41356627095365
9.7041,77.67243,333.88,0.38,0.36,2026-09-26,822,N,VIIRS,l,2.0NRT,305.39,5.37,D,2026-09-26T23:58:49.535237+00:00,470.45235053928275,391.0634783139928,165.68066307729018,54.83717894910498,165.38123523781312
9.70794,77.67541,343.31,0.38,0.36,2026-09-26,822,N,VIIRS,n,2.0NRT,305.63,5.37,D,2026-09-26T23:58:49.535237+00:00,469.9147994694691,390.5408341129814,165.45919178422275,54.35414666604877,164.84619859560507
9.7139,77.27146,342.21,0.38,0.36,2026-09-26,822,N,VIIRS,n,2.0NRT,306.89,4.06,D,2026-09-26T23:58:49.535237+00:00,497.15509549455743,409.8525113406502,148.93311680731,95.87264294529756,197.292078032572
9.75053,80.22606,340.47,0.44,0.39,2026-09-26,822,N,VIIRS,n,2.0NRT,304.16,4.23,D,2026-09-26T23:58:49.535237+00:00,370.55233333368267,371.6760195865628,384.3881804130159,231.5769238014573,202.6807585521774
9.76754,77.95619,338.82,0.39,0.36,2026-09-26,822,N,VIIRS,l,2.0NRT,310.63,2.19,D,2026-09-26T23:58:49.535237+00:00,446.65777107766604,372.88882247777946,176.82523487147395,25.072445460691764,140.16112975506613
9.80014,78.46754,339.12,0.39,0.36,2026-09-26,822,N,VIIRS,l,2.0NRT,309.9,2.63,D,2026-09-26T23:58:49.535237+00:00,414.53011749430397,354.02277119188705,213.6254048981031,40.55418590506703,113.1382974262192
9.82869,78.27081,336.86,0.39,0.36,2026-09-26,822,N,VIIRS,n,2.0NRT,303.41,1.59,D,2026-09-26T23:58:49.535237+00:00,422.38266552890263,355.96298906444343,195.27908625794203,19.71860139246045,117.00879166859548
9.83428,78.91562,347.16,0.4,0.37,2026-09-26,822,N,VIIRS,n,2.0NRT,309.79,7.99,D,2026-09-26T23:58:49.535237+00:00,390.22089646394625,343.5414901082518,251.44116884876235,87.76304260027504,108.80167486398561
10.00231,78.3959,337.89,0.39,0.36,2026-09-26,822,N,VIIRS,n,2.0NRT,304.13,1.63,D,2026-09-26T23:58:49.535237+00:00,398.7857286198849,333.83561841874183,193.6841766807819,31.430020141417103,93.92476914086501
10.07318,78.54955,334.87,0.39,0.36,2026-09-26,822,N,VIIRS,n,2.0NRT,303.97,0.59,D,2026-09-26T23:58:49.535237+00:00,383.5741034526707,322.47925225205796,203.3779472711604,49.853903495856166,81.54690453785187
10.08131,77.55166,333.71,0.38,0.36,2026-09-26,822,N,VIIRS,l,2.0NRT,307.51,1.36,D,2026-09-26T23:58:49.535237+00:00,446.1900666698105,359.23857984042814,122.73229741415112,64.59015814171377,148.7192620150789
10.10535,77.7984,340.96,0.39,0.36,2026-09-26,822,N,VIIRS,n,2.0NRT,304.09,5.6,D,2026-09-26T23:58:49.535237+00:00,426.740497451361,344.7243992529883,136.9481605982055,40.49505562492602,125.0034895016854
10.10597,78.95609,336.68,0.4,0.37,2026-09-26,822,N,VIIRS,l,2.0NRT,309.46,2.0,D,2026-09-26T23:58:49.535237+00:00,360.63670768188996,313.10709016822517,240.96866953709784,93.75412271327568,80.92814622873684
10.29494,77.39894,331.92,0.38,0.36,2026-09-26,822,N,VIIRS,n,2.0NRT,302.86,2.92,D,2026-09-26T23:58:49.535237+00:00,440.28532879619974,347.3058279654633,93.74317953210111,88.97904051346521,153.00905575325447
10.30704,78.57528,334.55,0.4,0.37,2026-09-26,822,N,VIIRS,l,2.0NRT,305.3,1.12,D,2026-09-26T23:58:49.535237+00:00,359.62608563344054,296.43696480457265,193.76836891885793,65.48830060252635,55.58874857763251
10.33635,78.41594,331.75,0.39,0.36,2026-09-26,822,N,VIIRS,l,2.0NRT,305.71,1.35,D,2026-09-26T23:58:49.535237+00:00,366.1024924425385,297.3229345846761,176.57997080096987,56.043730065755966,59.552311874559955
10.37486,79.26812,343.2,0.41,0.37,2026-09-26,822,N,VIIRS,n,2.0NRT,310.65,7.06,D,2026-09-26T23:58:49.535237+00:00,320.26888960117896,283.0030805267335,262.53902982473613,135.26866942232286,76.99718158213682
10.435,79.22451,338.54,0.41,0.37,2026-09-26,822,N,VIIRS,n,2.0NRT,305.74,2.91,D,2026-09-26T23:58:49.535237+00:00,315.6674886469545,276.11202567165486,256.16345690206913,133.5333990126675,69.21085289848882
10.46607,79.25027,347.44,0.41,0.37,2026-09-26,822,N,VIIRS,n,2.0NRT,310.6,5.43,D,2026-09-26T23:58:49.535237+00:00,311.4346219843803,272.7769327911599,258.0334735664622,137.56074138817974,69.68786867771684
10.53714,77.34552,339.3,0.38,0.36,2026-09-26,822,N,VIIRS,n,2.0NRT,308.05,3.97,D,2026-09-26T23:58:49.535237+00:00,425.9873378920659,328.39672582375,68.2418079739387,108.66764906650884,151.17185302218346
10.54768,79.61707,341.17,0.43,0.38,2026-09-26,822,N,VIIRS,n,2.0NRT,309.96,4.71,D,2026-09-26T23:58:49.535237+00:00,290.7183054973092,268.63119672281067,295.33673369064803,177.8587948117825,103.28847967658396
10.57782,77.92455,335.73,0.39,0.36,2026-09-26,822,N,VIIRS,l,2.0NRT,308.28,1.73,D,2026-09-26T23:58:49.535237+00:00,377.8420884527423,291.40420658705403,116.52883420799115,75.64749701768675,88.46436703400447
10.63384,78.84853,340.95,0.4,0.37,2026-09-26,822,N,VIIRS,l,2.0NRT,312.25,5.43,D,2026-09-26T23:58:49.535237+00:00,313.2015531288877,255.6952867824003,211.05638068472004,112.0974831342185,23.460464082351947
10.72019,79.00944,336.24,0.41,0.37,2026-09-26,822,N,VIIRS,l,2.0NRT,309.92,3.13,D,2026-09-26T23:58:49.535237+00:00,296.3783245294297,244.58547217263686,226.66986731364307,131.47552261359766,34.19598003914455
10.78774,79.56223,337.32,0.43,0.38,2026-09-26,822,N,VIIRS,l,2.0NRT,307.92,2.89,D,2026-09-26T23:58:49.535237+00:00,266.5718630714735,241.28207573769768,285.72727614702427,184.64028894628962,93.66788522370294
10.83539,78.67876,337.72,0.4,0.37,2026-09-26,822,N,VIIRS,n,2.0NRT,307.13,2.84,D,2026-09-26T23:58:49.535237+00:00,304.0220911165938,236.6168213414354,189.18958201687857,118.24009413972215,5.739547291702999
10.84435,78.01187,336.25,0.39,0.36,2026-09-26,822,N,VIIRS,l,2.0NRT,307.83,1.8,D,2026-09-26T23:58:49.535237+00:00,349.7350370151865,260.686131471024,116.88275400673405,102.88426397334409,75.90673426200786
10.90489,79.74549,343.07,0.43,0.38,2026-09-26,822,N,VIIRS,n,2.0NRT,306.72,4.2,D,2026-09-26T23:58:49.535237+00:00,248.8072860743503,233.41094266443378,304.79350300017177,208.5080137875257,114.37198232578758
10.94313,77.14717,333.49,0.38,0.36,2026-09-26,822,N,VIIRS,l,2.0NRT,306.36,0.62,D,2026-09-26T23:58:49.535237+00:00,414.7172466924698,307.88873004184626,22.43856822113446,155.3204465994615,170.928228164507
10.99091,77.61662,335.84,0.39,0.36,2026-09-26,822,N,VIIRS,l,2.0NRT,308.58,1.84,D,2026-09-26T23:58:49.535237+00:00,370.67260384239626,270.2510483542756,72.18626901732378,130.65181455502017,120.88159850010851
11.0683,79.28805,345.74,0.42,0.38,2026-09-26,822,N,VIIRS,n,2.0NRT,308.27,5.75,D,2026-09-26T23:58:49.535237+00:00,248.16754317314016,206.20565197225477,254.59660270323585,180.19544018998724,70.78465702629958
11.11987,76.91008,331.46,0.38,0.36,2026-09-26,822,N,VIIRS,n,2.0NRT,301.23,2.09,D,2026-09-26T23:58:49.535237+00:00,425.58439021323795,313.57009586402404,12.49976467812904,187.4482026343236,199.30928820361888
11.13725,76.97904,339.08,0.38,0.36,2026-09-26,822,N,VIIRS,l,2.0NRT,309.78,4.62,D,2026-09-26T23:58:49.535237+00:00,418.1532366474522,306.5703904582812,13.631410990420534,183.61895028445534,192.28695850309583
11.19537,78.07644,336.38,0.39,0.36,2026-09-26,822,N,VIIRS,l,2.0NRT,308.74,3.18,D,2026-09-26T23:58:49.535237+00:00,317.7021196533255,223.189162634817,123.87739683058034,141.31596456166866,82.03412911333366
11.23387,78.15085,341.42,0.39,0.36,2026-09-26,822,N,VIIRS,n,2.0NRT,306.23,3.46,D,2026-09-26T23:58:49.535237+00:00,308.79686501155203,215.40362815587716,132.60141043322028,145.5570355627842,78.0056331202987
11.24288,79.49145,338.93,0.43,0.38,2026-09-26,822,N,VIIRS,n,2.0NRT,304.27,3.58,D,2026-09-26T23:58:49.535237+00:00,221.41911170841152,190.14645511208064,277.7873458491112,209.62937646449203,99.51890864893632
11.24491,79.49097,337.15,0.43,0.38,2026-09-26,822,N,VIIRS,n,2.0NRT,304.82,2.4,D,2026-09-26T23:58:49.535237+00:00,221.23043212596832,189.91479378462924,277.75475014671696,209.74935615095154,99.58778701703268
11.55692,79.57756,332.3,0.43,0.38,2026-09-26,822,N,VIIRS,l,2.0NRT,305.57,2.63,D,2026-09-26T23:58:49.535237+00:00,185.6170683184208,158.7257505166058,292.12643606727147,241.41350295442527,127.78522287830627
11.65005,79.12338,349.0,0.42,0.37,2026-09-26,822,N,VIIRS,n,2.0NRT,310.81,6.85,D,2026-09-26T23:58:49.535237+00:00,202.2518582257222,140.82630075699075,246.58930521827799,220.90921481727912,105.9261482064277
11.80806,77.92495,338.09,0.39,0.36,2026-09-26,822,N,VIIRS,n,2.0NRT,305.88,1.88,D,2026-09-26T23:58:49.535237+00:00,291.4793768954108,179.98223707022993,137.4754770358368,210.4428328634518,141.53150064642395
12.12938,79.6552,333.16,0.44,0.38,2026-09-26,822,N,VIIRS,l,2.0NRT,307.02,3.52,D,2026-09-26T23:58:49.535237+00:00,125.2908223981504,104.30552693397182,319.0155346626101,296.89866192804834,181.36506837207483
12.79066,79.92429,338.35,0.46,0.39,2026-09-26,822,N,VIIRS,n,2.0NRT,303.34,3.15,D,2026-09-26T23:58:49.535237+00:00,49.6373702400113,86.96981746486692,378.4346075067501,374.4482286097408,259.00949855330543
12.82633,79.09394,330.51,0.43,0.38,2026-09-26,822,N,VIIRS,l,2.0NRT,304.19,2.44,D,2026-09-26T23:58:49.535237+00:00,130.6667070981959,10.862849723282022,307.5605317238315,339.6157033948682,230.3037126790129
12.82812,78.09982,337.1,0.4,0.37,2026-09-26,822,N,VIIRS,n,2.0NRT,298.22,2.39,D,2026-09-26T23:58:49.535237+00:00,236.94235354118274,112.3734671162223,236.7612600961956,322.7973227009594,235.9431820680379
12.83148,78.0993,331.1,0.4,0.37,2026-09-26,822,N,VIIRS,n,2.0NRT,297.6,2.04,D,2026-09-26T23:58:49.535237+00:00,236.95239272333453,112.3968312198766,237.04906160448814,323.17131597678315,236.31763906866695
12.84197,78.52441,335.22,0.41,0.37,2026-09-26,822,N,VIIRS,n,2.0NRT,303.33,3.85,D,2026-09-26T23:58:49.535237+00:00,191.1138313590688,66.43433876442602,265.15778304186864,327.31451342657016,228.95537353243347
12.89057,79.12044,342.29,0.43,0.38,2026-09-26,822,N,VIIRS,n,2.0NRT,301.97,3.42,D,2026-09-26T23:58:49.535237+00:00,126.44926686274263,3.1657482542503312,314.412246677769,347.30015070078673,237.85932816877343
12.96144,80.15998,332.25,0.47,0.4,2026-09-26,822,N,VIIRS,l,2.0NRT,303.17,1.93,D,2026-09-26T23:58:49.535237+00:00,18.046663010546407,111.46163574251823,410.12995976436764,404.2387945379551,288.69698127766367
12.96205,80.15907,330.19,0.47,0.4,2026-09-26,822,N,VIIRS,l,2.0NRT,302.72,1.93,D,2026-09-26T23:58:49.535237+00:00,18.061890834506155,111.36604527071505,410.0812916945872,404.2407878539637,288.6993140694992
13.39185,80.10226,333.78,0.48,0.4,2026-09-26,822,N,VIIRS,l,2.0NRT,304.6,5.08,D,2026-09-26T23:58:49.535237+00:00,38.91155626277333,117.55574732637974,432.04614151094273,441.79533056688837,326.7339066500479
13.46123,79.84966,336.2,0.46,0.39,2026-09-26,822,N,VIIRS,n,2.0NRT,302.95,2.27,D,2026-09-26T23:58:49.535237+00:00,62.03200150698011,98.47316050661186,415.6349298406925,435.9631249088237,321.9976763984582
13.66248,79.64047,335.82,0.46,0.39,2026-09-26,822,N,VIIRS,l,2.0NRT,306.67,1.99,D,2026-09-26T23:58:49.535237+00:00,93.83194455740171,99.51050586290931,414.2134640545418,447.3050250726591,335.14639601306885
13.73615,79.64259,331.93,0.46,0.39,2026-09-26,822,N,VIIRS,l,2.0NRT,306.16,1.37,D,2026-09-26T23:58:49.535237+00:00,99.4741777148498,106.54941666025103,420.2011918412266,455.0009777393804,343.0249744671605
13.39359,80.10271,309.0,0.56,0.52,2026-09-26,2055,N,VIIRS,n,2.0NRT,293.68,2.08,N,2026-09-26T23:58:49.535237+00:00,39.05985914552071,117.68602440009525,432.2022063324335,441.987737422461,326.92770773815846
13.39402,80.10165,309.52,0.56,0.52,2026-09-26,2055,N,VIIRS,n,2.0NRT,293.89,1.75,N,2026-09-26T23:58:49.535237+00:00,39.155660173244236,117.60508230512347,432.14008459119634,441.97301231312025,326.91643046302494
13.70815,79.62062,305.39,0.52,0.5,2026-09-26,2055,N,VIIRS,n,2.0NRT,293.72,1.51,N,2026-09-26T23:58:49.535237+00:00,98.90132172260704,102.65731990451052,416.3154779696693,451.2352838199935,339.3473419053857
13.70913,79.61923,307.51,0.52,0.5,2026-09-26,2055,N,VIIRS,n,2.0NRT,294.07,1.37,N,2026-09-26T23:58:49.535237+00:00,99.0847526319198,102.67348819714535,416.28851595269884,451.2820490338193,339.40722329142295
10.56129,78.41022,305.79,0.49,0.48,2026-09-26,2057,N,VIIRS,n,2.0NRT,292.68,2.12,N,2026-09-26T23:58:49.535237+00:00,345.8321958254586,273.43618427755547,166.74370664475597,77.54091652540205,41.04877779077461
11.1663,77.33911,303.9,0.41,0.45,2026-09-26,2057,N,VIIRS,n,2.0NRT,291.8,0.54,N,2026-09-26T23:58:49.535237+00:00,383.3681214242942,275.5119613653565,45.0084169786874,162.25946037063358,154.81350848480966
12.02698,79.06425,303.3,0.51,0.49,2026-09-26,2057,N,VIIRS,n,2.0NRT,290.96,0.66,N,2026-09-26T23:58:49.535237+00:00,175.85833005752482,99.18727997814372,255.71247942362973,255.43439480723382,142.96637939925034
12.74702,77.6179,302.81,0.4,0.44,2026-09-26,2057,N,VIIRS,n,2.0NRT,288.75,0.45,N,2026-09-26T23:58:49.535237+00:00,289.92691782973594,165.287423262371,205.43747338021274,318.5066805801723,247.63894291167753
12.97514,80.02472,308.5,0.57,0.52,2026-09-26,2057,N,VIIRS,n,2.0NRT,292.57,1.74,N,2026-09-26T23:58:49.535237+00:00,29.20853809477023,96.90820345923264,398.52825617903727,397.61966855065083,282.2028637655193
12.97608,80.02245,306.8,0.57,0.52,2026-09-26,2057,N,VIIRS,n,2.0NRT,292.44,1.5,N,2026-09-26T23:58:49.535237+00:00,29.39069896666822,96.66969135100076,398.3781586320867,397.57958918808254,282.1671318606415
8.03902,80.1237,330.8,0.43,0.38,2026-09-27,801,N,VIIRS,l,2.0NRT,300.27,7.22,D,2026-09-27T14:22:38.305441+00:00,561.0616149727557,553.0666620863151,479.88492490780544,304.01225937079505,343.26493465431605
8.04106,80.00227,332.73,0.44,0.38,2026-09-27,801,N,VIIRS,n,2.0NRT,298.26,2.73,D,2026-09-27T14:22:38.305441+00:00,561.3716154595501,550.3969712396048,470.17707422006805,294.3398414743987,337.2288120178354
8.04611,81.04599,333.89,0.4,0.37,2026-09-27,801,N,VIIRS,l,2.0NRT,296.97,3.43,D,2026-09-27T14:22:38.305441+00:00,566.4145090882062,580.546281544819,556.9943250859463,383.32164278262394,398.83810626490225
8.06904,80.19894,336.09,0.43,0.38,2026-09-27,801,N,VIIRS,l,2.0NRT,298.12,23.2,D,2026-09-27T14:22:38.305441+00:00,557.5486944913257,551.4721358816914,483.61019149739195,307.7916003840138,344.1427851291883
8.09114,81.06443,340.09,0.4,0.37,2026-09-27,801,N,VIIRS,n,2.0NRT,299.87,4.6,D,2026-09-27T14:22:38.305441+00:00,561.7708832419866,576.6081332624718,555.6545814210064,382.3105154384914,396.3275725794052
8.0939,81.37521,335.32,0.4,0.37,2026-09-27,801,N,VIIRS,n,2.0NRT,297.46,4.54,D,2026-09-27T14:22:38.305441+00:00,567.7048581216698,589.6144956571957,583.44600181022,411.4279758938565,419.1609076824482
8.09559,81.36395,330.08,0.4,0.37,2026-09-27,801,N,VIIRS,n,2.0NRT,295.81,3.9,D,2026-09-27T14:22:38.305441+00:00,567.260823253606,588.9326352239483,582.315387900175,410.2600517178353,418.163738075306
8.10757,80.0806,342.69,0.43,0.38,2026-09-27,801,N,VIIRS,n,2.0NRT,297.84,4.16,D,2026-09-27T14:22:38.305441+00:00,553.5989992287392,544.6760420890607,471.18665820664603,295.3212638220023,334.3220147680829
8.12629,80.01707,330.62,0.44,0.38,2026-09-27,801,N,VIIRS,l,2.0NRT,299.65,4.04,D,2026-09-27T14:22:38.305441+00:00,551.823875885057,541.3491504217337,464.6984572751412,288.82446442376545,329.36023762417335
8.12658,81.0028,331.42,0.4,0.37,2026-09-27,801,N,VIIRS,l,2.0NRT,298.14,6.07,D,2026-09-27T14:22:38.305441+00:00,556.86999674298,570.4910065944852,547.8523569772047,374.47111450505827,388.9294010593553
8.18101,80.56894,336.35,0.42,0.37,2026-09-27,801,N,VIIRS,l,2.0NRT,301.16,8.07,D,2026-09-27T14:22:38.305441+00:00,546.0160755015811,549.4628869997141,506.27967108363305,331.5672708833098,354.950444163574
8.18616,81.00066,330.78,0.4,0.37,2026-09-27,801,N,VIIRS,l,2.0NRT,301.85,12.48,D,2026-09-27T14:22:38.305441+00:00,550.2795557911309,564.2196097418422,543.7710783841277,370.75303420788055,383.7400438717909
8.20205,77.69086,342.9,0.38,0.43,2026-09-27,801,N,VIIRS,n,2.0NRT,300.44,3.56,D,2026-09-27T14:22:38.305441+00:00,611.5214142228907,547.3831156558906,323.1922099895891,197.30927892619042,308.5490251665986
8.20263,77.69432,332.12,0.38,0.43,2026-09-27,801,N,VIIRS,n,2.0NRT,300.29,3.56,D,2026-09-27T14:22:38.305441+00:00,611.2899370314166,547.212601055905,323.2245313544651,197.15627129017935,308.35229171148933
8.20492,80.67654,335.31,0.41,0.37,2026-09-27,801,N,VIIRS,l,2.0NRT,297.45,5.49,D,2026-09-27T14:22:38.305441+00:00,544.193452943368,550.4039367871152,513.9277694782083,339.708588140804,359.74274914851355
8.24076,80.41956,347.42,0.42,0.38,2026-09-27,801,N,VIIRS,n,2.0NRT,300.0,10.24,D,2026-09-27T14:22:38.305441+00:00,538.6446796562353,538.6043263054435,489.3308661319287,314.38899938440466,340.2098106530562
8.25666,80.29557,335.17,0.42,0.38,2026-09-27,801,N,VIIRS,l,2.0NRT,299.3,5.76,D,2026-09-27T14:22:38.305441+00:00,536.6380404849009,533.508387391392,477.71780647755605,302.4717460614914,331.3812344523987
8.25981,80.24771,335.83,0.43,0.38,2026-09-27,801,N,VIIRS,n,2.0NRT,296.48,2.85,D,2026-09-27T14:22:38.305441+00:00,536.2867798869833,531.9457857314126,473.4815376501603,298.1206084178785,328.3483196067642
8.26073,80.78909,348.0,0.41,0.37,2026-09-27,801,N,VIIRS,n,2.0NRT,296.2,7.54,D,2026-09-27T14:22:38.305441+00:00,539.1605450979783,548.4311633062231,520.0660097267062,346.6190004205701,362.4455768855137
8.26682,80.53957,336.02,0.42,0.37,2026-09-27,801,N,VIIRS,l,2.0NRT,300.76,5.07,D,2026-09-27T14:22:38.305441+00:00,536.3062302850859,539.3964532443206,497.8105328454598,323.39805162826383,345.2931942955181
8.26741,80.54334,335.57,0.42,0.37,2026-09-27,801,N,VIIRS,n,2.0NRT,299.58,5.07,D,2026-09-27T14:22:38.305441+00:00,536.2634351701532,539.4511051940685,498.0961559552721,323.70063088124806,345.4808528341407
8.28156,80.74397,330.3,0.41,0.37,2026-09-27,801,N,VIIRS,l,2.0NRT,298.37,4.93,D,2026-09-27T14:22:38.305441+00:00,536.3595825257859,544.6296458864966,514.6965766534903,341.1875582547225,357.5319370258853
8.32538,80.55769,335.02,0.42,0.37,2026-09-27,801,N,VIIRS,l,2.0NRT,298.71,3.22,D,2026-09-27T14:22:38.305441+00:00,529.9177934175342,533.7285313431424,495.3928423251939,321.36714869341546,341.1918968122955
8.32598,80.56145,349.3,0.42,0.37,2026-09-27,801,N,VIIRS,n,2.0NRT,302.52,9.21,D,2026-09-27T14:22:38.305441+00:00,529.8756468767241,533.7846858688915,495.680768510651,321.6739355249141,341.38387624276425
8.36766,80.86683,332.17,0.41,0.37,2026-09-27,801,N,VIIRS,n,2.0NRT,299.33,3.38,D,2026-09-27T14:22:38.305441+00:00,528.3157681836432,540.1323559662032,520.0964382808443,347.7559134415902,358.8471594063516
8.37862,81.22944,334.9,0.4,0.37,2026-09-27,801,N,VIIRS,n,2.0NRT,302.33,4.06,D,2026-09-27T14:22:38.305441+00:00,533.4475317587156,554.1583661479731,552.6522122749852,382.23358607427105,385.4109695827901
8.39735,80.52306,344.67,0.42,0.37,2026-09-27,801,N,VIIRS,n,2.0NRT,297.96,7.91,D,2026-09-27T14:22:38.305441+00:00,521.7156538529832,524.9669198278842,487.5187851759332,313.7824692877206,332.4940730013728
8.40219,81.04082,336.97,0.4,0.37,2026-09-27,801,N,VIIRS,l,2.0NRT,304.62,4.54,D,2026-09-27T14:22:38.305441+00:00,527.2011697584395,543.53804862025,533.8012675458025,362.62066829281696,368.94200820527635
8.40334,81.04807,336.84,0.4,0.37,2026-09-27,801,N,VIIRS,l,2.0NRT,304.47,5.03,D,2026-09-27T14:22:38.305441+00:00,527.2018373230252,543.7241535508659,534.3976221028992,363.26454632244287,369.4020027433559
8.4055,81.29141,345.34,0.4,0.37,2026-09-27,801,N,VIIRS,n,2.0NRT,307.36,9.86,D,2026-09-27T14:22:38.305441+00:00,531.893362962461,554.2808581241134,556.839746284971,386.99509872123656,388.26346690218446
8.40886,81.29089,337.37,0.4,0.37,2026-09-27,801,N,VIIRS,n,2.0NRT,305.7,3.17,D,2026-09-27T14:22:38.305441+00:00,531.5160239683764,553.9180794162435,556.5944361624668,386.7792928000078,387.9657239185699
8.40942,80.53268,331.69,0.42,0.37,2026-09-27,801,N,VIIRS,n,2.0NRT,294.25,3.22,D,2026-09-27T14:22:38.305441+00:00,520.432084087351,523.9873723457457,487.5599242272394,313.9445710884595,332.0542804975388
8.44138,80.58508,333.1,0.41,0.37,2026-09-27,801,N,VIIRS,n,2.0NRT,297.45,2.92,D,2026-09-27T14:22:38.305441+00:00,517.2319247627423,522.2976670572699,490.08895874405323,316.93773267253806,332.74978313339244
8.50226,80.15409,340.43,0.43,0.38,2026-09-27,801,N,VIIRS,n,2.0NRT,301.97,8.56,D,2026-09-27T14:22:38.305441+00:00,509.480835036849,503.36518633758425,448.32699338866763,273.65616355423043,299.9685898677942
8.50574,80.15354,367.0,0.43,0.38,2026-09-27,801,N,VIIRS,h,2.0NRT,298.91,14.7,D,2026-09-27T14:22:38.305441+00:00,509.0955016249095,502.9744073762093,448.03726472392356,273.3824478948815,299.60805478975345
8.52986,80.72357,333.77,0.41,0.37,2026-09-27,801,N,VIIRS,n,2.0NRT,296.9,4.53,D,2026-09-27T14:22:38.305441+00:00,508.6620196702382,517.804891801325,496.89820947430985,325.1739705146478,334.89782921232717
8.53044,80.72728,334.27,0.41,0.37,2026-09-27,801,N,VIIRS,n,2.0NRT,299.21,5.85,D,2026-09-27T14:22:38.305441+00:00,508.63737410930815,517.8802410780692,497.19984788267607,325.5009345041199,335.1181830945543
8.53803,80.79787,331.86,0.41,0.37,2026-09-27,801,N,VIIRS,l,2.0NRT,303.55,5.75,D,2026-09-27T14:22:38.305441+00:00,508.6119784012533,519.7327210648962,503.18010911056433,331.9371581154965,339.66177759760524
8.59324,80.41416,336.94,0.42,0.38,2026-09-27,801,N,VIIRS,n,2.0NRT,299.4,10.38,D,2026-09-27T14:22:38.305441+00:00,499.4508362198386,500.68832334727347,464.9630496696129,292.1202006211196,307.89149043188644
8.60012,80.41306,334.98,0.42,0.38,2026-09-27,801,N,VIIRS,l,2.0NRT,299.29,8.76,D,2026-09-27T14:22:38.305441+00:00,498.68242914990145,499.91981614298834,464.41870558923296,291.62681907126205,307.21015192788076
8.61954,80.51427,335.89,0.41,0.37,2026-09-27,801,N,VIIRS,n,2.0NRT,300.12,9.47,D,2026-09-27T14:22:38.305441+00:00,496.99267276083623,501.06297330537785,472.2747302095947,300.20773928987734,312.4188444863542
8.63375,81.02565,331.22,0.4,0.37,2026-09-27,801,N,VIIRS,l,2.0NRT,297.97,4.69,D,2026-09-27T14:22:38.305441+00:00,501.51960309441546,519.1612278915294,518.6686984860252,349.7222449292191,349.590616794335
8.64885,80.74599,343.07,0.41,0.37,2026-09-27,801,N,VIIRS,n,2.0NRT,304.92,10.2,D,2026-09-27T14:22:38.305441+00:00,495.744571454218,506.1968014848112,491.67099256720803,321.23583093092066,326.73597624078366
8.66527,77.87013,341.56,0.55,0.43,2026-09-27,801,N,VIIRS,n,2.0NRT,304.81,21.6,D,2026-09-27T14:22:38.305441+00:00,556.7330085292476,492.40510838644593,280.00699121286965,142.75149901395307,253.39611680909317
8.69384,80.47895,336.31,0.42,0.37,2026-09-27,801,N,VIIRS,l,2.0NRT,297.5,6.59,D,2026-09-27T14:22:38.305441+00:00,488.5481690014427,492.01950196235083,464.40595616759583,292.84500346824024,303.57294554276
8.69444,80.48271,337.58,0.42,0.37,2026-09-27,801,N,VIIRS,n,2.0NRT,299.63,6.59,D,2026-09-27T14:22:38.305441+00:00,488.5007973843398,492.0786543514522,464.71095399968664,293.17842745205724,303.7857115891168
8.74985,80.52431,330.91,0.41,0.37,2026-09-27,801,N,VIIRS,l,2.0NRT,303.45,7.07,D,2026-09-27T14:22:38.305441+00:00,482.585567620683,487.596538999599,465.11235271461953,294.4184189537554,302.06381707396764
8.7558,80.25195,331.73,0.42,0.38,2026-09-27,801,N,VIIRS,l,2.0NRT,303.65,7.99,D,2026-09-27T14:22:38.305441+00:00,481.13368100514805,478.5221604775513,439.9565053302839,267.64573168907344,282.72248940584694
8.79929,80.11479,335.84,0.43,0.38,2026-09-27,801,N,VIIRS,l,2.0NRT,304.73,7.58,D,2026-09-27T14:22:38.305441+00:00,476.59735062799297,470.2063530963447,424.87113752080205,252.1500145700918,269.98876515169354
8.81001,77.62442,339.5,0.57,0.43,2026-09-27,801,N,VIIRS,n,2.0NRT,306.92,6.96,D,2026-09-27T14:22:38.305441+00:00,556.0040612184853,485.39784055593736,256.0784628703732,135.390513080031,250.0133360320538
8.81357,80.09267,333.92,0.43,0.38,2026-09-27,801,N,VIIRS,l,2.0NRT,303.97,4.04,D,2026-09-27T14:22:38.305441+00:00,475.1031018441608,468.11322832819127,421.9707744131812,249.2513508686283,267.30004785916833
8.83773,77.55944,334.49,0.57,0.43,2026-09-27,801,N,VIIRS,l,2.0NRT,304.82,2.96,D,2026-09-27T14:22:38.305441+00:00,557.1001504496375,484.9634207264836,251.15906283633012,135.65055929885494,250.7855523775514
8.9003,77.4092,332.14,0.39,0.44,2026-09-27,801,N,VIIRS,n,2.0NRT,301.27,2.17,D,2026-09-27T14:22:38.305441+00:00,560.1734041716009,484.5849201433185,240.5249597409143,138.07222247126705,253.6108126709142
8.9289,80.50684,330.93,0.41,0.37,2026-09-27,801,N,VIIRS,l,2.0NRT,304.68,8.87,D,2026-09-27T14:22:38.305441+00:00,462.5997354523769,468.09138150712164,452.89819467119776,284.309957521211,286.048258350211
8.93291,80.51003,336.05,0.41,0.37,2026-09-27,801,N,VIIRS,l,2.0NRT,306.06,8.02,D,2026-09-27T14:22:38.305441+00:00,462.17406726968846,467.7805389995739,452.9679262627405,284.45761764997417,285.96651184422075
8.93633,80.50948,337.47,0.41,0.37,2026-09-27,801,N,VIIRS,l,2.0NRT,307.52,7.96,D,2026-09-27T14:22:38.305441+00:00,461.7909904634715,467.4008809711568,452.7200432770899,284.2535150922495,285.64955981867195
8.98014,80.6775,339.51,0.41,0.37,2026-09-27,801,N,VIIRS,n,2.0NRT,301.72,7.74,D,2026-09-27T14:22:38.305441+00:00,458.33828231241233,469.06392032436014,466.2212737626507,299.5735350058267,295.3326066729757
8.9805,80.67712,339.66,0.41,0.37,2026-09-27,801,N,VIIRS,n,2.0NRT,300.98,7.57,D,2026-09-27T14:22:38.305441+00:00,458.29442385350535,469.0116217923837,466.1652686285859,299.52032787024774,295.2747805531805
9.00606,77.55016,340.45,0.57,0.43,2026-09-27,801,N,VIIRS,n,2.0NRT,304.42,5.15,D,2026-09-27T14:22:38.305441+00:00,541.8435348376203,467.8620491329712,232.86310526140832,119.7876781253632,235.2944818264216
9.00818,77.55241,339.4,0.57,0.43,2026-09-27,801,N,VIIRS,n,2.0NRT,304.81,5.59,D,2026-09-27T14:22:38.305441+00:00,541.5112913900186,467.5521249680389,232.70575747323056,119.45776952601234,234.96303355761188
9.01525,80.08791,350.01,0.43,0.38,2026-09-27,801,N,VIIRS,n,2.0NRT,305.68,25.79,D,2026-09-27T14:22:38.305441+00:00,452.719317476753,446.15570905311904,408.8351126428288,238.3960295490815,248.83898288566277
9.11656,80.25607,340.35,0.42,0.38,2026-09-27,801,N,VIIRS,n,2.0NRT,301.93,5.64,D,2026-09-27T14:22:38.305441+00:00,441.0175342402012,439.96331134371536,418.5535500821502,250.93113248952412,252.01618346231353
9.12015,80.27883,333.86,0.42,0.38,2026-09-27,801,N,VIIRS,l,2.0NRT,301.63,4.8,D,2026-09-27T14:22:38.305441+00:00,440.61634918298677,440.27894695898385,420.50425771371437,253.12027395594552,253.40994134992238
9.12075,80.28262,336.31,0.42,0.38,2026-09-27,801,N,VIIRS,l,2.0NRT,302.92,4.8,D,2026-09-27T14:22:38.305441+00:00,440.550658714167,440.33264505505184,420.8295536299818,253.48533050396597,253.6435440974427
9.1234,77.53311,334.92,0.57,0.43,2026-09-27,801,N,VIIRS,n,2.0NRT,304.18,4.72,D,2026-09-27T14:22:38.305441+00:00,531.9869317720762,456.4572720350631,219.81829060857166,109.9457745895734,225.44627764377736
9.12359,80.27828,338.32,0.42,0.38,2026-09-27,801,N,VIIRS,l,2.0NRT,302.91,8.15,D,2026-09-27T14:22:38.305441+00:00,440.2337226151601,439.8949559481302,420.2588093265595,252.92770578466536,253.08809956202538
9.12614,77.53535,339.83,0.57,0.43,2026-09-27,801,N,VIIRS,n,2.0NRT,305.09,5.69,D,2026-09-27T14:22:38.305441+00:00,531.5968843956481,456.0820102779998,219.59715028344,109.55482317277367,225.0558489894511
9.16573,77.69637,338.78,0.56,0.43,2026-09-27,801,N,VIIRS,l,2.0NRT,304.03,11.49,D,2026-09-27T14:22:38.305441+00:00,518.2246878717779,445.5338659399618,221.2196588209857,96.37171087771894,211.73828017945237
9.21654,80.80453,342.68,0.4,0.37,2026-09-27,801,N,VIIRS,n,2.0NRT,301.38,8.49,D,2026-09-27T14:22:38.305441+00:00,433.82263315250333,450.04878595827466,466.4248227842042,304.7346377265551,288.9630482270337
9.21729,80.2515,336.21,0.42,0.38,2026-09-27,801,N,VIIRS,l,2.0NRT,303.81,7.22,D,2026-09-27T14:22:38.305441+00:00,429.81908320054663,429.06993032627844,412.52699159178684,246.63160975917455,243.49442671014125
9.24331,80.28226,336.0,0.42,0.37,2026-09-27,801,N,VIIRS,l,2.0NRT,303.79,5.83,D,2026-09-27T14:22:38.305441+00:00,426.92255121867413,427.2687650808146,414.0763309852087,248.92522911585348,243.79428090268283
9.24501,80.27854,338.77,0.42,0.37,2026-09-27,801,N,VIIRS,l,2.0NRT,304.33,6.41,D,2026-09-27T14:22:38.305441+00:00,426.7325147606726,426.9689392353404,413.6274524792824,248.4786136252338,243.3720194892202
9.36022,80.27549,331.16,0.42,0.37,2026-09-27,801,N,VIIRS,l,2.0NRT,302.62,3.23,D,2026-09-27T14:22:38.305441+00:00,413.9212201124847,414.6295839387946,407.3268032566821,244.52176313839558,234.23434783418324
9.36204,80.2868,333.42,0.42,0.37,2026-09-27,801,N,VIIRS,l,2.0NRT,304.11,5.96,D,2026-09-27T14:22:38.305441+00:00,413.722240931562,414.80928001942385,408.3389804196583,245.66790944324194,235.00769306515213
9.36487,80.28248,342.2,0.42,0.37,2026-09-27,801,N,VIIRS,n,2.0NRT,303.2,6.66,D,2026-09-27T14:22:38.305441+00:00,413.40582990103684,414.36638561384683,407.7737420501058,245.12888731837194,234.44591746365816
9.37825,80.60931,338.48,0.41,0.37,2026-09-27,801,N,VIIRS,n,2.0NRT,302.82,4.14,D,2026-09-27T14:22:38.305441+00:00,413.5676215513305,425.13576444350014,439.374675656949,279.5955472705208,261.0255917495962
9.38165,80.60876,335.09,0.41,0.37,2026-09-27,801,N,VIIRS,l,2.0NRT,302.47,4.14,D,2026-09-27T14:22:38.305441+00:00,413.18569662915075,424.76283299421823,439.1613616645509,279.4533589485911,260.7493287181216
9.41746,80.34733,332.81,0.41,0.37,2026-09-27,801,N,VIIRS,l,2.0NRT,304.45,6.25,D,2026-09-27T14:22:38.305441+00:00,407.6417348729285,411.01897889716247,411.5348416941045,250.61078024279664,235.88752274643693
9.41866,80.35484,342.03,0.41,0.37,2026-09-27,801,N,VIIRS,l,2.0NRT,303.67,8.08,D,2026-09-27T14:22:38.305441+00:00,407.52594109527683,411.15746269287104,412.2179373587068,251.38253247680834,236.42843438406933
9.94333,77.88103,339.9,0.53,0.42,2026-09-27,801,N,VIIRS,l,2.0NRT,309.27,9.84,D,2026-09-27T14:22:38.305441+00:00,435.46843428913684,357.6266408236067,156.46665153173154,26.229516665690554,130.34713392573423
9.94423,77.25137,346.31,0.38,0.44,2026-09-27,801,N,VIIRS,n,2.0NRT,294.4,5.1,D,2026-09-27T14:22:38.305441+00:00,479.5662639453748,388.91518718718385,123.56526805885866,95.14052236968126,184.72732473319306
9.94785,77.24849,332.4,0.38,0.44,2026-09-27,801,N,VIIRS,n,2.0NRT,294.0,3.39,D,2026-09-27T14:22:38.305441+00:00,479.48742491295775,388.73818433864403,123.0945089141766,95.46512684951684,184.79326359301936
10.42272,77.48947,342.21,0.55,0.43,2026-09-27,801,N,VIIRS,l,2.0NRT,307.75,11.61,D,2026-09-27T14:22:38.305441+00:00,423.2459674871319,329.99936533067176,88.10949234488554,88.42917466609241,138.97166950188972
10.5699,77.50737,339.08,0.55,0.42,2026-09-27,801,N,VIIRS,l,2.0NRT,310.02,7.91,D,2026-09-27T14:22:38.305441+00:00,410.48911906147504,315.2483652575341,78.09639407023165,98.13125188986537,133.11018811768548
10.86353,78.5237,333.1,0.48,0.4,2026-09-27,801,N,VIIRS,l,2.0NRT,304.87,4.11,D,2026-09-27T14:22:38.305441+00:00,311.44411111534566,237.69581060403635,172.02009995105894,113.30343316725212,21.370954971982204
10.93856,79.67497,336.21,0.42,0.38,2026-09-27,801,N,VIIRS,n,2.0NRT,299.28,4.11,D,2026-09-27T14:22:38.305441+00:00,247.0634550966028,227.71675362208535,296.95162752466535,204.0082369302284,107.22661342812836
11.41926,79.6675,334.48,0.42,0.38,2026-09-27,801,N,VIIRS,l,2.0NRT,306.02,4.33,D,2026-09-27T14:22:38.305441+00:00,196.23532405655908,176.34893873164998,299.1310418986643,237.06409434100118,126.19149566624162
11.74169,78.65874,332.41,0.46,0.39,2026-09-27,803,N,VIIRS,l,2.0NRT,299.43,4.43,D,2026-09-27T14:22:38.305441+00:00,229.94878135716397,140.40467750976023,202.3786948708475,210.38494994533116,105.88618630650333
11.78508,79.59191,339.02,0.42,0.38,2026-09-27,803,N,VIIRS,n,2.0NRT,305.09,4.44,D,2026-09-27T14:22:38.305441+00:00,162.02406841202404,135.34322863622518,299.7654810907384,261.9388327712595,146.935220951749
11.9508,78.94341,332.67,0.44,0.39,2026-09-27,803,N,VIIRS,l,2.0NRT,306.52,2.8,D,2026-09-27T14:22:38.305441+00:00,191.30968785722496,109.32633294147885,240.19776291816996,242.51942512225065,131.6174819025316
11.95101,78.94293,333.73,0.44,0.39,2026-09-27,803,N,VIIRS,n,2.0NRT,306.78,2.4,D,2026-09-27T14:22:38.305441+00:00,191.33352898897934,109.31319888733307,240.1606272671485,242.52167932342343,131.6300367868316
12.05969,77.0392,330.58,0.55,0.43,2026-09-27,803,N,VIIRS,n,2.0NRT,299.03,3.27,D,2026-09-27T14:22:38.305441+00:00,368.69158900195083,246.4172570471096,116.31949332610164,265.0347327319096,229.9279054535124
12.46898,76.89813,330.39,0.56,0.43,2026-09-27,803,N,VIIRS,n,2.0NRT,296.43,1.13,D,2026-09-27T14:22:38.305441+00:00,372.03618031099774,247.4331464135704,161.59705206823418,312.66840451254484,271.190278470295
12.61891,76.42545,338.88,0.39,0.44,2026-09-27,803,N,VIIRS,n,2.0NRT,297.69,8.58,D,2026-09-27T14:22:38.305441+00:00,420.03541498005876,295.4248362747183,187.26394803057167,351.9215104423729,320.80764358608553
12.85541,79.9435,331.92,0.4,0.37,2026-09-27,803,N,VIIRS,l,2.0NRT,304.72,6.01,D,2026-09-27T14:22:38.305441+00:00,43.54075696686199,88.17002687736573,383.97043543176056,381.6675974617385,266.26191073679
12.91411,79.43739,331.86,0.42,0.37,2026-09-27,803,N,VIIRS,l,2.0NRT,305.1,3.2,D,2026-09-27T14:22:38.305441+00:00,92.21113687483404,33.04561334772438,342.5945380037154,362.0439785079165,249.2314867264888
13.04884,78.28677,331.24,0.46,0.39,2026-09-27,803,N,VIIRS,l,2.0NRT,302.09,3.08,D,2026-09-27T14:22:38.305441+00:00,214.92423383670615,92.81098014347245,268.33418611971285,347.8089983802365,255.19876283111262
13.54036,78.27871,339.32,0.46,0.39,2026-09-27,803,N,VIIRS,n,2.0NRT,299.53,2.9,D,2026-09-27T14:22:38.305441+00:00,221.47272999291678,115.55599173681135,315.27210452691634,402.3594366819237,309.25587492760565
13.5895,76.5459,330.19,0.56,0.43,2026-09-27,803,N,VIIRS,l,2.0NRT,303.5,7.42,D,2026-09-27T14:22:38.305441+00:00,406.92567999120905,289.7830207641558,289.5158806570304,441.99781123704133,389.75361278564895
13.61178,77.54372,336.01,0.49,0.41,2026-09-27,803,N,VIIRS,n,2.0NRT,304.58,6.02,D,2026-09-27T14:22:38.305441+00:00,300.84156011213116,188.53070375397851,295.53143941102013,414.69612069848057,338.13117585742896
8.03902,80.1237,330.8,0.43,0.38,2026-09-27,801,N,VIIRS,l,2.0NRT,300.27,7.22,D,2026-09-27T21:42:31.330757+00:00,561.0616149727557,553.0666620863151,479.88492490780544,304.01225937079505,343.26493465431605
8.04106,80.00227,332.73,0.44,0.38,2026-09-27,801,N,VIIRS,n,2.0NRT,298.26,2.73,D,2026-09-27T21:42:31.330757+00:00,561.3716154595501,550.3969712396048,470.17707422006805,294.3398414743987,337.2288120178354
8.04611,81.04599,333.89,0.4,0.37,2026-09-27,801,N,VIIRS,l,2.0NRT,296.97,3.43,D,2026-09-27T21:42:31.330757+00:00,566.4145090882062,580.546281544819,556.9943250859463,383.32164278262394,398.83810626490225
8.06904,80.19894,336.09,0.43,0.38,2026-09-27,801,N,VIIRS,l,2.0NRT,298.12,23.2,D,2026-09-27T21:42:31.330757+00:00,557.5486944913257,551.4721358816914,483.61019149739195,307.7916003840138,344.1427851291883
8.09114,81.06443,340.09,0.4,0.37,2026-09-27,801,N,VIIRS,n,2.0NRT,299.87,4.6,D,2026-09-27T21:42:31.330757+00:00,561.7708832419866,576.6081332624718,555.6545814210064,382.3105154384914,396.3275725794052
8.0939,81.37521,335.32,0.4,0.37,2026-09-27,801,N,VIIRS,n,2.0NRT,297.46,4.54,D,2026-09-27T21:42:31.330757+00:00,567.7048581216698,589.6144956571957,583.44600181022,411.4279758938565,419.1609076824482
8.09559,81.36395,330.08,0.4,0.37,2026-09-27,801,N,VIIRS,n,2.0NRT,295.81,3.9,D,2026-09-27T21:42:31.330757+00:00,567.260823253606,588.9326352239483,582.315387900175,410.2600517178353,418.163738075306
8.10757,80.0806,342.69,0.43,0.38,2026-09-27,801,N,VIIRS,n,2.0NRT,297.84,4.16,D,2026-09-27T21:42:31.330757+00:00,553.5989992287392,544.6760420890607,471.18665820664603,295.3212638220023,334.3220147680829
8.12629,80.01707,330.62,0.44,0.38,2026-09-27,801,N,VIIRS,l,2.0NRT,299.65,4.04,D,2026-09-27T21:42:31.330757+00:00,551.823875885057,541.3491504217337,464.6984572751412,288.82446442376545,329.36023762417335
8.12658,81.0028,331.42,0.4,0.37,2026-09-27,801,N,VIIRS,l,2.0NRT,298.14,6.07,D,2026-09-27T21:42:31.330757+00:00,556.86999674298,570.4910065944852,547.8523569772047,374.47111450505827,388.9294010593553
8.18101,80.56894,336.35,0.42,0.37,2026-09-27,801,N,VIIRS,l,2.0NRT,301.16,8.07,D,2026-09-27T21:42:31.330757+00:00,546.0160755015811,549.4628869997141,506.27967108363305,331.5672708833098,354.950444163574
8.18616,81.00066,330.78,0.4,0.37,2026-09-27,801,N,VIIRS,l,2.0NRT,301.85,12.48,D,2026-09-27T21:42:31.330757+00:00,550.2795557911309,564.2196097418422,543.7710783841277,370.75303420788055,383.7400438717909
8.20205,77.69086,342.9,0.38,0.43,2026-09-27,801,N,VIIRS,n,2.0NRT,300.44,3.56,D,2026-09-27T21:42:31.330757+00:00,611.5214142228907,547.3831156558906,323.1922099895891,197.30927892619042,308.5490251665986
8.20263,77.69432,332.12,0.38,0.43,2026-09-27,801,N,VIIRS,n,2.0NRT,300.29,3.56,D,2026-09-27T21:42:31.330757+00:00,611.2899370314166,547.212601055905,323.2245313544651,197.15627129017935,308.35229171148933
8.20492,80.67654,335.31,0.41,0.37,2026-09-27,801,N,VIIRS,l,2.0NRT,297.45,5.49,D,2026-09-27T21:42:31.330757+00:00,544.193452943368,550.4039367871152,513.9277694782083,339.708588140804,359.74274914851355
8.24076,80.41956,347.42,0.42,0.38,2026-09-27,801,N,VIIRS,n,2.0NRT,300.0,10.24,D,2026-09-27T21:42:31.330757+00:00,538.6446796562353,538.6043263054435,489.3308661319287,314.38899938440466,340.2098106530562
8.25666,80.29557,335.17,0.42,0.38,2026-09-27,801,N,VIIRS,l,2.0NRT,299.3,5.76,D,2026-09-27T21:42:31.330757+00:00,536.6380404849009,533.508387391392,477.71780647755605,302.4717460614914,331.3812344523987
8.25981,80.24771,335.83,0.43,0.38,2026-09-27,801,N,VIIRS,n,2.0NRT,296.48,2.85,D,2026-09-27T21:42:31.330757+00:00,536.2867798869833,531.9457857314126,473.4815376501603,298.1206084178785,328.3483196067642
8.26073,80.78909,348.0,0.41,0.37,2026-09-27,801,N,VIIRS,n,2.0NRT,296.2,7.54,D,2026-09-27T21:42:31.330757+00:00,539.1605450979783,548.4311633062231,520.0660097267062,346.6190004205701,362.4455768855137
8.26682,80.53957,336.02,0.42,0.37,2026-09-27,801,N,VIIRS,l,2.0NRT,300.76,5.07,D,2026-09-27T21:42:31.330757+00:00,536.3062302850859,539.3964532443206,497.8105328454598,323.39805162826383,345.2931942955181
8.26741,80.54334,335.57,0.42,0.37,2026-09-27,801,N,VIIRS,n,2.0NRT,299.58,5.07,D,2026-09-27T21:42:31.330757+00:00,536.2634351701532,539.4511051940685,498.0961559552721,323.70063088124806,345.4808528341407
8.28156,80.74397,330.3,0.41,0.37,2026-09-27,801,N,VIIRS,l,2.0NRT,298.37,4.93,D,2026-09-27T21:42:31.330757+00:00,536.3595825257859,544.6296458864966,514.6965766534903,341.1875582547225,357.5319370258853
8.32538,80.55769,335.02,0.42,0.37,2026-09-27,801,N,VIIRS,l,2.0NRT,298.71,3.22,D,2026-09-27T21:42:31.330757+00:00,529.9177934175342,533.7285313431424,495.3928423251939,321.36714869341546,341.1918968122955
8.32598,80.56145,349.3,0.42,0.37,2026-09-27,801,N,VIIRS,n,2.0NRT,302.52,9.21,D,2026-09-27T21:42:31.330757+00:00,529.8756468767241,533.7846858688915,495.680768510651,321.6739355249141,341.38387624276425
8.36766,80.86683,332.17,0.41,0.37,2026-09-27,801,N,VIIRS,n,2.0NRT,299.33,3.38,D,2026-09-27T21:42:31.330757+00:00,528.3157681836432,540.1323559662032,520.0964382808443,347.7559134415902,358.8471594063516
8.37862,81.22944,334.9,0.4,0.37,2026-09-27,801,N,VIIRS,n,2.0NRT,302.33,4.06,D,2026-09-27T21:42:31.330757+00:00,533.4475317587156,554.1583661479731,552.6522122749852,382.23358607427105,385.4109695827901
8.39735,80.52306,344.67,0.42,0.37,2026-09-27,801,N,VIIRS,n,2.0NRT,297.96,7.91,D,2026-09-27T21:42:31.330757+00:00,521.7156538529832,524.9669198278842,487.5187851759332,313.7824692877206,332.4940730013728
8.40219,81.04082,336.97,0.4,0.37,2026-09-27,801,N,VIIRS,l,2.0NRT,304.62,4.54,D,2026-09-27T21:42:31.330757+00:00,527.2011697584395,543.53804862025,533.8012675458025,362.62066829281696,368.94200820527635
8.40334,81.04807,336.84,0.4,0.37,2026-09-27,801,N,VIIRS,l,2.0NRT,304.47,5.03,D,2026-09-27T21:42:31.330757+00:00,527.2018373230252,543.7241535508659,534.3976221028992,363.26454632244287,369.4020027433559
8.4055,81.29141,345.34,0.4,0.37,2026-09-27,801,N,VIIRS,n,2.0NRT,307.36,9.86,D,2026-09-27T21:42:31.330757+00:00,531.893362962461,554.2808581241134,556.839746284971,386.99509872123656,388.26346690218446
8.40886,81.29089,337.37,0.4,0.37,2026-09-27,801,N,VIIRS,n,2.0NRT,305.7,3.17,D,2026-09-27T21:42:31.330757+00:00,531.5160239683764,553.9180794162435,556.5944361624668,386.7792928000078,387.9657239185699
8.40942,80.53268,331.69,0.42,0.37,2026-09-27,801,N,VIIRS,n,2.0NRT,294.25,3.22,D,2026-09-27T21:42:31.330757+00:00,520.432084087351,523.9873723457457,487.5599242272394,313.9445710884595,332.0542804975388
8.44138,80.58508,333.1,0.41,0.37,2026-09-27,801,N,VIIRS,n,2.0NRT,297.45,2.92,D,2026-09-27T21:42:31.330757+00:00,517.2319247627423,522.2976670572699,490.08895874405323,316.93773267253806,332.74978313339244
8.50226,80.15409,340.43,0.43,0.38,2026-09-27,801,N,VIIRS,n,2.0NRT,301.97,8.56,D,2026-09-27T21:42:31.330757+00:00,509.480835036849,503.36518633758425,448.32699338866763,273.65616355423043,299.9685898677942
8.50574,80.15354,367.0,0.43,0.38,2026-09-27,801,N,VIIRS,h,2.0NRT,298.91,14.7,D,2026-09-27T21:42:31.330757+00:00,509.0955016249095,502.9744073762093,448.03726472392356,273.3824478948815,299.60805478975345
8.52986,80.72357,333.77,0.41,0.37,2026-09-27,801,N,VIIRS,n,2.0NRT,296.9,4.53,D,2026-09-27T21:42:31.330757+00:00,508.6620196702382,517.804891801325,496.89820947430985,325.1739705146478,334.89782921232717
8.53044,80.72728,334.27,0.41,0.37,2026-09-27,801,N,VIIRS,n,2.0NRT,299.21,5.85,D,2026-09-27T21:42:31.330757+00:00,508.63737410930815,517.8802410780692,497.19984788267607,325.5009345041199,335.1181830945543
8.53803,80.79787,331.86,0.41,0.37,2026-09-27,801,N,VIIRS,l,2.0NRT,303.55,5.75,D,2026-09-27T21:42:31.330757+00:00,508.6119784012533,519.7327210648962,503.18010911056433,331.9371581154965,339.66177759760524
8.59324,80.41416,336.94,0.42,0.38,2026-09-27,801,N,VIIRS,n,2.0NRT,299.4,10.38,D,2026-09-27T21:42:31.330757+00:00,499.4508362198386,500.68832334727347,464.9630496696129,292.1202006211196,307.89149043188644
8.60012,80.41306,334.98,0.42,0.38,2026-09-27,801,N,VIIRS,l,2.0NRT,299.29,8.76,D,2026-09-27T21:42:31.330757+00:00,498.68242914990145,499.91981614298834,464.41870558923296,291.62681907126205,307.21015192788076
8.61954,80.51427,335.89,0.41,0.37,2026-09-27,801,N,VIIRS,n,2.0NRT,300.12,9.47,D,2026-09-27T21:42:31.330757+00:00,496.99267276083623,501.06297330537785,472.2747302095947,300.20773928987734,312.4188444863542
8.63375,81.02565,331.22,0.4,0.37,2026-09-27,801,N,VIIRS,l,2.0NRT,297.97,4.69,D,2026-09-27T21:42:31.330757+00:00,501.51960309441546,519.1612278915294,518.6686984860252,349.7222449292191,349.590616794335
8.64885,80.74599,343.07,0.41,0.37,2026-09-27,801,N,VIIRS,n,2.0NRT,304.92,10.2,D,2026-09-27T21:42:31.330757+00:00,495.744571454218,506.1968014848112,491.67099256720803,321.23583093092066,326.73597624078366
8.66527,77.87013,341.56,0.55,0.43,2026-09-27,801,N,VIIRS,n,2.0NRT,304.81,21.6,D,2026-09-27T21:42:31.330757+00:00,556.7330085292476,492.40510838644593,280.00699121286965,142.75149901395307,253.39611680909317
8.69384,80.47895,336.31,0.42,0.37,2026-09-27,801,N,VIIRS,l,2.0NRT,297.5,6.59,D,2026-09-27T21:42:31.330757+00:00,488.5481690014427,492.01950196235083,464.40595616759583,292.84500346824024,303.57294554276
8.69444,80.48271,337.58,0.42,0.37,2026-09-27,801,N,VIIRS,n,2.0NRT,299.63,6.59,D,2026-09-27T21:42:31.330757+00:00,488.5007973843398,492.0786543514522,464.71095399968664,293.17842745205724,303.7857115891168
8.74985,80.52431,330.91,0.41,0.37,2026-09-27,801,N,VIIRS,l,2.0NRT,303.45,7.07,D,2026-09-27T21:42:31.330757+00:00,482.585567620683,487.596538999599,465.11235271461953,294.4184189537554,302.06381707396764
8.7558,80.25195,331.73,0.42,0.38,2026-09-27,801,N,VIIRS,l,2.0NRT,303.65,7.99,D,2026-09-27T21:42:31.330757+00:00,481.13368100514805,478.5221604775513,439.9565053302839,267.64573168907344,282.72248940584694
8.79929,80.11479,335.84,0.43,0.38,2026-09-27,801,N,VIIRS,l,2.0NRT,304.73,7.58,D,2026-09-27T21:42:31.330757+00:00,476.59735062799297,470.2063530963447,424.87113752080205,252.1500145700918,269.98876515169354
8.81001,77.62442,339.5,0.57,0.43,2026-09-27,801,N,VIIRS,n,2.0NRT,306.92,6.96,D,2026-09-27T21:42:31.330757+00:00,556.0040612184853,485.39784055593736,256.0784628703732,135.390513080031,250.0133360320538
8.81357,80.09267,333.92,0.43,0.38,2026-09-27,801,N,VIIRS,l,2.0NRT,303.97,4.04,D,2026-09-27T21:42:31.330757+00:00,475.1031018441608,468.11322832819127,421.9707744131812,249.2513508686283,267.30004785916833
8.83773,77.55944,334.49,0.57,0.43,2026-09-27,801,N,VIIRS,l,2.0NRT,304.82,2.96,D,2026-09-27T21:42:31.330757+00:00,557.1001504496375,484.9634207264836,251.15906283633012,135.65055929885494,250.7855523775514
8.9003,77.4092,332.14,0.39,0.44,2026-09-27,801,N,VIIRS,n,2.0NRT,301.27,2.17,D,2026-09-27T21:42:31.330757+00:00,560.1734041716009,484.5849201433185,240.5249597409143,138.07222247126705,253.6108126709142
8.9289,80.50684,330.93,0.41,0.37,2026-09-27,801,N,VIIRS,l,2.0NRT,304.68,8.87,D,2026-09-27T21:42:31.330757+00:00,462.5997354523769,468.09138150712164,452.89819467119776,284.309957521211,286.048258350211
8.93291,80.51003,336.05,0.41,0.37,2026-09-27,801,N,VIIRS,l,2.0NRT,306.06,8.02,D,2026-09-27T21:42:31.330757+00:00,462.17406726968846,467.7805389995739,452.9679262627405,284.45761764997417,285.96651184422075
8.93633,80.50948,337.47,0.41,0.37,2026-09-27,801,N,VIIRS,l,2.0NRT,307.52,7.96,D,2026-09-27T21:42:31.330757+00:00,461.7909904634715,467.4008809711568,452.7200432770899,284.2535150922495,285.64955981867195
8.98014,80.6775,339.51,0.41,0.37,2026-09-27,801,N,VIIRS,n,2.0NRT,301.72,7.74,D,2026-09-27T21:42:31.330757+00:00,458.33828231241233,469.06392032436014,466.2212737626507,299.5735350058267,295.3326066729757
8.9805,80.67712,339.66,0.41,0.37,2026-09-27,801,N,VIIRS,n,2.0NRT,300.98,7.57,D,2026-09-27T21:42:31.330757+00:00,458.29442385350535,469.0116217923837,466.1652686285859,299.52032787024774,295.2747805531805
9.00606,77.55016,340.45,0.57,0.43,2026-09-27,801,N,VIIRS,n,2.0NRT,304.42,5.15,D,2026-09-27T21:42:31.330757+00:00,541.8435348376203,467.8620491329712,232.86310526140832,119.7876781253632,235.2944818264216
9.00818,77.55241,339.4,0.57,0.43,2026-09-27,801,N,VIIRS,n,2.0NRT,304.81,5.59,D,2026-09-27T21:42:31.330757+00:00,541.5112913900186,467.5521249680389,232.70575747323056,119.45776952601234,234.96303355761188
9.01525,80.08791,350.01,0.43,0.38,2026-09-27,801,N,VIIRS,n,2.0NRT,305.68,25.79,D,2026-09-27T21:42:31.330757+00:00,452.719317476753,446.15570905311904,408.8351126428288,238.3960295490815,248.83898288566277
9.11656,80.25607,340.35,0.42,0.38,2026-09-27,801,N,VIIRS,n,2.0NRT,301.93,5.64,D,2026-09-27T21:42:31.330757+00:00,441.0175342402012,439.96331134371536,418.5535500821502,250.93113248952412,252.01618346231353
9.12015,80.27883,333.86,0.42,0.38,2026-09-27,801,N,VIIRS,l,2.0NRT,301.63,4.8,D,2026-09-27T21:42:31.330757+00:00,440.61634918298677,440.27894695898385,420.50425771371437,253.12027395594552,253.40994134992238
9.12075,80.28262,336.31,0.42,0.38,2026-09-27,801,N,VIIRS,l,2.0NRT,302.92,4.8,D,2026-09-27T21:42:31.330757+00:00,440.550658714167,440.33264505505184,420.8295536299818,253.48533050396597,253.6435440974427
9.1234,77.53311,334.92,0.57,0.43,2026-09-27,801,N,VIIRS,n,2.0NRT,304.18,4.72,D,2026-09-27T21:42:31.330757+00:00,531.9869317720762,456.4572720350631,219.81829060857166,109.9457745895734,225.44627764377736
9.12359,80.27828,338.32,0.42,0.38,2026-09-27,801,N,VIIRS,l,2.0NRT,302.91,8.15,D,2026-09-27T21:42:31.330757+00:00,440.2337226151601,439.8949559481302,420.2588093265595,252.92770578466536,253.08809956202538
9.12614,77.53535,339.83,0.57,0.43,2026-09-27,801,N,VIIRS,n,2.0NRT,305.09,5.69,D,2026-09-27T21:42:31.330757+00:00,531.5968843956481,456.0820102779998,219.59715028344,109.55482317277367,225.0558489894511
9.16573,77.69637,338.78,0.56,0.43,2026-09-27,801,N,VIIRS,l,2.0NRT,304.03,11.49,D,2026-09-27T21:42:31.330757+00:00,518.2246878717779,445.5338659399618,221.2196588209857,96.37171087771894,211.73828017945237
9.21654,80.80453,342.68,0.4,0.37,2026-09-27,801,N,VIIRS,n,2.0NRT,301.38,8.49,D,2026-09-27T21:42:31.330757+00:00,433.82263315250333,450.04878595827466,466.4248227842042,304.7346377265551,288.9630482270337
9.21729,80.2515,336.21,0.42,0.38,2026-09-27,801,N,VIIRS,l,2.0NRT,303.81,7.22,D,2026-09-27T21:42:31.330757+00:00,429.81908320054663,429.06993032627844,412.52699159178684,246.63160975917455,243.49442671014125
9.24331,80.28226,336.0,0.42,0.37,2026-09-27,801,N,VIIRS,l,2.0NRT,303.79,5.83,D,2026-09-27T21:42:31.330757+00:00,426.92255121867413,427.2687650808146,414.0763309852087,248.92522911585348,243.79428090268283
9.24501,80.27854,338.77,0.42,0.37,2026-09-27,801,N,VIIRS,l,2.0NRT,304.33,6.41,D,2026-09-27T21:42:31.330757+00:00,426.7325147606726,426.9689392353404,413.6274524792824,248.4786136252338,243.3720194892202
9.36022,80.27549,331.16,0.42,0.37,2026-09-27,801,N,VIIRS,l,2.0NRT,302.62,3.23,D,2026-09-27T21:42:31.330757+00:00,413.9212201124847,414.6295839387946,407.3268032566821,244.52176313839558,234.23434783418324
9.36204,80.2868,333.42,0.42,0.37,2026-09-27,801,N,VIIRS,l,2.0NRT,304.11,5.96,D,2026-09-27T21:42:31.330757+00:00,413.722240931562,414.80928001942385,408.3389804196583,245.66790944324194,235.00769306515213
9.36487,80.28248,342.2,0.42,0.37,2026-09-27,801,N,VIIRS,n,2.0NRT,303.2,6.66,D,2026-09-27T21:42:31.330757+00:00,413.40582990103684,414.36638561384683,407.7737420501058,245.12888731837194,234.44591746365816
9.37825,80.60931,338.48,0.41,0.37,2026-09-27,801,N,VIIRS,n,2.0NRT,302.82,4.14,D,2026-09-27T21:42:31.330757+00:00,413.5676215513305,425.13576444350014,439.374675656949,279.5955472705208,261.0255917495962
9.38165,80.60876,335.09,0.41,0.37,2026-09-27,801,N,VIIRS,l,2.0NRT,302.47,4.14,D,2026-09-27T21:42:31.330757+00:00,413.18569662915075,424.76283299421823,439.1613616645509,279.4533589485911,260.7493287181216
9.41746,80.34733,332.81,0.41,0.37,2026-09-27,801,N,VIIRS,l,2.0NRT,304.45,6.25,D,2026-09-27T21:42:31.330757+00:00,407.6417348729285,411.01897889716247,411.5348416941045,250.61078024279664,235.88752274643693
9.41866,80.35484,342.03,0.41,0.37,2026-09-27,801,N,VIIRS,l,2.0NRT,303.67,8.08,D,2026-09-27T21:42:31.330757+00:00,407.52594109527683,411.15746269287104,412.2179373587068,251.38253247680834,236.42843438406933
9.94333,77.88103,339.9,0.53,0.42,2026-09-27,801,N,VIIRS,l,2.0NRT,309.27,9.84,D,2026-09-27T21:42:31.330757+00:00,435.46843428913684,357.6266408236067,156.46665153173154,26.229516665690554,130.34713392573423
9.94423,77.25137,346.31,0.38,0.44,2026-09-27,801,N,VIIRS,n,2.0NRT,294.4,5.1,D,2026-09-27T21:42:31.330757+00:00,479.5662639453748,388.91518718718385,123.56526805885866,95.14052236968126,184.72732473319306
9.94785,77.24849,332.4,0.38,0.44,2026-09-27,801,N,VIIRS,n,2.0NRT,294.0,3.39,D,2026-09-27T21:42:31.330757+00:00,479.48742491295775,388.73818433864403,123.0945089141766,95.46512684951684,184.79326359301936
10.42272,77.48947,342.21,0.55,0.43,2026-09-27,801,N,VIIRS,l,2.0NRT,307.75,11.61,D,2026-09-27T21:42:31.330757+00:00,423.2459674871319,329.99936533067176,88.10949234488554,88.42917466609241,138.97166950188972
10.5699,77.50737,339.08,0.55,0.42,2026-09-27,801,N,VIIRS,l,2.0NRT,310.02,7.91,D,2026-09-27T21:42:31.330757+00:00,410.48911906147504,315.2483652575341,78.09639407023165,98.13125188986537,133.11018811768548
10.86353,78.5237,333.1,0.48,0.4,2026-09-27,801,N,VIIRS,l,2.0NRT,304.87,4.11,D,2026-09-27T21:42:31.330757+00:00,311.44411111534566,237.69581060403635,172.02009995105894,113.30343316725212,21.370954971982204
10.93856,79.67497,336.21,0.42,0.38,2026-09-27,801,N,VIIRS,n,2.0NRT,299.28,4.11,D,2026-09-27T21:42:31.330757+00:00,247.0634550966028,227.71675362208535,296.95162752466535,204.0082369302284,107.22661342812836
11.41926,79.6675,334.48,0.42,0.38,2026-09-27,801,N,VIIRS,l,2.0NRT,306.02,4.33,D,2026-09-27T21:42:31.330757+00:00,196.23532405655908,176.34893873164998,299.1310418986643,237.06409434100118,126.19149566624162
11.74169,78.65874,332.41,0.46,0.39,2026-09-27,803,N,VIIRS,l,2.0NRT,299.43,4.43,D,2026-09-27T21:42:31.330757+00:00,229.94878135716397,140.40467750976023,202.3786948708475,210.38494994533116,105.88618630650333
11.78508,79.59191,339.02,0.42,0.38,2026-09-27,803,N,VIIRS,n,2.0NRT,305.09,4.44,D,2026-09-27T21:42:31.330757+00:00,162.02406841202404,135.34322863622518,299.7654810907384,261.9388327712595,146.935220951749
11.9508,78.94341,332.67,0.44,0.39,2026-09-27,803,N,VIIRS,l,2.0NRT,306.52,2.8,D,2026-09-27T21:42:31.330757+00:00,191.30968785722496,109.32633294147885,240.19776291816996,242.51942512225065,131.6174819025316
11.95101,78.94293,333.73,0.44,0.39,2026-09-27,803,N,VIIRS,n,2.0NRT,306.78,2.4,D,2026-09-27T21:42:31.330757+00:00,191.33352898897934,109.31319888733307,240.1606272671485,242.52167932342343,131.6300367868316
12.05969,77.0392,330.58,0.55,0.43,2026-09-27,803,N,VIIRS,n,2.0NRT,299.03,3.27,D,2026-09-27T21:42:31.330757+00:00,368.69158900195083,246.4172570471096,116.31949332610164,265.0347327319096,229.9279054535124
12.46898,76.89813,330.39,0.56,0.43,2026-09-27,803,N,VIIRS,n,2.0NRT,296.43,1.13,D,2026-09-27T21:42:31.330757+00:00,372.03618031099774,247.4331464135704,161.59705206823418,312.66840451254484,271.190278470295
12.61891,76.42545,338.88,0.39,0.44,2026-09-27,803,N,VIIRS,n,2.0NRT,297.69,8.58,D,2026-09-27T21:42:31.330757+00:00,420.03541498005876,295.4248362747183,187.26394803057167,351.9215104423729,320.80764358608553
12.85541,79.9435,331.92,0.4,0.37,2026-09-27,803,N,VIIRS,l,2.0NRT,304.72,6.01,D,2026-09-27T21:42:31.330757+00:00,43.54075696686199,88.17002687736573,383.97043543176056,381.6675974617385,266.26191073679
12.91411,79.43739,331.86,0.42,0.37,2026-09-27,803,N,VIIRS,l,2.0NRT,305.1,3.2,D,2026-09-27T21:42:31.330757+00:00,92.21113687483404,33.04561334772438,342.5945380037154,362.0439785079165,249.2314867264888
13.04884,78.28677,331.24,0.46,0.39,2026-09-27,803,N,VIIRS,l,2.0NRT,302.09,3.08,D,2026-09-27T21:42:31.330757+00:00,214.92423383670615,92.81098014347245,268.33418611971285,347.8089983802365,255.19876283111262
13.54036,78.27871,339.32,0.46,0.39,2026-09-27,803,N,VIIRS,n,2.0NRT,299.53,2.9,D,2026-09-27T21:42:31.330757+00:00,221.47272999291678,115.55599173681135,315.27210452691634,402.3594366819237,309.25587492760565
13.5895,76.5459,330.19,0.56,0.43,2026-09-27,803,N,VIIRS,l,2.0NRT,303.5,7.42,D,2026-09-27T21:42:31.330757+00:00,406.92567999120905,289.7830207641558,289.5158806570304,441.99781123704133,389.75361278564895
13.61178,77.54372,336.01,0.49,0.41,2026-09-27,803,N,VIIRS,n,2.0NRT,304.58,6.02,D,2026-09-27T21:42:31.330757+00:00,300.84156011213116,188.53070375397851,295.53143941102013,414.69612069848057,338.13117585742896
8.04082,81.00126,336.36,0.48,0.48,2026-09-28,744,N,VIIRS,n,2.0NRT,293.01,6.13,D,2026-09-28T12:53:57.614748+00:00,566.2865437813891,579.3538523211478,553.4072525364415,379.5389081881531,396.1519160442503
8.15792,80.9787,335.84,0.48,0.48,2026-09-28,744,N,VIIRS,n,2.0NRT,296.91,4.74,D,2026-09-28T12:53:57.614748+00:00,553.0465667541642,566.2917470199977,543.654159868561,370.364506520394,384.55555206561377
8.19681,80.99416,336.36,0.47,0.48,2026-09-28,744,N,VIIRS,n,2.0NRT,296.39,7.16,D,2026-09-28T12:53:57.614748+00:00,549.0049956745121,562.8574830590893,542.4994567135849,369.5231162283833,382.37631167207
8.21808,80.90626,334.98,0.48,0.48,2026-09-28,744,N,VIIRS,n,2.0NRT,298.12,4.94,D,2026-09-28T12:53:57.614748+00:00,545.3587756466395,557.237165968456,533.2712626445345,360.05458102147503,374.3024449490202
8.24614,80.43474,337.67,0.52,0.5,2026-09-28,744,N,VIIRS,n,2.0NRT,296.23,4.21,D,2026-09-28T12:53:57.614748+00:00,538.0993891864005,538.4625412235329,490.24469440887236,315.3731796639894,340.6348550112531
8.29329,80.79209,341.83,0.49,0.48,2026-09-28,744,N,VIIRS,n,2.0NRT,298.48,5.26,D,2026-09-28T12:53:57.614748+00:00,535.5946477889996,545.1208562798003,518.191949577349,344.9684790705328,359.8454336763983
8.37365,81.23811,348.12,0.45,0.47,2026-09-28,744,N,VIIRS,n,2.0NRT,300.28,10.38,D,2026-09-28T12:53:57.614748+00:00,534.1760749073262,555.0542146535647,553.7536297159066,383.3342826440791,386.4796610500247
8.37713,81.25864,343.08,0.45,0.47,2026-09-28,744,N,VIIRS,n,2.0NRT,299.96,7.74,D,2026-09-28T12:53:57.614748+00:00,534.2449915268938,555.6354422777074,555.4552685105227,385.1736045448767,387.83153541436116
8.38337,81.2955,331.89,0.45,0.47,2026-09-28,744,N,VIIRS,n,2.0NRT,298.77,2.32,D,2026-09-28T12:53:57.614748+00:00,534.3938692139817,556.7015825262711,558.5212135226643,388.4881872462808,390.28104246031944
8.41026,81.08246,333.09,0.46,0.47,2026-09-28,744,N,VIIRS,n,2.0NRT,299.49,5.24,D,2026-09-28T12:53:57.614748+00:00,527.0609947257118,544.4720276785572,537.1450303320635,366.25189801295676,371.4834543057545
8.42232,80.55486,332.4,0.5,0.49,2026-09-28,744,N,VIIRS,n,2.0NRT,296.13,5.16,D,2026-09-28T12:53:57.614748+00:00,519.1389782526207,523.3290041620461,488.662248082491,315.2346129244335,332.3876124270217
8.61397,80.66674,342.19,0.49,0.49,2026-09-28,744,N,VIIRS,n,2.0NRT,297.14,7.53,D,2026-09-28T12:53:57.614748+00:00,498.77778431920035,506.9116117328904,486.4976784674622,315.24474796102277,323.7481722021833
8.65048,80.67558,336.73,0.49,0.49,2026-09-28,744,N,VIIRS,n,2.0NRT,295.98,4.25,D,2026-09-28T12:53:57.614748+00:00,494.81852571835907,503.40104029020466,485.0752447270213,314.2405759671996,321.36741394708486
8.66494,80.73196,341.77,0.48,0.48,2026-09-28,744,N,VIIRS,n,2.0NRT,297.52,6.52,D,2026-09-28T12:53:57.614748+00:00,493.80663625017326,503.985406083574,489.40716874802723,319.05978697458204,324.3757391308049
8.67816,80.48966,337.45,0.5,0.49,2026-09-28,744,N,VIIRS,n,2.0NRT,296.5,4.9,D,2026-09-28T12:53:57.614748+00:00,490.34545237823454,494.0342809696948,466.35870740413515,294.7057124223562,305.6665404175841
8.69709,77.51517,331.11,0.4,0.6,2026-09-28,744,N,VIIRS,n,2.0NRT,290.78,5.98,D,2026-09-28T12:53:57.614748+00:00,572.9667865940954,501.31462495811667,265.11851694779455,151.82268591375458,266.790201371161
8.70817,80.47501,330.62,0.5,0.49,2026-09-28,744,N,VIIRS,n,2.0NRT,298.79,8.59,D,2026-09-28T12:53:57.614748+00:00,486.93656493455927,490.3693526420969,463.155598317371,291.7157388577598,302.07090745236667
8.70867,80.47269,334.81,0.5,0.49,2026-09-28,744,N,VIIRS,n,2.0NRT,298.92,7.15,D,2026-09-28T12:53:57.614748+00:00,486.8694899227112,490.24058416168094,462.913029449003,291.46428169116865,301.8649720770584
8.74549,80.70641,330.57,0.49,0.48,2026-09-28,744,N,VIIRS,n,2.0NRT,294.43,3.67,D,2026-09-28T12:53:57.614748+00:00,484.6151351060463,494.6095804289822,482.25252867002587,312.65239539099537,315.9406525280571
8.77105,80.45731,331.18,0.5,0.49,2026-09-28,744,N,VIIRS,n,2.0NRT,300.1,3.54,D,2026-09-28T12:53:57.614748+00:00,479.866084840389,483.1152077898956,457.66156643033827,286.78028009545005,295.46969580600637
8.77566,80.07923,334.28,0.53,0.5,2026-09-28,744,N,VIIRS,n,2.0NRT,297.63,6.23,D,2026-09-28T12:53:57.614748+00:00,479.37676567215334,471.9002985456466,423.2566779544597,250.10985041990926,269.95772034411107
9.03807,79.86861,330.74,0.55,0.51,2026-09-28,744,N,VIIRS,n,2.0NRT,297.73,2.56,D,2026-09-28T12:53:57.614748+00:00,451.87688884539176,438.68064894293127,387.4573956850014,215.68012335109114,232.85783240003147
9.07961,80.12665,332.62,0.52,0.5,2026-09-28,744,N,VIIRS,n,2.0NRT,297.45,5.31,D,2026-09-28T12:53:57.614748+00:00,445.4006353245187,440.22085741454873,408.553662233296,239.33053663528696,245.85740492236928
9.08099,80.1285,338.58,0.52,0.5,2026-09-28,744,N,VIIRS,n,2.0NRT,297.43,3.97,D,2026-09-28T12:53:57.614748+00:00,445.2402026358272,440.1218998481072,408.6443217656277,239.45652329153415,245.8669423325863
9.333,78.94403,330.32,0.62,0.54,2026-09-28,744,N,VIIRS,n,2.0NRT,296.01,3.74,D,2026-09-28T12:53:57.614748+00:00,441.3350502906983,398.997059616548,287.0588216970487,111.80712038859515,164.17107101114402
9.33427,78.83755,332.87,0.63,0.54,2026-09-28,744,N,VIIRS,n,2.0NRT,294.59,4.45,D,2026-09-28T12:53:57.614748+00:00,445.14442025301713,399.6231462086811,278.23394885272404,102.51319490242332,162.577293768987
9.36371,78.94433,341.7,0.62,0.54,2026-09-28,744,N,VIIRS,n,2.0NRT,296.3,4.61,D,2026-09-28T12:53:57.614748+00:00,438.0971925393577,395.5850864925364,284.8606448176088,109.85433887947124,160.80612856155176
9.44398,77.95945,336.34,0.36,0.57,2026-09-28,744,N,VIIRS,n,2.0NRT,287.98,2.63,D,2026-09-28T12:53:57.614748+00:00,476.66726038967505,406.7706387413855,206.51245575903522,56.321850829127506,170.50748155066097
9.447,78.21081,334.77,0.35,0.56,2026-09-28,744,N,VIIRS,n,2.0NRT,293.34,3.52,D,2026-09-28T12:53:57.614748+00:00,462.46925311545965,398.67244770106447,222.0982573133958,54.101050018402624,158.87177116285784
9.6405,77.97004,342.45,0.36,0.57,2026-09-28,744,N,VIIRS,n,2.0NRT,291.46,4.22,D,2026-09-28T12:53:57.614748+00:00,457.5859278075849,385.69419133661387,189.0236091398542,35.65780126304233,151.04633253344596
10.66816,77.46878,332.94,0.37,0.58,2026-09-28,744,N,VIIRS,n,2.0NRT,294.73,3.85,D,2026-09-28T12:53:57.614748+00:00,406.23415052868063,308.6936218166272,68.12772945379498,109.07700509856335,135.70888571988675
10.68109,77.96939,332.36,0.34,0.56,2026-09-28,744,N,VIIRS,n,2.0NRT,296.48,2.3,D,2026-09-28T12:53:57.614748+00:00,366.07246235318655,278.9449018250088,116.81636862066952,85.64671881102639,81.24759040343542
10.89177,78.35384,332.75,0.32,0.55,2026-09-28,744,N,VIIRS,n,2.0NRT,294.26,2.01,D,2026-09-28T12:53:57.614748+00:00,320.6489709083188,240.5507889086419,153.25416357777183,110.48339695133888,39.93792338746417
11.13729,78.48811,349.04,0.62,0.54,2026-09-28,744,N,VIIRS,n,2.0NRT,296.33,7.89,D,2026-09-28T12:53:57.614748+00:00,290.4306790750395,209.88351713377375,167.74645610686022,140.66388878114594,45.23289970523408
12.00963,76.53253,331.92,0.41,0.6,2026-09-28,744,N,VIIRS,n,2.0NRT,294.52,3.06,D,2026-09-28T12:53:57.614748+00:00,422.91121967031586,299.75681800572875,119.64319887706135,289.37995031990033,272.82548941418185
12.76423,76.9374,338.02,0.37,0.58,2026-09-28,744,N,VIIRS,n,2.0NRT,291.75,2.85,D,2026-09-28T12:53:57.614748+00:00,362.98588650001136,238.5809454788691,194.31566404819608,340.9852251338637,291.8415494014682
12.91495,79.34685,332.66,0.51,0.49,2026-09-28,744,N,VIIRS,n,2.0NRT,293.63,2.88,D,2026-09-28T12:53:57.614748+00:00,101.81809333036473,23.23225224359726,334.9485615912317,358.3317215353542,246.34624535086374
13.23603,77.89815,345.8,0.63,0.54,2026-09-28,744,N,VIIRS,n,2.0NRT,290.11,11.74,D,2026-09-28T12:53:57.614748+00:00,257.4520117884318,138.3347547893988,267.1849105696157,368.93815433166094,285.7266206039037
8.019,81.17416,329.92,0.49,0.65,2026-09-29,724,N,VIIRS,n,2.0NRT,289.83,2.57,D,2026-09-29T16:41:58.111757+00:00,571.6475130763768,588.530811867197,570.1418544864184,396.8095082338865,410.29770985330464
8.41913,80.51995,350.95,0.53,0.67,2026-09-29,724,N,VIIRS,n,2.0NRT,292.47,12.14,D,2026-09-29T16:41:58.111757+00:00,519.2792624468531,522.5490747681284,485.7919251856452,312.18307924644995,330.3498060584783
8.42008,80.51842,353.54,0.53,0.67,2026-09-29,724,N,VIIRS,n,2.0NRT,292.19,12.19,D,2026-09-29T16:41:58.111757+00:00,519.1650366431807,522.39945374026,485.5938803638443,311.9843867021055,330.16429539196685
8.63354,80.48622,342.81,0.53,0.67,2026-09-29,724,N,VIIRS,n,2.0NRT,285.56,5.34,D,2026-09-29T16:41:58.111757+00:00,495.2832270464476,498.6610552396735,468.85307632856393,296.75621850844976,309.2651573616278
9.4829,80.47287,338.53,0.51,0.66,2026-09-29,724,N,VIIRS,n,2.0NRT,292.4,5.81,D,2026-09-29T16:41:58.111757+00:00,400.88591205216915,408.82615469185805,420.92914833433946,262.5519391460282,242.0693423161432
10.94042,79.13027,330.01,0.59,0.7,2026-09-29,726,N,VIIRS,n,2.0NRT,294.04,9.05,D,2026-09-29T16:41:58.111757+00:00,268.5639578167531,219.73020456513464,237.51623455324875,157.9676828026941,49.37232765570154
13.9459,79.8444,330.96,0.46,0.64,2026-09-29,726,N,VIIRS,n,2.0NRT,294.49,3.23,D,2026-09-29T16:41:58.111757+00:00,106.47561273249539,137.94926708804275,452.11142654619994,484.83701716699824,372.05483976824513
11.14383,77.24282,332.6,0.5,0.66,2026-09-29,905,N,VIIRS,n,2.0NRT,294.01,1.94,D,2026-09-29T16:41:58.111757+00:00,393.48737517987564,284.7502328998005,34.3580332161038,165.99037129574197,164.34951006615086
8.99556,77.27133,339.86,0.47,0.64,2026-09-29,907,N,VIIRS,n,2.0NRT,295.71,2.59,D,2026-09-29T16:41:58.111757+00:00,560.0397962293252,480.9889730721671,227.3916841480636,139.08996415937457,253.9418278228072
9.39216,77.61321,340.83,0.5,0.66,2026-09-29,907,N,VIIRS,n,2.0NRT,295.92,5.37,D,2026-09-29T16:41:58.111757+00:00,502.3681247883,425.4865415044668,194.44960967170152,81.2209438220169,196.0964502064256
8.019,81.17416,329.92,0.49,0.65,2026-09-29,724,N,VIIRS,n,2.0NRT,289.83,2.57,D,2026-09-29T21:07:11.672033+00:00,571.6475130763768,588.530811867197,570.1418544864184,396.8095082338865,410.29770985330464
8.41913,80.51995,350.95,0.53,0.67,2026-09-29,724,N,VIIRS,n,2.0NRT,292.47,12.14,D,2026-09-29T21:07:11.672033+00:00,519.2792624468531,522.5490747681284,485.7919251856452,312.18307924644995,330.3498060584783
8.42008,80.51842,353.54,0.53,0.67,2026-09-29,724,N,VIIRS,n,2.0NRT,292.19,12.19,D,2026-09-29T21:07:11.672033+00:00,519.1650366431807,522.39945374026,485.5938803638443,311.9843867021055,330.16429539196685
8.63354,80.48622,342.81,0.53,0.67,2026-09-29,724,N,VIIRS,n,2.0NRT,285.56,5.34,D,2026-09-29T21:07:11.672033+00:00,495.2832270464476,498.6610552396735,468.85307632856393,296.75621850844976,309.2651573616278
9.4829,80.47287,338.53,0.51,0.66,2026-09-29,724,N,VIIRS,n,2.0NRT,292.4,5.81,D,2026-09-29T21:07:11.672033+00:00,400.88591205216915,408.82615469185805,420.92914833433946,262.5519391460282,242.0693423161432
10.94042,79.13027,330.01,0.59,0.7,2026-09-29,726,N,VIIRS,n,2.0NRT,294.04,9.05,D,2026-09-29T21:07:11.672033+00:00,268.5639578167531,219.73020456513464,237.51623455324875,157.9676828026941,49.37232765570154
13.9459,79.8444,330.96,0.46,0.64,2026-09-29,726,N,VIIRS,n,2.0NRT,294.49,3.23,D,2026-09-29T21:07:11.672033+00:00,106.47561273249539,137.94926708804275,452.11142654619994,484.83701716699824,372.05483976824513
11.14383,77.24282,332.6,0.5,0.66,2026-09-29,905,N,VIIRS,n,2.0NRT,294.01,1.94,D,2026-09-29T21:07:11.672033+00:00,393.48737517987564,284.7502328998005,34.3580332161038,165.99037129574197,164.34951006615086
8.99556,77.27133,339.86,0.47,0.64,2026-09-29,907,N,VIIRS,n,2.0NRT,295.71,2.59,D,2026-09-29T21:07:11.672033+00:00,560.0397962293252,480.9889730721671,227.3916841480636,139.08996415937457,253.9418278228072
9.39216,77.61321,340.83,0.5,0.66,2026-09-29,907,N,VIIRS,n,2.0NRT,295.92,5.37,D,2026-09-29T21:07:11.672033+00:00,502.3681247883,425.4865415044668,194.44960967170152,81.2209438220169,196.0964502064256
8.03855,80.08451,339.33,0.33,0.56,2026-09-30,845,N,VIIRS,n,2.0NRT,292.94,2.78,D,2026-09-30T18:39:53.544872+00:00,561.2527720080307,552.2948390332039,476.8203022029719,300.94764172880105,341.3842557212219
8.05586,80.37183,331.96,0.35,0.57,2026-09-30,845,N,VIIRS,n,2.0NRT,292.13,2.21,D,2026-09-30T18:39:53.544872+00:00,559.0683261651719,557.1953283820283,498.6854078172501,323.07304241691395,354.82360454259765
8.10882,80.21354,341.2,0.34,0.56,2026-09-30,845,N,VIIRS,n,2.0NRT,290.23,2.79,D,2026-09-30T18:39:53.544872+00:00,553.1054824180239,547.4902013662893,481.79408874657696,306.03676364487416,341.02955897288376
8.10988,80.21316,343.28,0.34,0.56,2026-09-30,845,N,VIIRS,n,2.0NRT,291.21,3.08,D,2026-09-30T18:39:53.544872+00:00,552.9880936678974,547.3661094815819,481.6837116384573,305.9273861656834,340.9061588301699
8.11034,80.09634,344.08,0.34,0.56,2026-09-30,845,N,VIIRS,n,2.0NRT,292.58,3.17,D,2026-09-30T18:39:53.544872+00:00,553.229312611496,544.7036468821394,472.23103975333953,296.3735185667149,334.8303026756344
8.21059,81.03558,330.67,0.39,0.59,2026-09-30,845,N,VIIRS,n,2.0NRT,294.85,1.74,D,2026-09-30T18:39:53.544872+00:00,548.1599863516365,563.083449759683,545.3256926172784,372.6236763810326,384.22527382589095
8.21097,81.03644,330.18,0.39,0.59,2026-09-30,845,N,VIIRS,n,2.0NRT,295.68,2.94,D,2026-09-30T18:39:53.544872+00:00,548.1325490386465,563.0788570022929,545.3786407484321,372.68305700928556,384.25638550648915
8.22385,80.1952,344.73,0.34,0.56,2026-09-30,845,N,VIIRS,n,2.0NRT,289.75,3.0,D,2026-09-30T18:39:53.544872+00:00,540.3424200057779,534.5645444574409,471.7461932806411,296.1709451421858,328.8866810114615
8.2245,80.19572,331.52,0.34,0.56,2026-09-30,845,N,VIIRS,n,2.0NRT,288.87,2.76,D,2026-09-30T18:39:53.544872+00:00,540.2692873882444,534.5063176870242,471.7412837816166,296.1685679556397,328.85223670588164
8.28206,80.61604,330.18,0.37,0.58,2026-09-30,845,N,VIIRS,n,2.0NRT,293.02,3.42,D,2026-09-30T18:39:53.544872+00:00,535.1380095911461,540.2194199212381,503.41878350625507,329.38219478511934,348.8863110893605
8.37489,80.75827,334.78,0.38,0.58,2026-09-30,845,N,VIIRS,n,2.0NRT,293.56,2.37,D,2026-09-30T18:39:53.544872+00:00,526.1860703715344,535.3277937311847,509.8683948652012,337.05948048038107,350.48072641651004
8.37665,80.53056,367.0,0.36,0.58,2026-09-30,845,N,VIIRS,h,2.0NRT,294.1,6.22,D,2026-09-30T18:39:53.544872+00:00,524.0579572143239,527.4086756815742,489.5641684070241,315.73064662625086,334.83346896853425
8.38008,80.5288,354.07,0.36,0.58,2026-09-30,845,N,VIIRS,n,2.0NRT,295.33,16.35,D,2026-09-30T18:39:53.544872+00:00,523.6667283849282,526.9877128391522,489.17961176358557,315.3597344105758,334.4118078250821
8.38052,80.53218,335.31,0.36,0.58,2026-09-30,845,N,VIIRS,n,2.0NRT,292.99,12.96,D,2026-09-30T18:39:53.544872+00:00,523.6378753171276,527.0478672560513,489.44668342316277,315.64417967673324,334.59427942092094
8.64018,77.53448,345.38,0.46,0.47,2026-09-30,845,N,VIIRS,n,2.0NRT,300.96,10.12,D,2026-09-30T18:39:53.544872+00:00,577.2824176043838,506.5169700926511,271.7660584742546,156.66044993544438,271.3275147927181
8.66763,81.15247,342.64,0.4,0.6,2026-09-30,845,N,VIIRS,n,2.0NRT,295.24,3.6,D,2026-09-30T18:39:53.544872+00:00,500.2816809227428,521.4093815284083,528.7689792625902,360.9662178151816,357.3200331712927
8.66889,81.15262,341.17,0.4,0.6,2026-09-30,845,N,VIIRS,n,2.0NRT,295.15,4.64,D,2026-09-30T18:39:53.544872+00:00,500.14730968852916,521.2891837352522,528.7133385211997,360.9266027013888,357.23947102961205
8.66935,77.84595,333.49,0.48,0.48,2026-09-30,845,N,VIIRS,n,2.0NRT,297.47,3.77,D,2026-09-30T18:39:53.544872+00:00,557.5802839036536,492.7157281836449,278.64513733908973,142.84080092471814,253.94292315676978
8.74364,80.57745,340.13,0.37,0.58,2026-09-30,845,N,VIIRS,n,2.0NRT,289.47,2.98,D,2026-09-30T18:39:53.544872+00:00,483.641900969132,490.0901231445434,470.38840205512406,299.95804893813346,306.4523393358669
8.74479,77.71272,343.12,0.47,0.48,2026-09-30,845,N,VIIRS,n,2.0NRT,302.82,5.45,D,2026-09-30T18:39:53.544872+00:00,557.338276644212,489.09095351535933,265.89325218487005,138.646992066043,252.10909045918055
9.76881,78.23429,335.27,0.53,0.5,2026-09-30,845,N,VIIRS,n,2.0NRT,298.69,4.38,D,2026-09-30T18:39:53.544872+00:00,430.15094005865683,363.44426705767506,196.99877375711097,21.44143071128119,124.7210011138336
9.77053,78.23584,336.52,0.53,0.5,2026-09-30,845,N,VIIRS,n,2.0NRT,298.6,5.26,D,2026-09-30T18:39:53.544872+00:00,429.8996349055022,363.21450631906526,196.98426933045045,21.387092701543825,124.47677612122708
11.0735,76.95827,332.54,0.45,0.47,2026-09-30,845,N,VIIRS,n,2.0NRT,298.79,2.11,D,2026-09-30T18:39:53.544872+00:00,423.816460227487,312.916024046046,6.310512404235349,180.08414448817584,193.24893443836075
11.07783,76.95766,343.07,0.45,0.47,2026-09-30,845,N,VIIRS,n,2.0NRT,299.41,2.11,D,2026-09-30T18:39:53.544872+00:00,423.6168438943225,312.64970693889006,6.789261618156793,180.47215143152198,193.39222258746662
11.26375,77.24431,336.08,0.48,0.48,2026-09-30,845,N,VIIRS,n,2.0NRT,299.32,6.93,D,2026-09-30T18:39:53.544872+00:00,386.1431401744627,275.5336688266325,41.77065786441062,176.9450405079814,167.85130487413954
11.73414,77.01698,332.47,0.47,0.48,2026-09-30,848,N,VIIRS,n,2.0NRT,297.98,2.39,D,2026-09-30T18:39:53.544872+00:00,383.83725377696,264.75782980374595,80.0428940742559,234.44550311954575,211.85867453905024
8.03855,80.08451,339.33,0.33,0.56,2026-09-30,845,N,VIIRS,n,2.0NRT,292.94,2.78,D,2026-09-30T22:42:03.580696+00:00,561.2527720080307,552.2948390332039,476.8203022029719,300.9476417288011,341.3842557212219
8.05586,80.37183,331.96,0.35,0.57,2026-09-30,845,N,VIIRS,n,2.0NRT,292.13,2.21,D,2026-09-30T22:42:03.580696+00:00,559.0683261651719,557.1953283820283,498.68540781725017,323.07304241691395,354.82360454259765
8.10882,80.21354,341.2,0.34,0.56,2026-09-30,845,N,VIIRS,n,2.0NRT,290.23,2.79,D,2026-09-30T22:42:03.580696+00:00,553.105482418024,547.4902013662893,481.79408874657696,306.03676364487416,341.02955897288376
8.10988,80.21316,343.28,0.34,0.56,2026-09-30,845,N,VIIRS,n,2.0NRT,291.21,3.08,D,2026-09-30T22:42:03.580696+00:00,552.9880936678974,547.3661094815819,481.6837116384573,305.9273861656834,340.9061588301699
8.11034,80.09634,344.08,0.34,0.56,2026-09-30,845,N,VIIRS,n,2.0NRT,292.58,3.17,D,2026-09-30T22:42:03.580696+00:00,553.229312611496,544.7036468821394,472.23103975333953,296.3735185667149,334.8303026756344
8.21059,81.03558,330.67,0.39,0.59,2026-09-30,845,N,VIIRS,n,2.0NRT,294.85,1.74,D,2026-09-30T22:42:03.580696+00:00,548.1599863516365,563.083449759683,545.3256926172784,372.6236763810326,384.22527382589095
8.21097,81.03644,330.18,0.39,0.59,2026-09-30,845,N,VIIRS,n,2.0NRT,295.68,2.94,D,2026-09-30T22:42:03.580696+00:00,548.1325490386465,563.078857002293,545.3786407484321,372.68305700928556,384.25638550648915
8.22385,80.1952,344.73,0.34,0.56,2026-09-30,845,N,VIIRS,n,2.0NRT,289.75,3.0,D,2026-09-30T22:42:03.580696+00:00,540.3424200057779,534.5645444574409,471.7461932806411,296.1709451421858,328.8866810114615
8.2245,80.19572,331.52,0.34,0.56,2026-09-30,845,N,VIIRS,n,2.0NRT,288.87,2.76,D,2026-09-30T22:42:03.580696+00:00,540.2692873882445,534.5063176870243,471.7412837816166,296.16856795563973,328.85223670588164
8.28206,80.61604,330.18,0.37,0.58,2026-09-30,845,N,VIIRS,n,2.0NRT,293.02,3.42,D,2026-09-30T22:42:03.580696+00:00,535.1380095911461,540.2194199212381,503.41878350625507,329.38219478511934,348.8863110893605
8.37489,80.75827,334.78,0.38,0.58,2026-09-30,845,N,VIIRS,n,2.0NRT,293.56,2.37,D,2026-09-30T22:42:03.580696+00:00,526.1860703715344,535.3277937311848,509.8683948652013,337.05948048038107,350.48072641651004
8.37665,80.53056,367.0,0.36,0.58,2026-09-30,845,N,VIIRS,h,2.0NRT,294.1,6.22,D,2026-09-30T22:42:03.580696+00:00,524.0579572143239,527.4086756815742,489.5641684070241,315.73064662625086,334.83346896853425
8.38008,80.5288,354.07,0.36,0.58,2026-09-30,845,N,VIIRS,n,2.0NRT,295.33,16.35,D,2026-09-30T22:42:03.580696+00:00,523.6667283849282,526.9877128391522,489.17961176358557,315.3597344105758,334.4118078250821
8.38052,80.53218,335.31,0.36,0.58,2026-09-30,845,N,VIIRS,n,2.0NRT,292.99,12.96,D,2026-09-30T22:42:03.580696+00:00,523.6378753171276,527.0478672560513,489.4466834231628,315.64417967673324,334.59427942092094
8.64018,77.53448,345.38,0.46,0.47,2026-09-30,845,N,VIIRS,n,2.0NRT,300.96,10.12,D,2026-09-30T22:42:03.580696+00:00,577.2824176043839,506.5169700926511,271.7660584742546,156.66044993544438,271.3275147927181
8.66763,81.15247,342.64,0.4,0.6,2026-09-30,845,N,VIIRS,n,2.0NRT,295.24,3.6,D,2026-09-30T22:42:03.580696+00:00,500.2816809227428,521.4093815284083,528.7689792625902,360.9662178151816,357.3200331712927
8.66889,81.15262,341.17,0.4,0.6,2026-09-30,845,N,VIIRS,n,2.0NRT,295.15,4.64,D,2026-09-30T22:42:03.580696+00:00,500.14730968852916,521.2891837352522,528.7133385211997,360.9266027013888,357.23947102961205
8.66935,77.84595,333.49,0.48,0.48,2026-09-30,845,N,VIIRS,n,2.0NRT,297.47,3.77,D,2026-09-30T22:42:03.580696+00:00,557.5802839036537,492.71572818364496,278.64513733908973,142.84080092471814,253.94292315676978
8.74364,80.57745,340.13,0.37,0.58,2026-09-30,845,N,VIIRS,n,2.0NRT,289.47,2.98,D,2026-09-30T22:42:03.580696+00:00,483.641900969132,490.0901231445434,470.38840205512406,299.95804893813346,306.4523393358669
8.74479,77.71272,343.12,0.47,0.48,2026-09-30,845,N,VIIRS,n,2.0NRT,302.82,5.45,D,2026-09-30T22:42:03.580696+00:00,557.3382766442121,489.09095351535933,265.89325218487005,138.646992066043,252.10909045918058
9.76881,78.23429,335.27,0.53,0.5,2026-09-30,845,N,VIIRS,n,2.0NRT,298.69,4.38,D,2026-09-30T22:42:03.580696+00:00,430.15094005865683,363.44426705767506,196.99877375711097,21.44143071128119,124.7210011138336
9.77053,78.23584,336.52,0.53,0.5,2026-09-30,845,N,VIIRS,n,2.0NRT,298.6,5.26,D,2026-09-30T22:42:03.580696+00:00,429.8996349055022,363.21450631906526,196.98426933045045,21.387092701543825,124.47677612122708
11.0735,76.95827,332.54,0.45,0.47,2026-09-30,845,N,VIIRS,n,2.0NRT,298.79,2.11,D,2026-09-30T22:42:03.580696+00:00,423.816460227487,312.916024046046,6.310512404235349,180.08414448817584,193.24893443836075
11.07783,76.95766,343.07,0.45,0.47,2026-09-30,845,N,VIIRS,n,2.0NRT,299.41,2.11,D,2026-09-30T22:42:03.580696+00:00,423.6168438943225,312.64970693889006,6.789261618156793,180.47215143152198,193.39222258746662
11.26375,77.24431,336.08,0.48,0.48,2026-09-30,845,N,VIIRS,n,2.0NRT,299.32,6.93,D,2026-09-30T22:42:03.580696+00:00,386.1431401744627,275.5336688266325,41.77065786441062,176.9450405079814,167.85130487413954
11.73414,77.01698,332.47,0.47,0.48,2026-09-30,848,N,VIIRS,n,2.0NRT,297.98,2.39,D,2026-09-30T22:42:03.580696+00:00,383.83725377696,264.75782980374595,80.0428940742559,234.44550311954575,211.85867453905024
8.0543,80.69315,343.84,0.54,0.42,2026-10-01,828,N,VIIRS,n,2.0NRT,300.51,7.82,D,2026-10-01T14:51:37.521008+00:00,561.0348239654584,566.9239202286027,525.7704500945418,350.9263996434364,374.3480932147546
8.11077,80.37022,335.39,0.52,0.41,2026-10-01,828,N,VIIRS,n,2.0NRT,296.91,2.6,D,2026-10-01T14:51:37.521008+00:00,552.9603135099829,551.2288735321091,494.52030151159585,319.0279254984077,349.5057181190699
8.2091,80.14625,337.64,0.5,0.41,2026-10-01,828,N,VIIRS,n,2.0NRT,302.54,4.96,D,2026-10-01T14:51:37.521008+00:00,542.0901069921756,535.0331027346157,468.81653127576317,293.1242613320362,327.689640051981
8.21303,80.14688,332.41,0.5,0.41,2026-10-01,828,N,VIIRS,n,2.0NRT,301.0,4.68,D,2026-10-01T14:51:37.521008+00:00,541.6515233838459,534.6197185740671,468.5757483993442,292.8916368184535,327.33987734577227
8.22,81.04875,331.39,0.57,0.43,2026-10-01,828,N,VIIRS,n,2.0NRT,299.75,5.0,D,2026-10-01T14:51:37.521008+00:00,547.3472828980401,562.6441452858234,545.9086905715386,373.3308351940915,384.4066416674843
8.23751,80.2653,335.67,0.51,0.41,2026-10-01,828,N,VIIRS,n,2.0NRT,295.98,2.32,D,2026-10-01T14:51:37.521008+00:00,538.7608695705438,534.8023353344222,476.5654978127639,301.18083666952987,331.47025508270355
8.24543,80.21234,337.04,0.51,0.41,2026-10-01,828,N,VIIRS,n,2.0NRT,303.55,3.94,D,2026-10-01T14:51:37.521008+00:00,537.9176619445445,532.6334675238073,471.5823953584084,296.09667634813877,327.7481015969127
8.28008,80.73605,334.53,0.54,0.42,2026-10-01,828,N,VIIRS,n,2.0NRT,296.52,5.18,D,2026-10-01T14:51:37.521008+00:00,536.4407284725021,544.5064282591894,514.0946023486292,340.54247810810506,357.1183758054444
8.28026,80.73795,330.27,0.54,0.42,2026-10-01,828,N,VIIRS,n,2.0NRT,297.09,5.67,D,2026-10-01T14:51:37.521008+00:00,536.440508726722,544.554302894295,514.2505415303227,340.7076412235177,357.23267611609015
8.30662,80.6989,332.7,0.54,0.42,2026-10-01,828,N,VIIRS,n,2.0NRT,294.69,4.4,D,2026-10-01T14:51:37.521008+00:00,533.1314650085965,540.411683587027,509.0534002232927,335.50849611056475,352.2685073647475
8.33625,80.20077,334.08,0.51,0.41,2026-10-01,828,N,VIIRS,n,2.0NRT,301.75,4.74,D,2026-10-01T14:51:37.521008+00:00,527.8364249205265,522.502988414516,464.03836359059284,288.8040106044355,318.4026387654458
8.35745,80.16013,330.46,0.51,0.41,2026-10-01,828,N,VIIRS,n,2.0NRT,296.22,3.74,D,2026-10-01T14:51:37.521008+00:00,525.5625927783743,519.2265342780911,459.1035096816573,283.8288608027946,314.09511578406847
8.38971,80.41295,333.83,0.52,0.42,2026-10-01,828,N,VIIRS,n,2.0NRT,302.33,6.76,D,2026-10-01T14:51:37.521008+00:00,522.0678882098555,522.4320145126312,478.4180423126032,304.169032535938,326.09628774045586
8.39014,80.38862,330.63,0.52,0.42,2026-10-01,828,N,VIIRS,n,2.0NRT,297.81,3.65,D,2026-10-01T14:51:37.521008+00:00,521.9477727732394,521.6804533786825,476.2796964618094,301.93527128477325,324.53237205283983
8.39935,80.76165,335.65,0.55,0.42,2026-10-01,828,N,VIIRS,n,2.0NRT,301.59,9.69,D,2026-10-01T14:51:37.521008+00:00,523.5177547185325,532.8838095584515,508.59804623915494,335.9884321839252,348.6352206109241
8.39958,80.76382,339.37,0.55,0.43,2026-10-01,828,N,VIIRS,n,2.0NRT,302.52,7.15,D,2026-10-01T14:51:37.521008+00:00,523.5166391885601,532.9389087704608,508.7783467623628,336.181071445215,348.7696022424345
8.40887,80.41022,339.73,0.52,0.42,2026-10-01,828,N,VIIRS,n,2.0NRT,301.84,8.38,D,2026-10-01T14:51:37.521008+00:00,519.9295042555908,520.2984428250178,476.874421995248,302.72384629023884,324.1788544628408
8.50992,80.25771,349.07,0.51,0.41,2026-10-01,828,N,VIIRS,n,2.0NRT,303.8,11.15,D,2026-10-01T14:51:37.521008+00:00,508.4719151068965,505.16804305531855,456.7338247971866,282.5344999478043,305.42739284304145
8.58553,80.69866,338.49,0.55,0.42,2026-10-01,828,N,VIIRS,n,2.0NRT,302.99,5.24,D,2026-10-01T14:51:37.521008+00:00,502.24073830646984,511.0559226516845,491.1714935368152,319.8251551331813,328.44214245214977
8.63819,80.56268,336.53,0.54,0.42,2026-10-01,828,N,VIIRS,n,2.0NRT,304.34,8.37,D,2026-10-01T14:51:37.521008+00:00,495.23390577805543,500.70829808492,475.49671273988406,303.88024938069816,314.2275577675976
8.76052,80.58287,334.77,0.54,0.42,2026-10-01,828,N,VIIRS,n,2.0NRT,304.77,3.63,D,2026-10-01T14:51:37.521008+00:00,481.8108675499147,488.5036226944116,469.8760766934865,299.67108352627736,305.4573526145539
8.76415,80.49776,337.41,0.53,0.42,2026-10-01,828,N,VIIRS,n,2.0NRT,303.2,7.16,D,2026-10-01T14:51:37.521008+00:00,480.8399943956276,485.1864058359622,461.79981591782894,291.09761245249655,298.9485171232165
8.84128,78.00632,341.64,0.41,0.37,2026-10-01,828,N,VIIRS,n,2.0NRT,301.88,6.11,D,2026-10-01T14:51:37.521008+00:00,532.4497822281382,469.52640114467505,267.8742480035658,121.16765630896982,229.8527857469456
8.92758,77.74334,342.59,0.4,0.37,2026-10-01,828,N,VIIRS,n,2.0NRT,296.33,3.96,D,2026-10-01T14:51:37.521008+00:00,538.0818595679319,468.75132002994394,247.80226012508655,118.3671145819697,232.38146551555639
9.17016,77.91811,340.87,0.41,0.37,2026-10-01,828,N,VIIRS,n,2.0NRT,307.31,8.53,D,2026-10-01T14:51:37.521008+00:00,505.10168819031827,437.1407518123593,230.7821567689257,86.82070156569515,199.70550999485917
9.33211,77.41198,347.44,0.4,0.37,2026-10-01,828,N,VIIRS,n,2.0NRT,304.56,9.74,D,2026-10-01T14:51:37.521008+00:00,520.6878194912003,440.5452881249901,193.86768058350523,101.83558405495603,215.23973609957443
9.42319,80.33737,335.6,0.53,0.42,2026-10-01,828,N,VIIRS,n,2.0NRT,302.71,9.6,D,2026-10-01T14:51:37.521008+00:00,406.98387401262,410.06607177110607,410.27372813171706,249.40183703435738,234.642938677741
9.4248,80.3391,340.93,0.53,0.42,2026-10-01,828,N,VIIRS,n,2.0NRT,303.63,8.3,D,2026-10-01T14:51:37.521008+00:00,406.8082929225849,409.9569173743739,410.36639344432564,249.54611868645398,234.67099323712137
9.42731,80.32883,341.04,0.53,0.42,2026-10-01,828,N,VIIRS,n,2.0NRT,300.93,10.81,D,2026-10-01T14:51:37.521008+00:00,406.51023843410957,409.3339883531639,409.23092791098543,248.38563524917652,233.63334136227303
9.49259,78.67966,338.88,0.44,0.38,2026-10-01,828,N,VIIRS,n,2.0NRT,302.05,3.32,D,2026-10-01T14:51:37.521008+00:00,435.25985092411196,383.9110991831473,253.57650033146714,77.96965596017056,144.34702928276366
9.65645,78.92221,337.06,0.45,0.39,2026-10-01,828,N,VIIRS,n,2.0NRT,301.19,1.6,D,2026-10-01T14:51:37.521008+00:00,408.34976719743844,363.22535777279114,262.9618399909609,92.86393558159416,128.32723081364716
9.70301,78.81469,334.12,0.45,0.39,2026-10-01,828,N,VIIRS,n,2.0NRT,298.38,2.66,D,2026-10-01T14:51:37.521008+00:00,407.9335780478746,358.99963632533587,250.36392948224926,80.04570341935143,121.52079840057623
9.96278,78.20811,331.07,0.43,0.38,2026-10-01,828,N,VIIRS,n,2.0NRT,300.97,1.46,D,2026-10-01T14:51:37.521008+00:00,413.3291761712614,343.53907064532626,180.2320963540135,10.53618392530012,106.86966488952214
9.99021,78.11714,331.29,0.42,0.38,2026-10-01,828,N,VIIRS,n,2.0NRT,296.03,2.04,D,2026-10-01T14:51:37.521008+00:00,416.2699246041881,343.68471422106313,170.73899323921913,7.2346500113264876,109.76552606803202
10.15436,78.70897,335.95,0.45,0.39,2026-10-01,828,N,VIIRS,n,2.0NRT,300.19,3.32,D,2026-10-01T14:51:37.521008+00:00,367.35866248614474,310.5820658163897,214.28080677419092,69.35974099124935,70.73708147721003
10.2558,78.90551,341.93,0.46,0.39,2026-10-01,828,N,VIIRS,n,2.0NRT,299.18,5.0,D,2026-10-01T14:51:37.521008+00:00,347.71223311166074,296.88755119823514,229.2588852024742,93.54159921678665,63.37949041200372
10.48664,77.19983,337.43,0.4,0.37,2026-10-01,828,N,VIIRS,n,2.0NRT,301.67,1.76,D,2026-10-01T14:51:37.521008+00:00,441.6354163229891,342.4581776622277,64.69856664820195,118.46205160307491,167.89224394475912
10.495,77.49612,335.25,0.41,0.37,2026-10-01,828,N,VIIRS,l,2.0NRT,305.36,2.64,D,2026-10-01T14:51:37.521008+00:00,417.1169764997112,322.8626709156363,82.76746724165804,93.1268910363075,136.10184540460793
10.57024,79.31104,330.67,0.48,0.4,2026-10-01,828,N,VIIRS,n,2.0NRT,299.92,2.71,D,2026-10-01T14:51:37.521008+00:00,298.25452765163504,261.6151558843299,262.0044911265909,148.7769360545936,70.63586122903925
10.66777,77.85938,331.37,0.42,0.38,2026-10-01,828,N,VIIRS,n,2.0NRT,301.14,1.75,D,2026-10-01T14:51:37.521008+00:00,375.4235117533325,285.87480360966896,106.03740916988744,87.34721082018054,93.35491204016606
10.77234,76.50561,334.23,0.39,0.36,2026-10-01,828,N,VIIRS,n,2.0NRT,296.64,1.56,D,2026-10-01T14:51:37.521008+00:00,483.485205024144,372.2346110510535,56.17177308707757,200.1235483962365,240.2192104234483
10.88764,77.20576,336.4,0.4,0.37,2026-10-01,828,N,VIIRS,n,2.0NRT,301.65,4.06,D,2026-10-01T14:51:37.521008+00:00,413.15645561346037,307.95699146622013,30.836696234016216,146.44332023475414,164.05670763109254
10.98022,77.26296,335.3,0.4,0.37,2026-10-01,828,N,VIIRS,n,2.0NRT,301.68,1.69,D,2026-10-01T14:51:37.521008+00:00,402.0377689273913,296.1665496400915,33.77311694491113,150.13597891924857,158.83657288203545
10.98076,77.26665,335.64,0.4,0.37,2026-10-01,828,N,VIIRS,n,2.0NRT,302.76,1.69,D,2026-10-01T14:51:37.521008+00:00,401.67618944213007,295.8472441751509,34.165866492937035,149.93145686029638,158.4450909711852
11.58609,79.64046,333.31,0.52,0.41,2026-10-01,828,N,VIIRS,n,2.0NRT,300.48,1.35,D,2026-10-01T14:51:37.521008+00:00,179.94671646198117,157.89612839994143,299.4960716873953,248.39686522134434,135.0744697528171
11.97858,79.37245,334.31,0.51,0.41,2026-10-01,828,N,VIIRS,n,2.0NRT,299.05,5.89,D,2026-10-01T14:51:37.521008+00:00,156.77796537146165,107.49700413185035,284.21117065247773,266.14134996429715,150.83349402626894
11.97933,79.37566,334.37,0.51,0.41,2026-10-01,828,N,VIIRS,n,2.0NRT,299.31,5.81,D,2026-10-01T14:51:37.521008+00:00,156.4960417126035,107.50115729289685,284.5662849999008,266.3929707608464,151.07557872341255
13.79512,79.84664,336.32,0.57,0.43,2026-10-01,828,N,VIIRS,n,2.0NRT,295.75,3.4,D,2026-10-01T14:51:37.521008+00:00,91.5353378186901,124.55540935642509,440.427881897809,469.5410323856216,356.3850186389026
8.0543,80.69315,343.84,0.54,0.42,2026-10-01,828,N,VIIRS,n,2.0NRT,300.51,7.82,D,2026-10-01T19:56:15.330340+00:00,561.0348239654584,566.9239202286027,525.7704500945418,350.9263996434364,374.3480932147546
8.11077,80.37022,335.39,0.52,0.41,2026-10-01,828,N,VIIRS,n,2.0NRT,296.91,2.6,D,2026-10-01T19:56:15.330340+00:00,552.9603135099829,551.2288735321091,494.52030151159585,319.0279254984077,349.5057181190699
8.2091,80.14625,337.64,0.5,0.41,2026-10-01,828,N,VIIRS,n,2.0NRT,302.54,4.96,D,2026-10-01T19:56:15.330340+00:00,542.0901069921756,535.0331027346157,468.81653127576317,293.1242613320362,327.689640051981
8.21303,80.14688,332.41,0.5,0.41,2026-10-01,828,N,VIIRS,n,2.0NRT,301.0,4.68,D,2026-10-01T19:56:15.330340+00:00,541.651523383846,534.6197185740671,468.5757483993442,292.8916368184535,327.33987734577227
8.22,81.04875,331.39,0.57,0.43,2026-10-01,828,N,VIIRS,n,2.0NRT,299.75,5.0,D,2026-10-01T19:56:15.330340+00:00,547.3472828980402,562.6441452858234,545.9086905715387,373.3308351940915,384.40664166748434
8.23751,80.2653,335.67,0.51,0.41,2026-10-01,828,N,VIIRS,n,2.0NRT,295.98,2.32,D,2026-10-01T19:56:15.330340+00:00,538.7608695705438,534.8023353344222,476.5654978127639,301.18083666952987,331.47025508270355
8.24543,80.21234,337.04,0.51,0.41,2026-10-01,828,N,VIIRS,n,2.0NRT,303.55,3.94,D,2026-10-01T19:56:15.330340+00:00,537.9176619445446,532.6334675238073,471.5823953584084,296.0966763481388,327.7481015969127
8.28008,80.73605,334.53,0.54,0.42,2026-10-01,828,N,VIIRS,n,2.0NRT,296.52,5.18,D,2026-10-01T19:56:15.330340+00:00,536.4407284725021,544.5064282591894,514.0946023486292,340.54247810810506,357.1183758054444
8.28026,80.73795,330.27,0.54,0.42,2026-10-01,828,N,VIIRS,n,2.0NRT,297.09,5.67,D,2026-10-01T19:56:15.330340+00:00,536.440508726722,544.554302894295,514.2505415303227,340.7076412235177,357.23267611609015
8.30662,80.6989,332.7,0.54,0.42,2026-10-01,828,N,VIIRS,n,2.0NRT,294.69,4.4,D,2026-10-01T19:56:15.330340+00:00,533.1314650085965,540.411683587027,509.0534002232927,335.50849611056475,352.2685073647475
8.33625,80.20077,334.08,0.51,0.41,2026-10-01,828,N,VIIRS,n,2.0NRT,301.75,4.74,D,2026-10-01T19:56:15.330340+00:00,527.8364249205266,522.502988414516,464.03836359059284,288.8040106044355,318.4026387654458
8.35745,80.16013,330.46,0.51,0.41,2026-10-01,828,N,VIIRS,n,2.0NRT,296.22,3.74,D,2026-10-01T19:56:15.330340+00:00,525.5625927783743,519.2265342780911,459.1035096816573,283.8288608027946,314.09511578406847
8.38971,80.41295,333.83,0.52,0.42,2026-10-01,828,N,VIIRS,n,2.0NRT,302.33,6.76,D,2026-10-01T19:56:15.330340+00:00,522.0678882098555,522.4320145126312,478.41804231260323,304.169032535938,326.09628774045586
8.39014,80.38862,330.63,0.52,0.42,2026-10-01,828,N,VIIRS,n,2.0NRT,297.81,3.65,D,2026-10-01T19:56:15.330340+00:00,521.9477727732394,521.6804533786825,476.2796964618094,301.93527128477325,324.53237205283983
8.39935,80.76165,335.65,0.55,0.42,2026-10-01,828,N,VIIRS,n,2.0NRT,301.59,9.69,D,2026-10-01T19:56:15.330340+00:00,523.5177547185325,532.8838095584515,508.59804623915494,335.9884321839252,348.6352206109241
8.39958,80.76382,339.37,0.55,0.43,2026-10-01,828,N,VIIRS,n,2.0NRT,302.52,7.15,D,2026-10-01T19:56:15.330340+00:00,523.5166391885601,532.9389087704608,508.7783467623628,336.181071445215,348.7696022424345
8.40887,80.41022,339.73,0.52,0.42,2026-10-01,828,N,VIIRS,n,2.0NRT,301.84,8.38,D,2026-10-01T19:56:15.330340+00:00,519.9295042555908,520.2984428250178,476.8744219952481,302.72384629023884,324.1788544628408
8.50992,80.25771,349.07,0.51,0.41,2026-10-01,828,N,VIIRS,n,2.0NRT,303.8,11.15,D,2026-10-01T19:56:15.330340+00:00,508.4719151068965,505.16804305531855,456.7338247971866,282.5344999478043,305.42739284304145
8.58553,80.69866,338.49,0.55,0.42,2026-10-01,828,N,VIIRS,n,2.0NRT,302.99,5.24,D,2026-10-01T19:56:15.330340+00:00,502.24073830646984,511.0559226516845,491.1714935368152,319.8251551331813,328.44214245214977
8.63819,80.56268,336.53,0.54,0.42,2026-10-01,828,N,VIIRS,n,2.0NRT,304.34,8.37,D,2026-10-01T19:56:15.330340+00:00,495.23390577805543,500.7082980849201,475.49671273988406,303.88024938069816,314.2275577675976
8.76052,80.58287,334.77,0.54,0.42,2026-10-01,828,N,VIIRS,n,2.0NRT,304.77,3.63,D,2026-10-01T19:56:15.330340+00:00,481.8108675499147,488.5036226944116,469.8760766934865,299.67108352627736,305.4573526145539
8.76415,80.49776,337.41,0.53,0.42,2026-10-01,828,N,VIIRS,n,2.0NRT,303.2,7.16,D,2026-10-01T19:56:15.330340+00:00,480.8399943956276,485.1864058359622,461.79981591782894,291.09761245249655,298.9485171232165
8.84128,78.00632,341.64,0.41,0.37,2026-10-01,828,N,VIIRS,n,2.0NRT,301.88,6.11,D,2026-10-01T19:56:15.330340+00:00,532.4497822281382,469.52640114467516,267.8742480035658,121.16765630896982,229.8527857469456
8.92758,77.74334,342.59,0.4,0.37,2026-10-01,828,N,VIIRS,n,2.0NRT,296.33,3.96,D,2026-10-01T19:56:15.330340+00:00,538.0818595679319,468.75132002994394,247.80226012508655,118.3671145819697,232.38146551555639
9.17016,77.91811,340.87,0.41,0.37,2026-10-01,828,N,VIIRS,n,2.0NRT,307.31,8.53,D,2026-10-01T19:56:15.330340+00:00,505.10168819031827,437.1407518123593,230.7821567689257,86.82070156569515,199.70550999485917
9.33211,77.41198,347.44,0.4,0.37,2026-10-01,828,N,VIIRS,n,2.0NRT,304.56,9.74,D,2026-10-01T19:56:15.330340+00:00,520.6878194912005,440.5452881249901,193.86768058350523,101.83558405495603,215.23973609957443
9.42319,80.33737,335.6,0.53,0.42,2026-10-01,828,N,VIIRS,n,2.0NRT,302.71,9.6,D,2026-10-01T19:56:15.330340+00:00,406.98387401262,410.06607177110607,410.27372813171706,249.40183703435738,234.642938677741
9.4248,80.3391,340.93,0.53,0.42,2026-10-01,828,N,VIIRS,n,2.0NRT,303.63,8.3,D,2026-10-01T19:56:15.330340+00:00,406.8082929225849,409.95691737437403,410.36639344432564,249.54611868645398,234.67099323712137
9.42731,80.32883,341.04,0.53,0.42,2026-10-01,828,N,VIIRS,n,2.0NRT,300.93,10.81,D,2026-10-01T19:56:15.330340+00:00,406.51023843410957,409.3339883531639,409.23092791098543,248.38563524917652,233.63334136227303
9.49259,78.67966,338.88,0.44,0.38,2026-10-01,828,N,VIIRS,n,2.0NRT,302.05,3.32,D,2026-10-01T19:56:15.330340+00:00,435.25985092411196,383.9110991831473,253.5765003314672,77.96965596017056,144.34702928276366
9.65645,78.92221,337.06,0.45,0.39,2026-10-01,828,N,VIIRS,n,2.0NRT,301.19,1.6,D,2026-10-01T19:56:15.330340+00:00,408.34976719743844,363.2253577727912,262.9618399909609,92.86393558159416,128.32723081364716
9.70301,78.81469,334.12,0.45,0.39,2026-10-01,828,N,VIIRS,n,2.0NRT,298.38,2.66,D,2026-10-01T19:56:15.330340+00:00,407.9335780478746,358.99963632533587,250.36392948224926,80.04570341935143,121.52079840057623
9.96278,78.20811,331.07,0.43,0.38,2026-10-01,828,N,VIIRS,n,2.0NRT,300.97,1.46,D,2026-10-01T19:56:15.330340+00:00,413.3291761712614,343.53907064532626,180.2320963540135,10.53618392530012,106.86966488952214
9.99021,78.11714,331.29,0.42,0.38,2026-10-01,828,N,VIIRS,n,2.0NRT,296.03,2.04,D,2026-10-01T19:56:15.330340+00:00,416.2699246041881,343.68471422106313,170.73899323921913,7.2346500113264876,109.76552606803202
10.15436,78.70897,335.95,0.45,0.39,2026-10-01,828,N,VIIRS,n,2.0NRT,300.19,3.32,D,2026-10-01T19:56:15.330340+00:00,367.35866248614474,310.5820658163897,214.28080677419092,69.35974099124935,70.73708147721003
10.2558,78.90551,341.93,0.46,0.39,2026-10-01,828,N,VIIRS,n,2.0NRT,299.18,5.0,D,2026-10-01T19:56:15.330340+00:00,347.71223311166074,296.88755119823514,229.2588852024742,93.54159921678665,63.37949041200372
10.48664,77.19983,337.43,0.4,0.37,2026-10-01,828,N,VIIRS,n,2.0NRT,301.67,1.76,D,2026-10-01T19:56:15.330340+00:00,441.6354163229891,342.4581776622277,64.69856664820195,118.46205160307491,167.89224394475912
10.495,77.49612,335.25,0.41,0.37,2026-10-01,828,N,VIIRS,l,2.0NRT,305.36,2.64,D,2026-10-01T19:56:15.330340+00:00,417.1169764997112,322.8626709156363,82.76746724165804,93.1268910363075,136.10184540460793
10.57024,79.31104,330.67,0.48,0.4,2026-10-01,828,N,VIIRS,n,2.0NRT,299.92,2.71,D,2026-10-01T19:56:15.330340+00:00,298.2545276516351,261.6151558843299,262.0044911265909,148.7769360545936,70.63586122903925
10.66777,77.85938,331.37,0.42,0.38,2026-10-01,828,N,VIIRS,n,2.0NRT,301.14,1.75,D,2026-10-01T19:56:15.330340+00:00,375.4235117533325,285.87480360966896,106.03740916988744,87.34721082018054,93.35491204016606
10.77234,76.50561,334.23,0.39,0.36,2026-10-01,828,N,VIIRS,n,2.0NRT,296.64,1.56,D,2026-10-01T19:56:15.330340+00:00,483.485205024144,372.2346110510535,56.17177308707757,200.1235483962365,240.2192104234483
10.88764,77.20576,336.4,0.4,0.37,2026-10-01,828,N,VIIRS,n,2.0NRT,301.65,4.06,D,2026-10-01T19:56:15.330340+00:00,413.15645561346037,307.95699146622013,30.836696234016216,146.44332023475414,164.05670763109254
10.98022,77.26296,335.3,0.4,0.37,2026-10-01,828,N,VIIRS,n,2.0NRT,301.68,1.69,D,2026-10-01T19:56:15.330340+00:00,402.0377689273913,296.1665496400915,33.77311694491113,150.13597891924857,158.83657288203545
10.98076,77.26665,335.64,0.4,0.37,2026-10-01,828,N,VIIRS,n,2.0NRT,302.76,1.69,D,2026-10-01T19:56:15.330340+00:00,401.67618944213007,295.8472441751509,34.165866492937035,149.93145686029638,158.4450909711852
11.58609,79.64046,333.31,0.52,0.41,2026-10-01,828,N,VIIRS,n,2.0NRT,300.48,1.35,D,2026-10-01T19:56:15.330340+00:00,179.94671646198117,157.89612839994143,299.4960716873953,248.39686522134434,135.0744697528171
11.97858,79.37245,334.31,0.51,0.41,2026-10-01,828,N,VIIRS,n,2.0NRT,299.05,5.89,D,2026-10-01T19:56:15.330340+00:00,156.77796537146165,107.49700413185035,284.21117065247773,266.14134996429715,150.83349402626894
11.97933,79.37566,334.37,0.51,0.41,2026-10-01,828,N,VIIRS,n,2.0NRT,299.31,5.81,D,2026-10-01T19:56:15.330340+00:00,156.4960417126035,107.50115729289685,284.5662849999008,266.3929707608464,151.07557872341255
13.79512,79.84664,336.32,0.57,0.43,2026-10-01,828,N,VIIRS,n,2.0NRT,295.75,3.4,D,2026-10-01T19:56:15.330340+00:00,91.5353378186901,124.55540935642509,440.427881897809,469.5410323856216,356.3850186389026
8.0543,80.69315,343.84,0.54,0.42,2026-10-01,828,N,VIIRS,n,2.0NRT,300.51,7.82,D,2026-10-01T23:30:52.237728+00:00,561.0348239654584,566.9239202286027,525.7704500945418,350.9263996434364,374.3480932147546
8.11077,80.37022,335.39,0.52,0.41,2026-10-01,828,N,VIIRS,n,2.0NRT,296.91,2.6,D,2026-10-01T23:30:52.237728+00:00,552.9603135099829,551.2288735321091,494.52030151159585,319.0279254984077,349.5057181190699
8.2091,80.14625,337.64,0.5,0.41,2026-10-01,828,N,VIIRS,n,2.0NRT,302.54,4.96,D,2026-10-01T23:30:52.237728+00:00,542.0901069921756,535.0331027346157,468.81653127576317,293.1242613320362,327.689640051981
8.21303,80.14688,332.41,0.5,0.41,2026-10-01,828,N,VIIRS,n,2.0NRT,301.0,4.68,D,2026-10-01T23:30:52.237728+00:00,541.651523383846,534.6197185740671,468.5757483993442,292.8916368184535,327.33987734577227
8.22,81.04875,331.39,0.57,0.43,2026-10-01,828,N,VIIRS,n,2.0NRT,299.75,5.0,D,2026-10-01T23:30:52.237728+00:00,547.3472828980402,562.6441452858234,545.9086905715387,373.3308351940915,384.40664166748434
8.23751,80.2653,335.67,0.51,0.41,2026-10-01,828,N,VIIRS,n,2.0NRT,295.98,2.32,D,2026-10-01T23:30:52.237728+00:00,538.7608695705438,534.8023353344222,476.5654978127639,301.18083666952987,331.47025508270355
8.24543,80.21234,337.04,0.51,0.41,2026-10-01,828,N,VIIRS,n,2.0NRT,303.55,3.94,D,2026-10-01T23:30:52.237728+00:00,537.9176619445446,532.6334675238073,471.5823953584084,296.0966763481388,327.7481015969127
8.28008,80.73605,334.53,0.54,0.42,2026-10-01,828,N,VIIRS,n,2.0NRT,296.52,5.18,D,2026-10-01T23:30:52.237728+00:00,536.4407284725021,544.5064282591894,514.0946023486292,340.54247810810506,357.1183758054444
8.28026,80.73795,330.27,0.54,0.42,2026-10-01,828,N,VIIRS,n,2.0NRT,297.09,5.67,D,2026-10-01T23:30:52.237728+00:00,536.440508726722,544.554302894295,514.2505415303227,340.7076412235177,357.23267611609015
8.30662,80.6989,332.7,0.54,0.42,2026-10-01,828,N,VIIRS,n,2.0NRT,294.69,4.4,D,2026-10-01T23:30:52.237728+00:00,533.1314650085965,540.411683587027,509.0534002232927,335.50849611056475,352.2685073647475
8.33625,80.20077,334.08,0.51,0.41,2026-10-01,828,N,VIIRS,n,2.0NRT,301.75,4.74,D,2026-10-01T23:30:52.237728+00:00,527.8364249205266,522.502988414516,464.03836359059284,288.8040106044355,318.4026387654458
8.35745,80.16013,330.46,0.51,0.41,2026-10-01,828,N,VIIRS,n,2.0NRT,296.22,3.74,D,2026-10-01T23:30:52.237728+00:00,525.5625927783743,519.2265342780911,459.1035096816573,283.8288608027946,314.09511578406847
8.38971,80.41295,333.83,0.52,0.42,2026-10-01,828,N,VIIRS,n,2.0NRT,302.33,6.76,D,2026-10-01T23:30:52.237728+00:00,522.0678882098555,522.4320145126312,478.41804231260323,304.169032535938,326.09628774045586
8.39014,80.38862,330.63,0.52,0.42,2026-10-01,828,N,VIIRS,n,2.0NRT,297.81,3.65,D,2026-10-01T23:30:52.237728+00:00,521.9477727732394,521.6804533786825,476.2796964618094,301.93527128477325,324.53237205283983
8.39935,80.76165,335.65,0.55,0.42,2026-10-01,828,N,VIIRS,n,2.0NRT,301.59,9.69,D,2026-10-01T23:30:52.237728+00:00,523.5177547185325,532.8838095584515,508.59804623915494,335.9884321839252,348.6352206109241
8.39958,80.76382,339.37,0.55,0.43,2026-10-01,828,N,VIIRS,n,2.0NRT,302.52,7.15,D,2026-10-01T23:30:52.237728+00:00,523.5166391885601,532.9389087704608,508.7783467623628,336.181071445215,348.7696022424345
8.40887,80.41022,339.73,0.52,0.42,2026-10-01,828,N,VIIRS,n,2.0NRT,301.84,8.38,D,2026-10-01T23:30:52.237728+00:00,519.9295042555908,520.2984428250178,476.8744219952481,302.72384629023884,324.1788544628408
8.50992,80.25771,349.07,0.51,0.41,2026-10-01,828,N,VIIRS,n,2.0NRT,303.8,11.15,D,2026-10-01T23:30:52.237728+00:00,508.4719151068965,505.16804305531855,456.7338247971866,282.5344999478043,305.42739284304145
8.58553,80.69866,338.49,0.55,0.42,2026-10-01,828,N,VIIRS,n,2.0NRT,302.99,5.24,D,2026-10-01T23:30:52.237728+00:00,502.24073830646984,511.0559226516845,491.1714935368152,319.8251551331813,328.44214245214977
8.63819,80.56268,336.53,0.54,0.42,2026-10-01,828,N,VIIRS,n,2.0NRT,304.34,8.37,D,2026-10-01T23:30:52.237728+00:00,495.23390577805543,500.7082980849201,475.49671273988406,303.88024938069816,314.2275577675976
8.76052,80.58287,334.77,0.54,0.42,2026-10-01,828,N,VIIRS,n,2.0NRT,304.77,3.63,D,2026-10-01T23:30:52.237728+00:00,481.8108675499147,488.5036226944116,469.8760766934865,299.67108352627736,305.4573526145539
8.76415,80.49776,337.41,0.53,0.42,2026-10-01,828,N,VIIRS,n,2.0NRT,303.2,7.16,D,2026-10-01T23:30:52.237728+00:00,480.8399943956276,485.1864058359622,461.79981591782894,291.09761245249655,298.9485171232165
8.84128,78.00632,341.64,0.41,0.37,2026-10-01,828,N,VIIRS,n,2.0NRT,301.88,6.11,D,2026-10-01T23:30:52.237728+00:00,532.4497822281382,469.52640114467516,267.8742480035658,121.16765630896982,229.8527857469456
8.92758,77.74334,342.59,0.4,0.37,2026-10-01,828,N,VIIRS,n,2.0NRT,296.33,3.96,D,2026-10-01T23:30:52.237728+00:00,538.0818595679319,468.75132002994394,247.80226012508655,118.3671145819697,232.38146551555639
9.17016,77.91811,340.87,0.41,0.37,2026-10-01,828,N,VIIRS,n,2.0NRT,307.31,8.53,D,2026-10-01T23:30:52.237728+00:00,505.10168819031827,437.1407518123593,230.7821567689257,86.82070156569515,199.70550999485917
9.33211,77.41198,347.44,0.4,0.37,2026-10-01,828,N,VIIRS,n,2.0NRT,304.56,9.74,D,2026-10-01T23:30:52.237728+00:00,520.6878194912005,440.5452881249901,193.86768058350523,101.83558405495603,215.23973609957443
9.42319,80.33737,335.6,0.53,0.42,2026-10-01,828,N,VIIRS,n,2.0NRT,302.71,9.6,D,2026-10-01T23:30:52.237728+00:00,406.98387401262,410.06607177110607,410.27372813171706,249.40183703435738,234.642938677741
9.4248,80.3391,340.93,0.53,0.42,2026-10-01,828,N,VIIRS,n,2.0NRT,303.63,8.3,D,2026-10-01T23:30:52.237728+00:00,406.8082929225849,409.95691737437403,410.36639344432564,249.54611868645398,234.67099323712137
9.42731,80.32883,341.04,0.53,0.42,2026-10-01,828,N,VIIRS,n,2.0NRT,300.93,10.81,D,2026-10-01T23:30:52.237728+00:00,406.51023843410957,409.3339883531639,409.23092791098543,248.38563524917652,233.63334136227303
9.49259,78.67966,338.88,0.44,0.38,2026-10-01,828,N,VIIRS,n,2.0NRT,302.05,3.32,D,2026-10-01T23:30:52.237728+00:00,435.25985092411196,383.9110991831473,253.5765003314672,77.96965596017056,144.34702928276366
9.65645,78.92221,337.06,0.45,0.39,2026-10-01,828,N,VIIRS,n,2.0NRT,301.19,1.6,D,2026-10-01T23:30:52.237728+00:00,408.34976719743844,363.2253577727912,262.9618399909609,92.86393558159416,128.32723081364716
9.70301,78.81469,334.12,0.45,0.39,2026-10-01,828,N,VIIRS,n,2.0NRT,298.38,2.66,D,2026-10-01T23:30:52.237728+00:00,407.9335780478746,358.99963632533587,250.36392948224926,80.04570341935143,121.52079840057623
9.96278,78.20811,331.07,0.43,0.38,2026-10-01,828,N,VIIRS,n,2.0NRT,300.97,1.46,D,2026-10-01T23:30:52.237728+00:00,413.3291761712614,343.53907064532626,180.2320963540135,10.53618392530012,106.86966488952214
9.99021,78.11714,331.29,0.42,0.38,2026-10-01,828,N,VIIRS,n,2.0NRT,296.03,2.04,D,2026-10-01T23:30:52.237728+00:00,416.2699246041881,343.68471422106313,170.73899323921913,7.2346500113264876,109.76552606803202
10.15436,78.70897,335.95,0.45,0.39,2026-10-01,828,N,VIIRS,n,2.0NRT,300.19,3.32,D,2026-10-01T23:30:52.237728+00:00,367.35866248614474,310.5820658163897,214.28080677419092,69.35974099124935,70.73708147721003
10.2558,78.90551,341.93,0.46,0.39,2026-10-01,828,N,VIIRS,n,2.0NRT,299.18,5.0,D,2026-10-01T23:30:52.237728+00:00,347.71223311166074,296.88755119823514,229.2588852024742,93.54159921678665,63.37949041200372
10.48664,77.19983,337.43,0.4,0.37,2026-10-01,828,N,VIIRS,n,2.0NRT,301.67,1.76,D,2026-10-01T23:30:52.237728+00:00,441.6354163229891,342.4581776622277,64.69856664820195,118.46205160307491,167.89224394475912
10.495,77.49612,335.25,0.41,0.37,2026-10-01,828,N,VIIRS,l,2.0NRT,305.36,2.64,D,2026-10-01T23:30:52.237728+00:00,417.1169764997112,322.8626709156363,82.76746724165804,93.1268910363075,136.10184540460793
10.57024,79.31104,330.67,0.48,0.4,2026-10-01,828,N,VIIRS,n,2.0NRT,299.92,2.71,D,2026-10-01T23:30:52.237728+00:00,298.2545276516351,261.6151558843299,262.0044911265909,148.7769360545936,70.63586122903925
10.66777,77.85938,331.37,0.42,0.38,2026-10-01,828,N,VIIRS,n,2.0NRT,301.14,1.75,D,2026-10-01T23:30:52.237728+00:00,375.4235117533325,285.87480360966896,106.03740916988744,87.34721082018054,93.35491204016606
10.77234,76.50561,334.23,0.39,0.36,2026-10-01,828,N,VIIRS,n,2.0NRT,296.64,1.56,D,2026-10-01T23:30:52.237728+00:00,483.485205024144,372.2346110510535,56.17177308707757,200.1235483962365,240.2192104234483
10.88764,77.20576,336.4,0.4,0.37,2026-10-01,828,N,VIIRS,n,2.0NRT,301.65,4.06,D,2026-10-01T23:30:52.237728+00:00,413.15645561346037,307.95699146622013,30.836696234016216,146.44332023475414,164.05670763109254
10.98022,77.26296,335.3,0.4,0.37,2026-10-01,828,N,VIIRS,n,2.0NRT,301.68,1.69,D,2026-10-01T23:30:52.237728+00:00,402.0377689273913,296.1665496400915,33.77311694491113,150.13597891924857,158.83657288203545
10.98076,77.26665,335.64,0.4,0.37,2026-10-01,828,N,VIIRS,n,2.0NRT,302.76,1.69,D,2026-10-01T23:30:52.237728+00:00,401.67618944213007,295.8472441751509,34.165866492937035,149.93145686029638,158.4450909711852
11.58609,79.64046,333.31,0.52,0.41,2026-10-01,828,N,VIIRS,n,2.0NRT,300.48,1.35,D,2026-10-01T23:30:52.237728+00:00,179.94671646198117,157.89612839994143,299.4960716873953,248.39686522134434,135.0744697528171
11.97858,79.37245,334.31,0.51,0.41,2026-10-01,828,N,VIIRS,n,2.0NRT,299.05,5.89,D,2026-10-01T23:30:52.237728+00:00,156.77796537146165,107.49700413185035,284.21117065247773,266.14134996429715,150.83349402626894
11.97933,79.37566,334.37,0.51,0.41,2026-10-01,828,N,VIIRS,n,2.0NRT,299.31,5.81,D,2026-10-01T23:30:52.237728+00:00,156.4960417126035,107.50115729289685,284.5662849999008,266.3929707608464,151.07557872341255
13.79512,79.84664,336.32,0.57,0.43,2026-10-01,828,N,VIIRS,n,2.0NRT,295.75,3.4,D,2026-10-01T23:30:52.237728+00:00,91.5353378186901,124.55540935642509,440.427881897809,469.5410323856216,356.3850186389026
11.81003,77.92289,309.3,0.55,0.51,2026-10-01,2101,N,VIIRS,n,2.0NRT,289.49,2.06,N,2026-10-01T23:30:52.237728+00:00,291.56763346722835,179.9951934464107,137.44321753834262,210.683596200247,141.8413879327175
11.81104,77.92434,307.49,0.55,0.51,2026-10-01,2101,N,VIIRS,n,2.0NRT,289.53,2.11,N,2026-10-01T23:30:52.237728+00:00,291.37504952548636,179.80329277282564,137.63635061714203,210.77922170894882,141.83616932105292
13.39145,80.10264,307.69,0.36,0.57,2026-10-01,2101,N,VIIRS,n,2.0NRT,286.02,1.08,N,2026-10-01T23:30:52.237728+00:00,38.85300081389589,117.57259172489036,432.05185204432587,441.7768219775049,326.7138017286182
8.02994,80.91099,338.75,0.38,0.36,2026-10-02,807,N,VIIRS,n,2.0NRT,294.92,3.54,D,2026-10-02T16:00:21.071554+00:00,566.1810619108932,577.0891203276008,546.2459934520483,372.0007743076586,390.8825320965971
8.03448,80.19431,331.02,0.39,0.36,2026-10-02,807,N,VIIRS,l,2.0NRT,301.33,2.57,D,2026-10-02T16:00:21.071554+00:00,561.3985141139601,555.1240303426566,485.8642961019125,310.0154465210399,347.29120385231215
8.10315,81.03738,330.21,0.38,0.36,2026-10-02,807,N,VIIRS,n,2.0NRT,297.96,2.2,D,2026-10-02T16:00:21.071554+00:00,560.0015113206456,574.2859152208878,552.4627715243226,379.0814468939171,393.37846974058465
8.18324,81.00719,340.2,0.38,0.36,2026-10-02,807,N,VIIRS,n,2.0NRT,299.92,4.11,D,2026-10-02T16:00:21.071554+00:00,550.7046481334139,564.7810923344011,544.5442488952638,371.53522229753975,384.45573386143286
8.18655,81.00668,336.4,0.38,0.36,2026-10-02,807,N,VIIRS,n,2.0NRT,300.34,3.66,D,2026-10-02T16:00:21.071554+00:00,550.3323435051897,564.4175264189713,544.2840777824734,371.2944574744967,384.14074497991476
8.28739,80.30119,331.81,0.39,0.36,2026-10-02,807,N,VIIRS,l,2.0NRT,302.01,2.23,D,2026-10-02T16:00:21.071554+00:00,533.2245447052799,530.3364676361308,475.9919051534826,300.87091580617727,328.80458596753635
8.32318,80.18047,342.53,0.39,0.36,2026-10-02,807,N,VIIRS,n,2.0NRT,305.47,18.45,D,2026-10-02T16:00:21.071554+00:00,529.3262335565611,523.4305611507917,463.27859877836516,287.94436929439485,318.51424866418404
8.39176,80.25534,333.36,0.39,0.36,2026-10-02,807,N,VIIRS,l,2.0NRT,303.45,2.58,D,2026-10-02T16:00:21.071554+00:00,521.6114267192726,517.8657818768608,464.71453825919303,289.8784748534142,316.2965556592435
8.41401,80.2231,345.98,0.39,0.36,2026-10-02,807,N,VIIRS,n,2.0NRT,307.73,7.04,D,2026-10-02T16:00:21.071554+00:00,519.1606689832322,514.6347067521192,460.40251220824433,285.5554334908156,312.3120807002029
8.43678,80.39184,330.1,0.39,0.36,2026-10-02,807,N,VIIRS,l,2.0NRT,302.57,2.77,D,2026-10-02T16:00:21.071554+00:00,516.77209582522,516.7697096662107,473.3778889994789,299.31523815211955,320.47726843343264
8.46828,80.24341,340.93,0.39,0.36,2026-10-02,807,N,VIIRS,n,2.0NRT,303.6,3.39,D,2026-10-02T16:00:21.071554+00:00,513.108747642687,509.2877595640522,458.35865490192975,283.86021129691136,308.427949205402
8.50202,80.24475,335.8,0.39,0.36,2026-10-02,807,N,VIIRS,n,2.0NRT,302.18,1.87,D,2026-10-02T16:00:21.071554+00:00,509.3562586258343,505.67853207768616,456.1509289560138,281.84865327490803,305.3705800209806
8.50256,80.24825,336.99,0.39,0.36,2026-10-02,807,N,VIIRS,n,2.0NRT,304.67,1.73,D,2026-10-02T16:00:21.071554+00:00,509.2942312690142,505.7122152376491,456.416986292856,282.1328016749178,305.5327622133774
8.60386,80.66164,333.37,0.38,0.36,2026-10-02,807,N,VIIRS,n,2.0NRT,302.16,3.43,D,2026-10-02T16:00:21.071554+00:00,499.84994691350107,507.790154566484,486.65467915528234,315.27443607785415,324.22145151641735
8.66759,80.33001,331.19,0.39,0.36,2026-10-02,807,N,VIIRS,l,2.0NRT,302.81,2.54,D,2026-10-02T16:00:21.071554+00:00,490.98052694131786,490.2206279857534,452.6280162259028,279.95762474402636,295.71615348042826
8.87241,80.86839,336.66,0.38,0.36,2026-10-02,807,N,VIIRS,n,2.0NRT,301.34,3.45,D,2026-10-02T16:00:21.071554+00:00,472.68502778147996,487.9796730331426,490.3702328320856,323.44877047165704,318.87267915340135
8.87294,80.87187,337.76,0.38,0.36,2026-10-02,807,N,VIIRS,n,2.0NRT,302.76,3.45,D,2026-10-02T16:00:21.071554+00:00,472.6792145333673,488.0729723377139,490.67436416593586,323.78316157658384,319.1166833131931
8.89616,80.75791,331.19,0.38,0.36,2026-10-02,807,N,VIIRS,n,2.0NRT,299.3,2.37,D,2026-10-02T16:00:21.071554+00:00,468.5484457684789,480.96589337660953,478.5142389527044,311.19186573928613,308.16387432868044
8.89966,80.82502,335.95,0.38,0.36,2026-10-02,807,N,VIIRS,n,2.0NRT,298.97,4.03,D,2026-10-02T16:00:21.071554+00:00,469.0499145755941,483.35632887238,484.73174618335327,317.9081860971791,313.3083420876098
8.90924,80.88762,334.53,0.38,0.36,2026-10-02,807,N,VIIRS,n,2.0NRT,302.05,3.05,D,2026-10-02T16:00:21.071554+00:00,468.92538602811817,485.0294127672075,490.2201854085982,323.9506113510636,317.7211398274846
8.93226,80.81915,338.44,0.38,0.36,2026-10-02,807,N,VIIRS,n,2.0NRT,300.41,2.82,D,2026-10-02T16:00:21.071554+00:00,465.37225197663804,479.7587457002398,482.3999205496647,316.0097189886648,310.3989239051088
8.93911,80.77537,332.02,0.38,0.36,2026-10-02,807,N,VIIRS,n,2.0NRT,301.61,1.83,D,2026-10-02T16:00:21.071554+00:00,464.0256312912081,477.23858013127176,477.82855667226676,311.2428321096017,306.3225385717979
8.94956,80.55635,343.24,0.38,0.36,2026-10-02,807,N,VIIRS,n,2.0NRT,306.62,20.88,D,2026-10-02T16:00:21.071554+00:00,460.63999627317725,467.6822552578296,456.390029249923,288.4401209335346,288.1773780848151
8.95287,80.55583,337.67,0.38,0.36,2026-10-02,807,N,VIIRS,n,2.0NRT,303.37,20.88,D,2026-10-02T16:00:21.071554+00:00,460.2689351580936,467.31599072055707,456.1538845360167,288.24785028801955,287.8752297751421
9.06839,80.71191,335.27,0.38,0.36,2026-10-02,807,N,VIIRS,n,2.0NRT,297.26,5.31,D,2026-10-02T16:00:21.071554+00:00,448.95881597966803,461.3018650152539,464.81685369596755,299.81596561099065,291.54340156713505
9.09057,80.4621,335.6,0.39,0.36,2026-10-02,807,N,VIIRS,n,2.0NRT,301.01,3.2,D,2026-10-02T16:00:21.071554+00:00,444.39543684934006,449.4870377085468,439.58570952369,273.12234273070027,269.7694009963534
9.17249,80.53147,347.15,0.38,0.36,2026-10-02,807,N,VIIRS,n,2.0NRT,300.89,6.25,D,2026-10-02T16:00:21.071554+00:00,435.72497883823127,443.41759000474076,441.8905995001975,277.3763831031325,269.04908857051225
9.22087,80.64803,335.07,0.38,0.36,2026-10-02,807,N,VIIRS,n,2.0NRT,301.83,5.22,D,2026-10-02T16:00:21.071554+00:00,431.3836520941744,442.95507372878274,450.79639535809787,288.05992016674315,275.21596179928554
9.37941,80.60124,334.41,0.38,0.36,2026-10-02,807,N,VIIRS,n,2.0NRT,303.98,3.42,D,2026-10-02T16:00:21.071554+00:00,413.3614836605341,424.6834386642045,438.51700423345903,278.70359575642215,260.2423607947125
9.42821,80.52165,336.48,0.38,0.36,2026-10-02,807,N,VIIRS,n,2.0NRT,304.97,1.54,D,2026-10-02T16:00:21.071554+00:00,407.28093804057636,416.4218344664954,428.316041181291,269.0096534410796,250.00949822716782
9.46071,77.92206,335.56,0.45,0.39,2026-10-02,807,N,VIIRS,n,2.0NRT,301.8,4.11,D,2026-10-02T16:00:21.071554+00:00,477.2603690262719,406.31065323738983,202.77496730426824,56.01216470191917,170.88983199711316
9.47924,80.45656,333.84,0.38,0.36,2026-10-02,807,N,VIIRS,l,2.0NRT,306.86,2.75,D,2026-10-02T16:00:21.071554+00:00,401.19853381644526,408.57451497968333,419.46595766979226,260.87458944212574,240.89137969625662
9.48255,80.45604,341.15,0.38,0.36,2026-10-02,807,N,VIIRS,n,2.0NRT,306.99,7.1,D,2026-10-02T16:00:21.071554+00:00,400.82808116577286,408.20990173022744,419.26232577080054,260.74767641831215,240.62266638587693
9.48322,80.24406,342.01,0.39,0.36,2026-10-02,807,N,VIIRS,n,2.0NRT,305.31,5.01,D,2026-10-02T16:00:21.071554+00:00,400.25445275617506,400.5482213889231,398.15505199441156,237.95650558633864,222.531445068047
10.32206,79.34957,334.15,0.39,0.37,2026-10-02,809,N,VIIRS,n,2.0NRT,298.34,2.8,D,2026-10-02T16:00:21.071554+00:00,322.9352132259421,289.45554132690853,272.74010165586566,141.66333107108483,87.64907495947135
10.41835,79.25252,337.66,0.4,0.37,2026-10-02,809,N,VIIRS,n,2.0NRT,302.01,4.37,D,2026-10-02T16:00:21.071554+00:00,316.31493033101026,278.08885546413694,259.6005498167428,135.55872665909556,72.78281299794236
10.50323,77.80206,333.51,0.44,0.38,2026-10-02,809,N,VIIRS,l,2.0NRT,307.6,4.32,D,2026-10-02T16:00:21.071554+00:00,393.0098887992738,304.9407110719839,108.66098454675021,73.07645381159533,103.68408142076034
10.63588,79.64193,330.01,0.39,0.36,2026-10-02,809,N,VIIRS,l,2.0NRT,303.38,2.24,D,2026-10-02T16:00:21.071554+00:00,280.54454116693586,259.58478198074715,296.4081516027481,184.33273132124432,103.83201480069813
11.07815,79.65669,338.91,0.39,0.36,2026-10-02,809,N,VIIRS,n,2.0NRT,303.16,4.55,D,2026-10-02T16:00:21.071554+00:00,232.67851374628768,212.21654805854638,294.8377731181551,211.35133406767815,108.74481096354576
11.87286,76.63638,330.85,0.48,0.4,2026-10-02,809,N,VIIRS,n,2.0NRT,297.7,3.92,D,2026-10-02T16:00:21.071554+00:00,416.86483123910125,294.876474203896,101.35517850066827,270.43493586164544,255.6065174511605
12.07595,78.74899,334.53,0.4,0.37,2026-10-02,809,N,VIIRS,n,2.0NRT,300.46,2.81,D,2026-10-02T16:00:21.071554+00:00,199.50860421931287,102.31838413591296,228.109330658617,248.8169020128508,143.01699970457733
12.62045,79.54345,332.97,0.39,0.36,2026-10-02,809,N,VIIRS,n,2.0NRT,301.69,3.04,D,2026-10-02T16:00:21.071554+00:00,94.11571824814176,55.40542110497077,333.32929423206485,337.51455196652296,223.03376170680252
12.81738,79.46049,347.66,0.39,0.36,2026-10-02,809,N,VIIRS,n,2.0NRT,303.94,9.33,D,2026-10-02T16:00:21.071554+00:00,92.62382380324594,37.224140389110936,338.13963019339025,353.24066942614115,239.92074712049504
13.17219,80.2739,348.14,0.39,0.36,2026-10-02,809,N,VIIRS,n,2.0NRT,307.69,8.01,D,2026-10-02T16:00:21.071554+00:00,9.95686580403429,126.86941070353755,433.09840176668627,430.5950816571891,315.0630870385488
13.19529,80.29199,332.8,0.39,0.36,2026-10-02,809,N,VIIRS,l,2.0NRT,305.03,1.93,D,2026-10-02T16:00:21.071554+00:00,12.729925783913606,129.36554531265972,436.14572389126965,433.81705196741177,318.2839429399526
13.27583,80.13022,335.62,0.38,0.36,2026-10-02,809,N,VIIRS,n,2.0NRT,302.12,3.31,D,2026-10-02T16:00:21.071554+00:00,26.3153863713716,115.20626217645601,426.7988551374613,432.1438218529527,316.86262594777344
13.39292,80.10063,330.76,0.38,0.36,2026-10-02,809,N,VIIRS,l,2.0NRT,305.31,1.72,D,2026-10-02T16:00:21.071554+00:00,39.09944246642474,117.45154014641224,431.978160842138,441.81226612781404,326.7567539355112
13.40894,80.09447,331.11,0.38,0.36,2026-10-02,809,N,VIIRS,l,2.0NRT,305.47,1.56,D,2026-10-02T16:00:21.071554+00:00,40.985393346433256,117.67186990421231,432.5334750211348,443.0387315625399,328.0241777037353
13.59736,79.55585,337.48,0.38,0.36,2026-10-02,809,N,VIIRS,n,2.0NRT,307.32,2.22,D,2026-10-02T16:00:21.071554+00:00,96.21266379664229,88.49385971746933,402.6286956103188,437.2173590930928,325.52663351563336
13.59791,79.55939,333.75,0.38,0.36,2026-10-02,809,N,VIIRS,l,2.0NRT,305.97,1.9,D,2026-10-02T16:00:21.071554+00:00,95.94148075548108,88.7450251508043,402.9418838547446,437.4122815274695,325.6947437973771
13.77253,79.68336,333.8,0.38,0.36,2026-10-02,809,N,VIIRS,n,2.0NRT,303.58,2.17,D,2026-10-02T16:00:21.071554+00:00,99.59407823621898,112.30482452348606,426.171802323722,460.3872087377998,348.21422932952777
13.82275,79.63491,335.91,0.38,0.36,2026-10-02,809,N,VIIRS,n,2.0NRT,304.8,4.12,D,2026-10-02T16:00:21.071554+00:00,107.2335706225174,114.49313019989273,426.5793218650199,463.67486342198384,351.985943279328
13.85134,79.66656,336.77,0.38,0.36,2026-10-02,809,N,VIIRS,n,2.0NRT,306.08,2.15,D,2026-10-02T16:00:21.071554+00:00,107.5773487164632,118.92434015120254,431.2366267651587,467.8715940735949,356.02434916083126
13.87395,79.6593,336.57,0.38,0.36,2026-10-02,809,N,VIIRS,n,2.0NRT,305.66,2.48,D,2026-10-02T16:00:21.071554+00:00,110.0533485139762,120.75416915938602,432.5332237776281,469.9336867609704,358.1981201575769
8.02994,80.91099,338.75,0.38,0.36,2026-10-02,807,N,VIIRS,n,2.0NRT,294.92,3.54,D,2026-10-02T20:21:32.317406+00:00,566.1810619108932,577.0891203276008,546.2459934520483,372.0007743076586,390.8825320965971
8.03448,80.19431,331.02,0.39,0.36,2026-10-02,807,N,VIIRS,l,2.0NRT,301.33,2.57,D,2026-10-02T20:21:32.317406+00:00,561.3985141139601,555.1240303426566,485.8642961019125,310.0154465210399,347.29120385231215
8.10315,81.03738,330.21,0.38,0.36,2026-10-02,807,N,VIIRS,n,2.0NRT,297.96,2.2,D,2026-10-02T20:21:32.317406+00:00,560.0015113206456,574.2859152208878,552.4627715243226,379.0814468939171,393.37846974058465
8.18324,81.00719,340.2,0.38,0.36,2026-10-02,807,N,VIIRS,n,2.0NRT,299.92,4.11,D,2026-10-02T20:21:32.317406+00:00,550.7046481334139,564.7810923344011,544.5442488952638,371.53522229753975,384.45573386143286
8.18655,81.00668,336.4,0.38,0.36,2026-10-02,807,N,VIIRS,n,2.0NRT,300.34,3.66,D,2026-10-02T20:21:32.317406+00:00,550.3323435051897,564.4175264189713,544.2840777824734,371.2944574744967,384.14074497991476
8.28739,80.30119,331.81,0.39,0.36,2026-10-02,807,N,VIIRS,l,2.0NRT,302.01,2.23,D,2026-10-02T20:21:32.317406+00:00,533.2245447052799,530.3364676361308,475.9919051534826,300.87091580617727,328.80458596753635
8.32318,80.18047,342.53,0.39,0.36,2026-10-02,807,N,VIIRS,n,2.0NRT,305.47,18.45,D,2026-10-02T20:21:32.317406+00:00,529.3262335565611,523.4305611507917,463.27859877836516,287.94436929439485,318.51424866418404
8.39176,80.25534,333.36,0.39,0.36,2026-10-02,807,N,VIIRS,l,2.0NRT,303.45,2.58,D,2026-10-02T20:21:32.317406+00:00,521.6114267192726,517.8657818768608,464.71453825919303,289.8784748534142,316.2965556592435
8.41401,80.2231,345.98,0.39,0.36,2026-10-02,807,N,VIIRS,n,2.0NRT,307.73,7.04,D,2026-10-02T20:21:32.317406+00:00,519.1606689832322,514.6347067521192,460.40251220824433,285.5554334908156,312.3120807002029
8.43678,80.39184,330.1,0.39,0.36,2026-10-02,807,N,VIIRS,l,2.0NRT,302.57,2.77,D,2026-10-02T20:21:32.317406+00:00,516.77209582522,516.7697096662107,473.3778889994789,299.31523815211955,320.47726843343264
8.46828,80.24341,340.93,0.39,0.36,2026-10-02,807,N,VIIRS,n,2.0NRT,303.6,3.39,D,2026-10-02T20:21:32.317406+00:00,513.108747642687,509.2877595640522,458.35865490192975,283.86021129691136,308.427949205402
8.50202,80.24475,335.8,0.39,0.36,2026-10-02,807,N,VIIRS,n,2.0NRT,302.18,1.87,D,2026-10-02T20:21:32.317406+00:00,509.3562586258343,505.67853207768616,456.1509289560138,281.84865327490803,305.3705800209806
8.50256,80.24825,336.99,0.39,0.36,2026-10-02,807,N,VIIRS,n,2.0NRT,304.67,1.73,D,2026-10-02T20:21:32.317406+00:00,509.2942312690142,505.7122152376491,456.416986292856,282.1328016749178,305.5327622133774
8.60386,80.66164,333.37,0.38,0.36,2026-10-02,807,N,VIIRS,n,2.0NRT,302.16,3.43,D,2026-10-02T20:21:32.317406+00:00,499.84994691350107,507.790154566484,486.65467915528234,315.27443607785415,324.22145151641735
8.66759,80.33001,331.19,0.39,0.36,2026-10-02,807,N,VIIRS,l,2.0NRT,302.81,2.54,D,2026-10-02T20:21:32.317406+00:00,490.98052694131786,490.2206279857534,452.6280162259028,279.95762474402636,295.71615348042826
8.87241,80.86839,336.66,0.38,0.36,2026-10-02,807,N,VIIRS,n,2.0NRT,301.34,3.45,D,2026-10-02T20:21:32.317406+00:00,472.68502778147996,487.9796730331426,490.3702328320856,323.44877047165704,318.87267915340135
8.87294,80.87187,337.76,0.38,0.36,2026-10-02,807,N,VIIRS,n,2.0NRT,302.76,3.45,D,2026-10-02T20:21:32.317406+00:00,472.6792145333673,488.0729723377139,490.67436416593586,323.78316157658384,319.1166833131931
8.89616,80.75791,331.19,0.38,0.36,2026-10-02,807,N,VIIRS,n,2.0NRT,299.3,2.37,D,2026-10-02T20:21:32.317406+00:00,468.5484457684789,480.96589337660953,478.5142389527044,311.19186573928613,308.16387432868044
8.89966,80.82502,335.95,0.38,0.36,2026-10-02,807,N,VIIRS,n,2.0NRT,298.97,4.03,D,2026-10-02T20:21:32.317406+00:00,469.0499145755941,483.35632887238,484.73174618335327,317.9081860971791,313.3083420876098
8.90924,80.88762,334.53,0.38,0.36,2026-10-02,807,N,VIIRS,n,2.0NRT,302.05,3.05,D,2026-10-02T20:21:32.317406+00:00,468.92538602811817,485.0294127672075,490.2201854085982,323.9506113510636,317.7211398274846
8.93226,80.81915,338.44,0.38,0.36,2026-10-02,807,N,VIIRS,n,2.0NRT,300.41,2.82,D,2026-10-02T20:21:32.317406+00:00,465.37225197663804,479.7587457002398,482.3999205496647,316.0097189886648,310.3989239051088
8.93911,80.77537,332.02,0.38,0.36,2026-10-02,807,N,VIIRS,n,2.0NRT,301.61,1.83,D,2026-10-02T20:21:32.317406+00:00,464.0256312912081,477.23858013127176,477.82855667226676,311.2428321096017,306.3225385717979
8.94956,80.55635,343.24,0.38,0.36,2026-10-02,807,N,VIIRS,n,2.0NRT,306.62,20.88,D,2026-10-02T20:21:32.317406+00:00,460.63999627317725,467.6822552578296,456.390029249923,288.4401209335346,288.1773780848151
8.95287,80.55583,337.67,0.38,0.36,2026-10-02,807,N,VIIRS,n,2.0NRT,303.37,20.88,D,2026-10-02T20:21:32.317406+00:00,460.2689351580936,467.31599072055707,456.1538845360167,288.24785028801955,287.8752297751421
9.06839,80.71191,335.27,0.38,0.36,2026-10-02,807,N,VIIRS,n,2.0NRT,297.26,5.31,D,2026-10-02T20:21:32.317406+00:00,448.95881597966803,461.3018650152539,464.81685369596755,299.81596561099065,291.54340156713505
9.09057,80.4621,335.6,0.39,0.36,2026-10-02,807,N,VIIRS,n,2.0NRT,301.01,3.2,D,2026-10-02T20:21:32.317406+00:00,444.39543684934006,449.4870377085468,439.58570952369,273.12234273070027,269.7694009963534
9.17249,80.53147,347.15,0.38,0.36,2026-10-02,807,N,VIIRS,n,2.0NRT,300.89,6.25,D,2026-10-02T20:21:32.317406+00:00,435.72497883823127,443.41759000474076,441.8905995001975,277.3763831031325,269.04908857051225
9.22087,80.64803,335.07,0.38,0.36,2026-10-02,807,N,VIIRS,n,2.0NRT,301.83,5.22,D,2026-10-02T20:21:32.317406+00:00,431.3836520941744,442.95507372878274,450.79639535809787,288.05992016674315,275.21596179928554
9.37941,80.60124,334.41,0.38,0.36,2026-10-02,807,N,VIIRS,n,2.0NRT,303.98,3.42,D,2026-10-02T20:21:32.317406+00:00,413.3614836605341,424.6834386642045,438.51700423345903,278.70359575642215,260.2423607947125
9.42821,80.52165,336.48,0.38,0.36,2026-10-02,807,N,VIIRS,n,2.0NRT,304.97,1.54,D,2026-10-02T20:21:32.317406+00:00,407.28093804057636,416.4218344664954,428.316041181291,269.0096534410796,250.00949822716782
9.46071,77.92206,335.56,0.45,0.39,2026-10-02,807,N,VIIRS,n,2.0NRT,301.8,4.11,D,2026-10-02T20:21:32.317406+00:00,477.2603690262719,406.31065323738983,202.77496730426824,56.01216470191917,170.88983199711316
9.47924,80.45656,333.84,0.38,0.36,2026-10-02,807,N,VIIRS,l,2.0NRT,306.86,2.75,D,2026-10-02T20:21:32.317406+00:00,401.19853381644526,408.57451497968333,419.46595766979226,260.87458944212574,240.89137969625662
9.48255,80.45604,341.15,0.38,0.36,2026-10-02,807,N,VIIRS,n,2.0NRT,306.99,7.1,D,2026-10-02T20:21:32.317406+00:00,400.82808116577286,408.20990173022744,419.26232577080054,260.74767641831215,240.62266638587693
9.48322,80.24406,342.01,0.39,0.36,2026-10-02,807,N,VIIRS,n,2.0NRT,305.31,5.01,D,2026-10-02T20:21:32.317406+00:00,400.25445275617506,400.5482213889231,398.15505199441156,237.95650558633864,222.531445068047
10.32206,79.34957,334.15,0.39,0.37,2026-10-02,809,N,VIIRS,n,2.0NRT,298.34,2.8,D,2026-10-02T20:21:32.317406+00:00,322.9352132259421,289.45554132690853,272.74010165586566,141.66333107108483,87.64907495947135
10.41835,79.25252,337.66,0.4,0.37,2026-10-02,809,N,VIIRS,n,2.0NRT,302.01,4.37,D,2026-10-02T20:21:32.317406+00:00,316.31493033101026,278.08885546413694,259.6005498167428,135.55872665909556,72.78281299794236
10.50323,77.80206,333.51,0.44,0.38,2026-10-02,809,N,VIIRS,l,2.0NRT,307.6,4.32,D,2026-10-02T20:21:32.317406+00:00,393.0098887992738,304.9407110719839,108.66098454675021,73.07645381159533,103.68408142076034
10.63588,79.64193,330.01,0.39,0.36,2026-10-02,809,N,VIIRS,l,2.0NRT,303.38,2.24,D,2026-10-02T20:21:32.317406+00:00,280.54454116693586,259.58478198074715,296.4081516027481,184.33273132124432,103.83201480069813
11.07815,79.65669,338.91,0.39,0.36,2026-10-02,809,N,VIIRS,n,2.0NRT,303.16,4.55,D,2026-10-02T20:21:32.317406+00:00,232.67851374628768,212.21654805854638,294.8377731181551,211.35133406767815,108.74481096354576
11.87286,76.63638,330.85,0.48,0.4,2026-10-02,809,N,VIIRS,n,2.0NRT,297.7,3.92,D,2026-10-02T20:21:32.317406+00:00,416.86483123910125,294.876474203896,101.35517850066827,270.43493586164544,255.6065174511605
12.07595,78.74899,334.53,0.4,0.37,2026-10-02,809,N,VIIRS,n,2.0NRT,300.46,2.81,D,2026-10-02T20:21:32.317406+00:00,199.50860421931287,102.31838413591296,228.109330658617,248.8169020128508,143.01699970457733
12.62045,79.54345,332.97,0.39,0.36,2026-10-02,809,N,VIIRS,n,2.0NRT,301.69,3.04,D,2026-10-02T20:21:32.317406+00:00,94.11571824814176,55.40542110497077,333.32929423206485,337.51455196652296,223.03376170680252
12.81738,79.46049,347.66,0.39,0.36,2026-10-02,809,N,VIIRS,n,2.0NRT,303.94,9.33,D,2026-10-02T20:21:32.317406+00:00,92.62382380324594,37.224140389110936,338.13963019339025,353.24066942614115,239.92074712049504
13.17219,80.2739,348.14,0.39,0.36,2026-10-02,809,N,VIIRS,n,2.0NRT,307.69,8.01,D,2026-10-02T20:21:32.317406+00:00,9.95686580403429,126.86941070353755,433.09840176668627,430.5950816571891,315.0630870385488
13.19529,80.29199,332.8,0.39,0.36,2026-10-02,809,N,VIIRS,l,2.0NRT,305.03,1.93,D,2026-10-02T20:21:32.317406+00:00,12.729925783913606,129.36554531265972,436.14572389126965,433.81705196741177,318.2839429399526
13.27583,80.13022,335.62,0.38,0.36,2026-10-02,809,N,VIIRS,n,2.0NRT,302.12,3.31,D,2026-10-02T20:21:32.317406+00:00,26.3153863713716,115.20626217645601,426.7988551374613,432.1438218529527,316.86262594777344
13.39292,80.10063,330.76,0.38,0.36,2026-10-02,809,N,VIIRS,l,2.0NRT,305.31,1.72,D,2026-10-02T20:21:32.317406+00:00,39.09944246642474,117.45154014641224,431.978160842138,441.81226612781404,326.7567539355112
13.40894,80.09447,331.11,0.38,0.36,2026-10-02,809,N,VIIRS,l,2.0NRT,305.47,1.56,D,2026-10-02T20:21:32.317406+00:00,40.985393346433256,117.67186990421231,432.5334750211348,443.0387315625399,328.0241777037353
13.59736,79.55585,337.48,0.38,0.36,2026-10-02,809,N,VIIRS,n,2.0NRT,307.32,2.22,D,2026-10-02T20:21:32.317406+00:00,96.21266379664229,88.49385971746933,402.6286956103188,437.2173590930928,325.52663351563336
13.59791,79.55939,333.75,0.38,0.36,2026-10-02,809,N,VIIRS,l,2.0NRT,305.97,1.9,D,2026-10-02T20:21:32.317406+00:00,95.94148075548108,88.7450251508043,402.9418838547446,437.4122815274695,325.6947437973771
13.77253,79.68336,333.8,0.38,0.36,2026-10-02,809,N,VIIRS,n,2.0NRT,303.58,2.17,D,2026-10-02T20:21:32.317406+00:00,99.59407823621898,112.30482452348606,426.171802323722,460.3872087377998,348.21422932952777
13.82275,79.63491,335.91,0.38,0.36,2026-10-02,809,N,VIIRS,n,2.0NRT,304.8,4.12,D,2026-10-02T20:21:32.317406+00:00,107.2335706225174,114.49313019989273,426.5793218650199,463.67486342198384,351.985943279328
13.85134,79.66656,336.77,0.38,0.36,2026-10-02,809,N,VIIRS,n,2.0NRT,306.08,2.15,D,2026-10-02T20:21:32.317406+00:00,107.5773487164632,118.92434015120254,431.2366267651587,467.8715940735949,356.02434916083126
13.87395,79.6593,336.57,0.38,0.36,2026-10-02,809,N,VIIRS,n,2.0NRT,305.66,2.48,D,2026-10-02T20:21:32.317406+00:00,110.0533485139762,120.75416915938602,432.5332237776281,469.9336867609704,358.1981201575769
8.09152,80.73283,340.35,0.39,0.44,2026-10-03,750,N,VIIRS,n,2.0NRT,297.38,7.22,D,2026-10-03T14:59:00.526822+00:00,557.2861699723546,564.3046886993247,526.5850914338578,352.0205394231802,373.56061954956556
8.48706,80.48609,345.74,0.4,0.44,2026-10-03,750,N,VIIRS,n,2.0NRT,303.39,5.61,D,2026-10-03T14:59:00.526822+00:00,511.55284689275834,514.2448041401514,478.30252812700905,305.0052105213786,322.0770876026535
8.60626,80.77408,343.42,0.38,0.44,2026-10-03,750,N,VIIRS,n,2.0NRT,295.71,4.79,D,2026-10-03T14:59:00.526822+00:00,500.7822352079405,511.70978320196383,496.8332278417285,326.121594048299,332.30632171870155
8.70922,78.06316,331.04,0.57,0.52,2026-10-03,750,N,VIIRS,n,2.0NRT,281.83,3.35,D,2026-10-03T14:59:00.526822+00:00,542.7392212933444,482.1796857664345,283.81980345629984,135.35356237532278,241.87002124591612
8.72814,79.96826,340.74,0.43,0.46,2026-10-03,750,N,VIIRS,n,2.0NRT,295.96,6.38,D,2026-10-03T14:59:00.526822+00:00,485.3291277464335,474.58087414394134,416.71797584839646,242.59558131128708,267.8817785820863
8.78371,80.81883,335.1,0.57,0.43,2026-10-03,750,N,VIIRS,n,2.0NRT,297.7,4.22,D,2026-10-03T14:59:00.526822+00:00,481.75517941248245,495.05561614218817,490.60012974742386,322.1778171585716,321.6418337849905
8.85126,80.77279,330.34,0.57,0.43,2026-10-03,750,N,VIIRS,n,2.0NRT,298.22,6.21,D,2026-10-03T14:59:00.526822+00:00,473.6947200563635,486.2103734826746,482.4294170943065,314.5886721403896,312.7873840066002
9.08802,79.77063,333.54,0.44,0.46,2026-10-03,750,N,VIIRS,n,2.0NRT,296.96,6.1,D,2026-10-03T14:59:00.526822+00:00,447.5258720071805,431.3657316214395,375.4573455773876,203.5721916053649,222.40945960115366
9.74365,80.21278,345.47,0.4,0.44,2026-10-03,750,N,VIIRS,n,2.0NRT,297.93,5.88,D,2026-10-03T14:59:00.526822+00:00,371.33907009039916,371.94024343419704,383.3225080505219,230.19533487343207,201.93065850062456
9.79955,79.03995,330.62,0.47,0.48,2026-10-03,750,N,VIIRS,l,2.0NRT,301.06,2.5,D,2026-10-03T14:59:00.526822+00:00,388.9243348029441,346.7358132209554,265.0878937148943,101.76757744276655,116.13253134434997
10.1133,77.90035,342.05,0.56,0.51,2026-10-03,750,N,VIIRS,n,2.0NRT,294.15,11.03,D,2026-10-03T14:59:00.526822+00:00,419.12391513208684,339.37769582811467,144.05960686162422,31.8573320052059,115.78582981234375
10.37909,79.32158,331.12,0.45,0.47,2026-10-03,750,N,VIIRS,n,2.0NRT,297.5,4.35,D,2026-10-03T14:59:00.526822+00:00,317.88753585635493,282.8974015814519,268.03828714127695,140.88928985772097,81.48069310472464
11.04349,79.78062,339.81,0.41,0.45,2026-10-03,750,N,VIIRS,n,2.0NRT,299.19,3.29,D,2026-10-03T14:59:00.526822+00:00,232.9271793432334,219.87617306834994,308.3162089870421,220.08345910040566,120.79292986323533
11.23591,79.68957,340.06,0.41,0.45,2026-10-03,750,N,VIIRS,n,2.0NRT,295.28,2.94,D,2026-10-03T14:59:00.526822+00:00,214.84893571279642,196.44409831362213,299.25989552120154,225.1234010733572,118.35624837783638
11.65932,78.41761,336.7,0.49,0.48,2026-10-03,750,N,VIIRS,n,2.0NRT,299.41,1.36,D,2026-10-03T14:59:00.526822+00:00,256.041423164869,159.91973167986313,174.65392560004707,195.54967669684711,101.5559769810231
11.70579,78.21401,330.86,0.5,0.49,2026-10-03,750,N,VIIRS,n,2.0NRT,298.13,2.06,D,2026-10-03T14:59:00.526822+00:00,270.7942665224354,167.57093601333358,157.1094804469317,198.25974310103828,114.98683776243222
11.70807,78.21485,330.91,0.5,0.49,2026-10-03,750,N,VIIRS,n,2.0NRT,298.27,5.2,D,2026-10-03T14:59:00.526822+00:00,270.5749390536204,167.3126844835082,157.31267025141128,198.5177003463478,115.16867288523581
12.04064,79.83054,334.39,0.39,0.44,2026-10-03,750,N,VIIRS,n,2.0NRT,301.08,1.6,D,2026-10-03T14:59:00.526822+00:00,125.33299270507597,123.4028586707383,333.250560912787,300.33185869244363,185.42088461494126
12.26832,79.87006,332.29,0.38,0.44,2026-10-03,750,N,VIIRS,l,2.0NRT,302.52,1.9,D,2026-10-03T14:59:00.526822+00:00,100.44513281171123,107.70818695561229,346.54482084182405,323.03370845515343,207.66021938155856
13.21405,80.20757,344.85,0.53,0.42,2026-10-03,750,N,VIIRS,n,2.0NRT,300.6,18.31,D,2026-10-03T14:59:00.526822+00:00,16.125946699870614,121.05664316749355,429.71619998578615,430.63714192622604,315.177722821559
13.2788,80.28645,330.13,0.53,0.42,2026-10-03,750,N,VIIRS,l,2.0NRT,300.67,2.22,D,2026-10-03T14:59:00.526822+00:00,21.871896297173397,131.3076736083974,440.82773853880826,441.2865013427176,325.79103814666803
13.43133,77.80464,338.09,0.5,0.49,2026-10-03,752,N,VIIRS,n,2.0NRT,296.17,5.16,D,2026-10-03T14:59:00.526822+00:00,269.7048739863013,154.74325524277526,283.8862236747371,391.370922068249,309.5191217734087
13.4358,77.80383,336.24,0.5,0.49,2026-10-03,752,N,VIIRS,n,2.0NRT,295.83,5.16,D,2026-10-03T14:59:00.526822+00:00,269.86105726103494,155.00797465465212,284.3275421681752,391.8737579121315,310.01824931528654
13.96866,78.02879,331.53,0.47,0.48,2026-10-03,752,N,VIIRS,n,2.0NRT,300.66,1.99,D,2026-10-03T14:59:00.526822+00:00,261.6274692528759,167.13833347671286,348.2839610178653,449.7211818393285,360.93724650922684
8.09152,80.73283,340.35,0.39,0.44,2026-10-03,750,N,VIIRS,n,2.0NRT,297.38,7.22,D,2026-10-03T18:28:49.286998+00:00,557.2861699723546,564.3046886993247,526.5850914338578,352.0205394231802,373.56061954956556
8.48706,80.48609,345.74,0.4,0.44,2026-10-03,750,N,VIIRS,n,2.0NRT,303.39,5.61,D,2026-10-03T18:28:49.286998+00:00,511.55284689275834,514.2448041401514,478.30252812700905,305.0052105213786,322.0770876026535
8.60626,80.77408,343.42,0.38,0.44,2026-10-03,750,N,VIIRS,n,2.0NRT,295.71,4.79,D,2026-10-03T18:28:49.286998+00:00,500.7822352079405,511.70978320196383,496.8332278417285,326.121594048299,332.30632171870155
8.70922,78.06316,331.04,0.57,0.52,2026-10-03,750,N,VIIRS,n,2.0NRT,281.83,3.35,D,2026-10-03T18:28:49.286998+00:00,542.7392212933444,482.1796857664345,283.81980345629984,135.35356237532278,241.87002124591612
8.72814,79.96826,340.74,0.43,0.46,2026-10-03,750,N,VIIRS,n,2.0NRT,295.96,6.38,D,2026-10-03T18:28:49.286998+00:00,485.3291277464335,474.58087414394134,416.71797584839646,242.59558131128708,267.8817785820863
8.78371,80.81883,335.1,0.57,0.43,2026-10-03,750,N,VIIRS,n,2.0NRT,297.7,4.22,D,2026-10-03T18:28:49.286998+00:00,481.75517941248245,495.05561614218817,490.60012974742386,322.1778171585716,321.6418337849905
8.85126,80.77279,330.34,0.57,0.43,2026-10-03,750,N,VIIRS,n,2.0NRT,298.22,6.21,D,2026-10-03T18:28:49.286998+00:00,473.6947200563635,486.2103734826746,482.4294170943065,314.5886721403896,312.7873840066002
9.08802,79.77063,333.54,0.44,0.46,2026-10-03,750,N,VIIRS,n,2.0NRT,296.96,6.1,D,2026-10-03T18:28:49.286998+00:00,447.5258720071805,431.3657316214395,375.4573455773876,203.5721916053649,222.40945960115366
9.74365,80.21278,345.47,0.4,0.44,2026-10-03,750,N,VIIRS,n,2.0NRT,297.93,5.88,D,2026-10-03T18:28:49.286998+00:00,371.33907009039916,371.94024343419704,383.32250805052195,230.19533487343207,201.93065850062456
9.79955,79.03995,330.62,0.47,0.48,2026-10-03,750,N,VIIRS,l,2.0NRT,301.06,2.5,D,2026-10-03T18:28:49.286998+00:00,388.9243348029441,346.7358132209554,265.0878937148943,101.76757744276655,116.13253134434997
10.1133,77.90035,342.05,0.56,0.51,2026-10-03,750,N,VIIRS,n,2.0NRT,294.15,11.03,D,2026-10-03T18:28:49.286998+00:00,419.12391513208684,339.37769582811467,144.05960686162422,31.8573320052059,115.78582981234375
10.37909,79.32158,331.12,0.45,0.47,2026-10-03,750,N,VIIRS,n,2.0NRT,297.5,4.35,D,2026-10-03T18:28:49.286998+00:00,317.88753585635493,282.8974015814519,268.03828714127695,140.88928985772097,81.48069310472464
11.04349,79.78062,339.81,0.41,0.45,2026-10-03,750,N,VIIRS,n,2.0NRT,299.19,3.29,D,2026-10-03T18:28:49.286998+00:00,232.9271793432334,219.87617306834994,308.3162089870421,220.08345910040566,120.79292986323533
11.23591,79.68957,340.06,0.41,0.45,2026-10-03,750,N,VIIRS,n,2.0NRT,295.28,2.94,D,2026-10-03T18:28:49.286998+00:00,214.84893571279642,196.44409831362213,299.25989552120154,225.1234010733572,118.35624837783638
11.65932,78.41761,336.7,0.49,0.48,2026-10-03,750,N,VIIRS,n,2.0NRT,299.41,1.36,D,2026-10-03T18:28:49.286998+00:00,256.041423164869,159.91973167986313,174.65392560004707,195.54967669684711,101.5559769810231
11.70579,78.21401,330.86,0.5,0.49,2026-10-03,750,N,VIIRS,n,2.0NRT,298.13,2.06,D,2026-10-03T18:28:49.286998+00:00,270.7942665224354,167.57093601333358,157.1094804469317,198.25974310103828,114.98683776243222
11.70807,78.21485,330.91,0.5,0.49,2026-10-03,750,N,VIIRS,n,2.0NRT,298.27,5.2,D,2026-10-03T18:28:49.286998+00:00,270.5749390536204,167.3126844835082,157.31267025141128,198.5177003463478,115.16867288523581
12.04064,79.83054,334.39,0.39,0.44,2026-10-03,750,N,VIIRS,n,2.0NRT,301.08,1.6,D,2026-10-03T18:28:49.286998+00:00,125.33299270507597,123.4028586707383,333.250560912787,300.33185869244363,185.42088461494126
12.26832,79.87006,332.29,0.38,0.44,2026-10-03,750,N,VIIRS,l,2.0NRT,302.52,1.9,D,2026-10-03T18:28:49.286998+00:00,100.44513281171123,107.70818695561229,346.54482084182405,323.03370845515343,207.66021938155856
13.21405,80.20757,344.85,0.53,0.42,2026-10-03,750,N,VIIRS,n,2.0NRT,300.6,18.31,D,2026-10-03T18:28:49.286998+00:00,16.125946699870614,121.05664316749355,429.71619998578615,430.63714192622604,315.177722821559
13.2788,80.28645,330.13,0.53,0.42,2026-10-03,750,N,VIIRS,l,2.0NRT,300.67,2.22,D,2026-10-03T18:28:49.286998+00:00,21.871896297173397,131.3076736083974,440.82773853880826,441.2865013427176,325.79103814666803
13.43133,77.80464,338.09,0.5,0.49,2026-10-03,752,N,VIIRS,n,2.0NRT,296.17,5.16,D,2026-10-03T18:28:49.286998+00:00,269.7048739863013,154.74325524277526,283.8862236747371,391.370922068249,309.5191217734087
13.4358,77.80383,336.24,0.5,0.49,2026-10-03,752,N,VIIRS,n,2.0NRT,295.83,5.16,D,2026-10-03T18:28:49.286998+00:00,269.86105726103494,155.00797465465212,284.3275421681752,391.8737579121315,310.01824931528654
13.96866,78.02879,331.53,0.47,0.48,2026-10-03,752,N,VIIRS,n,2.0NRT,300.66,1.99,D,2026-10-03T18:28:49.286998+00:00,261.6274692528759,167.13833347671286,348.2839610178653,449.7211818393285,360.93724650922684
8.09152,80.73283,340.35,0.39,0.44,2026-10-03,750,N,VIIRS,n,2.0NRT,297.38,7.22,D,2026-10-03T21:51:53.785463+00:00,557.2861699723546,564.3046886993247,526.5850914338578,352.0205394231802,373.56061954956556
8.48706,80.48609,345.74,0.4,0.44,2026-10-03,750,N,VIIRS,n,2.0NRT,303.39,5.61,D,2026-10-03T21:51:53.785463+00:00,511.55284689275834,514.2448041401514,478.30252812700905,305.0052105213786,322.0770876026535
8.60626,80.77408,343.42,0.38,0.44,2026-10-03,750,N,VIIRS,n,2.0NRT,295.71,4.79,D,2026-10-03T21:51:53.785463+00:00,500.7822352079405,511.70978320196383,496.8332278417285,326.121594048299,332.30632171870155
8.70922,78.06316,331.04,0.57,0.52,2026-10-03,750,N,VIIRS,n,2.0NRT,281.83,3.35,D,2026-10-03T21:51:53.785463+00:00,542.7392212933444,482.1796857664345,283.81980345629984,135.35356237532278,241.87002124591612
8.72814,79.96826,340.74,0.43,0.46,2026-10-03,750,N,VIIRS,n,2.0NRT,295.96,6.38,D,2026-10-03T21:51:53.785463+00:00,485.3291277464335,474.58087414394134,416.71797584839646,242.59558131128708,267.8817785820863
8.78371,80.81883,335.1,0.57,0.43,2026-10-03,750,N,VIIRS,n,2.0NRT,297.7,4.22,D,2026-10-03T21:51:53.785463+00:00,481.75517941248245,495.05561614218817,490.60012974742386,322.1778171585716,321.6418337849905
8.85126,80.77279,330.34,0.57,0.43,2026-10-03,750,N,VIIRS,n,2.0NRT,298.22,6.21,D,2026-10-03T21:51:53.785463+00:00,473.6947200563635,486.2103734826746,482.4294170943065,314.5886721403896,312.7873840066002
9.08802,79.77063,333.54,0.44,0.46,2026-10-03,750,N,VIIRS,n,2.0NRT,296.96,6.1,D,2026-10-03T21:51:53.785463+00:00,447.5258720071805,431.3657316214395,375.4573455773876,203.5721916053649,222.40945960115366
9.74365,80.21278,345.47,0.4,0.44,2026-10-03,750,N,VIIRS,n,2.0NRT,297.93,5.88,D,2026-10-03T21:51:53.785463+00:00,371.33907009039916,371.94024343419704,383.32250805052195,230.19533487343207,201.93065850062456
9.79955,79.03995,330.62,0.47,0.48,2026-10-03,750,N,VIIRS,l,2.0NRT,301.06,2.5,D,2026-10-03T21:51:53.785463+00:00,388.9243348029441,346.7358132209554,265.0878937148943,101.76757744276655,116.13253134434997
10.1133,77.90035,342.05,0.56,0.51,2026-10-03,750,N,VIIRS,n,2.0NRT,294.15,11.03,D,2026-10-03T21:51:53.785463+00:00,419.12391513208684,339.37769582811467,144.05960686162422,31.8573320052059,115.78582981234375
10.37909,79.32158,331.12,0.45,0.47,2026-10-03,750,N,VIIRS,n,2.0NRT,297.5,4.35,D,2026-10-03T21:51:53.785463+00:00,317.88753585635493,282.8974015814519,268.03828714127695,140.88928985772097,81.48069310472464
11.04349,79.78062,339.81,0.41,0.45,2026-10-03,750,N,VIIRS,n,2.0NRT,299.19,3.29,D,2026-10-03T21:51:53.785463+00:00,232.9271793432334,219.87617306834994,308.3162089870421,220.08345910040566,120.79292986323533
11.23591,79.68957,340.06,0.41,0.45,2026-10-03,750,N,VIIRS,n,2.0NRT,295.28,2.94,D,2026-10-03T21:51:53.785463+00:00,214.84893571279642,196.44409831362213,299.25989552120154,225.1234010733572,118.35624837783638
11.65932,78.41761,336.7,0.49,0.48,2026-10-03,750,N,VIIRS,n,2.0NRT,299.41,1.36,D,2026-10-03T21:51:53.785463+00:00,256.041423164869,159.91973167986313,174.65392560004707,195.54967669684711,101.5559769810231
11.70579,78.21401,330.86,0.5,0.49,2026-10-03,750,N,VIIRS,n,2.0NRT,298.13,2.06,D,2026-10-03T21:51:53.785463+00:00,270.7942665224354,167.57093601333358,157.1094804469317,198.25974310103828,114.98683776243222
11.70807,78.21485,330.91,0.5,0.49,2026-10-03,750,N,VIIRS,n,2.0NRT,298.27,5.2,D,2026-10-03T21:51:53.785463+00:00,270.5749390536204,167.3126844835082,157.31267025141128,198.5177003463478,115.16867288523581
12.04064,79.83054,334.39,0.39,0.44,2026-10-03,750,N,VIIRS,n,2.0NRT,301.08,1.6,D,2026-10-03T21:51:53.785463+00:00,125.33299270507597,123.4028586707383,333.250560912787,300.33185869244363,185.42088461494126
12.26832,79.87006,332.29,0.38,0.44,2026-10-03,750,N,VIIRS,l,2.0NRT,302.52,1.9,D,2026-10-03T21:51:53.785463+00:00,100.44513281171123,107.70818695561229,346.54482084182405,323.03370845515343,207.66021938155856
13.21405,80.20757,344.85,0.53,0.42,2026-10-03,750,N,VIIRS,n,2.0NRT,300.6,18.31,D,2026-10-03T21:51:53.785463+00:00,16.125946699870614,121.05664316749355,429.71619998578615,430.63714192622604,315.177722821559
13.2788,80.28645,330.13,0.53,0.42,2026-10-03,750,N,VIIRS,l,2.0NRT,300.67,2.22,D,2026-10-03T21:51:53.785463+00:00,21.871896297173397,131.3076736083974,440.82773853880826,441.2865013427176,325.79103814666803
13.43133,77.80464,338.09,0.5,0.49,2026-10-03,752,N,VIIRS,n,2.0NRT,296.17,5.16,D,2026-10-03T21:51:53.785463+00:00,269.7048739863013,154.74325524277526,283.8862236747371,391.370922068249,309.5191217734087
13.4358,77.80383,336.24,0.5,0.49,2026-10-03,752,N,VIIRS,n,2.0NRT,295.83,5.16,D,2026-10-03T21:51:53.785463+00:00,269.86105726103494,155.00797465465212,284.3275421681752,391.8737579121315,310.01824931528654
13.96866,78.02879,331.53,0.47,0.48,2026-10-03,752,N,VIIRS,n,2.0NRT,300.66,1.99,D,2026-10-03T21:51:53.785463+00:00,261.6274692528759,167.13833347671286,348.2839610178653,449.7211818393285,360.93724650922684
8.8989,80.79177,328.92,0.39,0.59,2026-10-04,731,N,VIIRS,n,2.0NRT,293.29,5.44,D,2026-10-04T17:08:59.233923+00:00,468.679663288265,482.0590294538233,481.593741637043,314.53720563859025,310.6747641473862
9.31335,78.81738,330.46,0.52,0.67,2026-10-04,731,N,VIIRS,n,2.0NRT,287.76,5.81,D,2026-10-04T17:08:59.233923+00:00,448.0984210759839,402.1240425300412,278.187456100099,102.35887810621789,164.71423344568612
10.89597,79.01277,332.2,0.47,0.64,2026-10-04,731,N,VIIRS,n,2.0NRT,291.45,4.35,D,2026-10-04T17:08:59.233923+00:00,279.0013912230173,225.04998774976795,224.95657360314308,145.56481050502845,35.6296445760247
10.9644,77.33199,338.23,0.61,0.71,2026-10-04,731,N,VIIRS,n,2.0NRT,287.98,5.69,D,2026-10-04T17:08:59.233923+00:00,397.0033727637638,292.3688869675771,41.474501872285785,144.13217742115185,151.13784438806857
12.59496,79.52746,334.35,0.41,0.6,2026-10-04,731,N,VIIRS,n,2.0NRT,292.05,4.46,D,2026-10-04T17:08:59.233923+00:00,97.12963411233117,55.79461277858814,330.3572982229182,334.1992243827822,219.7372025660752
12.59611,79.52792,334.93,0.41,0.6,2026-10-04,731,N,VIIRS,n,2.0NRT,291.88,2.14,D,2026-10-04T17:08:59.233923+00:00,97.01674053826439,55.75104581845953,330.46714207313664,334.33570426736685,219.87430859841382
12.84148,78.51955,332.68,0.47,0.64,2026-10-04,731,N,VIIRS,n,2.0NRT,292.64,5.61,D,2026-10-04T17:08:59.233923+00:00,191.64308984744662,66.96389733039108,264.7761817012282,327.1895694147624,228.9470358255219
12.8441,78.52313,334.7,0.47,0.64,2026-10-04,731,N,VIIRS,n,2.0NRT,293.75,5.49,D,2026-10-04T17:08:59.233923+00:00,191.21736156669152,66.54265830657684,265.2491307532076,327.53042309771865,229.20330952536722
13.32781,79.29713,337.68,0.41,0.61,2026-10-04,731,N,VIIRS,n,2.0NRT,291.37,6.31,D,2026-10-04T17:08:59.233923+00:00,108.8604502208592,49.08747711125215,361.64920012273143,399.48426665919476,289.39605998542044
8.8989,80.79177,328.92,0.39,0.59,2026-10-04,731,N,VIIRS,n,2.0NRT,293.29,5.44,D,2026-10-04T20:32:34.081190+00:00,468.679663288265,482.0590294538233,481.593741637043,314.53720563859025,310.6747641473862
9.31335,78.81738,330.46,0.52,0.67,2026-10-04,731,N,VIIRS,n,2.0NRT,287.76,5.81,D,2026-10-04T20:32:34.081190+00:00,448.0984210759839,402.1240425300412,278.187456100099,102.35887810621789,164.71423344568612
10.89597,79.01277,332.2,0.47,0.64,2026-10-04,731,N,VIIRS,n,2.0NRT,291.45,4.35,D,2026-10-04T20:32:34.081190+00:00,279.0013912230173,225.04998774976795,224.95657360314308,145.56481050502845,35.6296445760247
10.9644,77.33199,338.23,0.61,0.71,2026-10-04,731,N,VIIRS,n,2.0NRT,287.98,5.69,D,2026-10-04T20:32:34.081190+00:00,397.0033727637638,292.3688869675771,41.474501872285785,144.13217742115185,151.13784438806857
12.59496,79.52746,334.35,0.41,0.6,2026-10-04,731,N,VIIRS,n,2.0NRT,292.05,4.46,D,2026-10-04T20:32:34.081190+00:00,97.12963411233117,55.79461277858814,330.3572982229182,334.1992243827822,219.7372025660752
12.59611,79.52792,334.93,0.41,0.6,2026-10-04,731,N,VIIRS,n,2.0NRT,291.88,2.14,D,2026-10-04T20:32:34.081190+00:00,97.01674053826439,55.75104581845953,330.46714207313664,334.33570426736685,219.87430859841382
12.84148,78.51955,332.68,0.47,0.64,2026-10-04,731,N,VIIRS,n,2.0NRT,292.64,5.61,D,2026-10-04T20:32:34.081190+00:00,191.64308984744662,66.96389733039108,264.7761817012282,327.1895694147624,228.9470358255219
12.8441,78.52313,334.7,0.47,0.64,2026-10-04,731,N,VIIRS,n,2.0NRT,293.75,5.49,D,2026-10-04T20:32:34.081190+00:00,191.21736156669152,66.54265830657684,265.2491307532076,327.53042309771865,229.20330952536722
13.32781,79.29713,337.68,0.41,0.61,2026-10-04,731,N,VIIRS,n,2.0NRT,291.37,6.31,D,2026-10-04T20:32:34.081190+00:00,108.8604502208592,49.08747711125215,361.64920012273143,399.48426665919476,289.39605998542044
8.8989,80.79177,328.92,0.39,0.59,2026-10-04,731,N,VIIRS,n,2.0NRT,293.29,5.44,D,2026-10-04T23:39:08.604396+00:00,468.679663288265,482.0590294538233,481.593741637043,314.53720563859025,310.6747641473862
9.31335,78.81738,330.46,0.52,0.67,2026-10-04,731,N,VIIRS,n,2.0NRT,287.76,5.81,D,2026-10-04T23:39:08.604396+00:00,448.0984210759839,402.1240425300412,278.187456100099,102.35887810621789,164.71423344568612
10.89597,79.01277,332.2,0.47,0.64,2026-10-04,731,N,VIIRS,n,2.0NRT,291.45,4.35,D,2026-10-04T23:39:08.604396+00:00,279.0013912230173,225.04998774976795,224.95657360314308,145.56481050502845,35.6296445760247
10.9644,77.33199,338.23,0.61,0.71,2026-10-04,731,N,VIIRS,n,2.0NRT,287.98,5.69,D,2026-10-04T23:39:08.604396+00:00,397.0033727637638,292.3688869675771,41.474501872285785,144.13217742115185,151.13784438806857
12.59496,79.52746,334.35,0.41,0.6,2026-10-04,731,N,VIIRS,n,2.0NRT,292.05,4.46,D,2026-10-04T23:39:08.604396+00:00,97.12963411233117,55.79461277858814,330.3572982229182,334.1992243827822,219.7372025660752
12.59611,79.52792,334.93,0.41,0.6,2026-10-04,731,N,VIIRS,n,2.0NRT,291.88,2.14,D,2026-10-04T23:39:08.604396+00:00,97.01674053826439,55.75104581845953,330.46714207313664,334.33570426736685,219.87430859841382
12.84148,78.51955,332.68,0.47,0.64,2026-10-04,731,N,VIIRS,n,2.0NRT,292.64,5.61,D,2026-10-04T23:39:08.604396+00:00,191.64308984744662,66.96389733039108,264.7761817012282,327.1895694147624,228.9470358255219
12.8441,78.52313,334.7,0.47,0.64,2026-10-04,731,N,VIIRS,n,2.0NRT,293.75,5.49,D,2026-10-04T23:39:08.604396+00:00,191.21736156669152,66.54265830657684,265.2491307532076,327.53042309771865,229.20330952536722
13.32781,79.29713,337.68,0.41,0.61,2026-10-04,731,N,VIIRS,n,2.0NRT,291.37,6.31,D,2026-10-04T23:39:08.604396+00:00,108.8604502208592,49.08747711125215,361.64920012273143,399.48426665919476,289.39605998542044
10.21166,79.07895,295.39,0.41,0.45,2026-10-04,2006,N,VIIRS,n,2.0NRT,258.07,0.62,N,2026-10-04T23:39:08.604396+00:00,344.6133131903688,300.8210425876673,248.7135198941108,109.73468430759777,76.26911093326116
11.26651,80.00563,308.22,0.55,0.43,2026-10-04,2006,N,VIIRS,n,2.0NRT,293.53,1.29,N,2026-10-04T23:39:08.604396+00:00,203.9957796558825,206.57472261544837,333.88871669032386,254.4162311634669,151.52967457685807
11.26725,80.00054,314.51,0.55,0.43,2026-10-04,2006,N,VIIRS,n,2.0NRT,293.42,1.29,N,2026-10-04T23:39:08.604396+00:00,203.99321291563157,206.24776987669026,333.3417778725652,254.0138720532642,151.03795844100182
11.26998,80.00286,318.45,0.55,0.43,2026-10-04,2006,N,VIIRS,n,2.0NRT,293.82,2.47,N,2026-10-04T23:39:08.604396+00:00,203.65659896710986,206.09337805161613,333.6179175558554,254.3966632792886,151.3811073552717
12.07803,79.83688,305.2,0.39,0.44,2026-10-04,2006,N,VIIRS,n,2.0NRT,291.65,0.92,N,2026-10-04T23:39:08.604396+00:00,121.22939648330673,120.58065309529196,335.3202556522116,304.01769604226075,189.002876906032
12.85372,79.90871,311.91,0.39,0.44,2026-10-04,2006,N,VIIRS,n,2.0NRT,287.96,0.82,N,2026-10-04T23:39:08.604396+00:00,46.76396109969533,84.42630566332281,380.67225540341,379.54574685231114,264.20201854839047
12.85423,79.90508,305.37,0.39,0.44,2026-10-04,2006,N,VIIRS,n,2.0NRT,288.29,1.19,N,2026-10-04T23:39:08.604396+00:00,47.06370705908791,84.02940933439069,380.3692821060022,379.3912431830902,264.0555340542449
13.15986,80.28526,306.87,0.56,0.43,2026-10-04,2006,N,VIIRS,n,2.0NRT,293.29,2.74,N,2026-10-04T23:39:08.604396+00:00,8.723476991167512,127.77465970058806,433.3794391608165,430.12647008103136,314.5872143524064
13.39269,80.10296,313.56,0.39,0.44,2026-10-04,2006,N,VIIRS,n,2.0NRT,293.62,1.58,N,2026-10-04T23:39:08.604396+00:00,38.95871401840432,117.66529296733249,432.16299530705277,441.91389726977974,326.8518713761325
13.39329,80.10281,312.93,0.39,0.44,2026-10-04,2006,N,VIIRS,n,2.0NRT,293.34,1.44,N,2026-10-04T23:39:08.604396+00:00,39.02530256318494,117.68071525786983,432.19056679311274,441.9640092247233,326.903269728604
13.41997,80.08827,307.03,0.39,0.44,2026-10-04,2006,N,VIIRS,n,2.0NRT,292.61,1.21,N,2026-10-04T23:39:08.604396+00:00,42.383062518081225,117.654651210565,432.7528575271317,443.78293598415945,328.80293773482333
8.88136,78.15096,336.4,0.32,0.55,2026-10-05,852,N,VIIRS,n,2.0NRT,295.76,1.57,D,2026-10-05T18:53:38.815819+00:00,521.3051663887416,461.30358964589345,271.13546318629255,116.1200342740219,220.78467176159432
8.92368,77.64126,331.47,0.6,0.53,2026-10-05,852,N,VIIRS,n,2.0NRT,297.74,1.85,D,2026-10-05T18:53:38.815819+00:00,544.2447458138555,472.880960893734,244.54964160339955,123.11525531297754,238.0369380270735
8.92583,77.64353,331.65,0.6,0.53,2026-10-05,852,N,VIIRS,n,2.0NRT,297.84,1.33,D,2026-10-05T18:53:38.815819+00:00,543.9104976840185,472.57104240226386,244.39853888537297,122.79283305768068,237.70659515785263
9.38463,77.77301,344.34,0.62,0.54,2026-10-05,852,N,VIIRS,n,2.0NRT,299.57,7.78,D,2026-10-05T18:53:38.815819+00:00,493.22256283677666,419.78942571193613,202.32641216142545,71.12091523708403,186.65649120892093
9.38484,77.7757,346.74,0.62,0.54,2026-10-05,852,N,VIIRS,n,2.0NRT,299.32,8.59,D,2026-10-05T18:53:38.815819+00:00,493.0411254487963,419.663999573862,202.43575556970808,70.94395393098819,186.47614969158425
9.70403,78.92448,336.75,0.37,0.58,2026-10-05,852,N,VIIRS,n,2.0NRT,290.67,3.86,D,2026-10-05T18:53:38.815819+00:00,403.3238982539001,357.92952894465515,260.146812862278,91.53242500372683,123.1801972900397
9.80655,78.28014,332.83,0.34,0.56,2026-10-05,852,N,VIIRS,n,2.0NRT,294.16,1.78,D,2026-10-05T18:53:38.815819+00:00,423.97661846484186,358.07388513691706,197.70285118318273,21.968234464001835,118.86124028907096
12.53391,76.93244,328.63,0.6,0.53,2026-10-05,854,N,VIIRS,n,2.0NRT,289.33,7.82,D,2026-10-05T18:53:38.815819+00:00,367.0649289574332,242.38801541623977,168.71409782733207,317.6646954573036,273.54338604514953
8.16195,77.60555,332.84,0.45,0.39,2026-10-06,835,N,VIIRS,n,2.0NRT,300.93,2.01,D,2026-10-06T13:43:47.199292+00:00,619.813175359383,554.3921412001714,325.33848509717603,204.03429018221237,316.16208435093046
8.16976,77.59241,333.38,0.45,0.39,2026-10-06,835,N,VIIRS,n,2.0NRT,299.94,3.05,D,2026-10-06T13:43:47.199292+00:00,619.7215701591011,553.998019762881,324.1778421623028,203.60543918715294,315.91252400440806
8.17084,77.59177,330.68,0.45,0.39,2026-10-06,835,N,VIIRS,n,2.0NRT,299.49,2.72,D,2026-10-06T13:43:47.199292+00:00,619.6485086040379,553.9047805265591,324.04544309752515,203.51029864027103,315.8287959399441
8.38519,81.24569,340.55,0.49,0.49,2026-10-06,835,N,VIIRS,n,2.0NRT,300.34,4.67,D,2026-10-06T13:43:47.199292+00:00,533.0826760860729,554.2294229977143,553.7722060363492,383.4980082874163,386.18426209233604
8.43738,80.71143,333.44,0.45,0.47,2026-10-06,835,N,VIIRS,n,2.0NRT,299.12,2.37,D,2026-10-06T13:43:47.199292+00:00,518.7735701243934,527.0756790275483,501.6465445962509,329.0831213820565,341.8445752194393
8.59111,77.78579,347.96,0.46,0.39,2026-10-06,835,N,VIIRS,n,2.0NRT,303.82,9.1,D,2026-10-06T13:43:47.199292+00:00,568.3732260198713,502.9473233320139,284.64103775696907,152.80569632048287,264.486795312753
8.65861,80.63209,337.4,0.45,0.47,2026-10-06,835,N,VIIRS,n,2.0NRT,295.24,3.96,D,2026-10-06T13:43:47.199292+00:00,493.515860135798,500.9761141672507,480.5818277775251,309.57368475599765,317.5065121180506
8.66954,77.99238,334.84,0.47,0.4,2026-10-06,835,N,VIIRS,l,2.0NRT,305.05,3.73,D,2026-10-06T13:43:47.199292+00:00,550.1525282328738,488.3764453680802,284.6365545235516,140.32136405333497,248.42342301116182
8.71255,78.08345,336.93,0.48,0.4,2026-10-06,835,N,VIIRS,n,2.0NRT,303.34,2.67,D,2026-10-06T13:43:47.199292+00:00,541.426556039866,481.2881808397104,284.44299543566854,134.89950392485494,240.8778483094178
8.71318,78.08781,335.58,0.48,0.4,2026-10-06,835,N,VIIRS,n,2.0NRT,302.16,4.72,D,2026-10-06T13:43:47.199292+00:00,541.1538446866787,481.1070118820668,284.58762805542784,134.81617772438952,240.676002967148
8.89999,80.79242,333.34,0.47,0.47,2026-10-06,835,N,VIIRS,n,2.0NRT,302.19,2.59,D,2026-10-06T13:43:47.199292+00:00,468.5679581549956,481.97326441952674,481.5959959798248,314.5592830696625,310.64487456564274
8.90058,80.79666,332.03,0.47,0.47,2026-10-06,835,N,VIIRS,n,2.0NRT,301.01,2.59,D,2026-10-06T13:43:47.199292+00:00,468.55928741134505,482.0866274307855,481.96878650793604,314.9688527562937,310.9425333928878
9.00683,79.86732,338.03,0.41,0.45,2026-10-06,835,N,VIIRS,n,2.0NRT,299.59,4.31,D,2026-10-06T13:43:47.199292+00:00,455.3481275149904,442.0712467294528,389.3369828418032,217.17353475737863,235.69921100874194
9.07425,79.76287,340.21,0.4,0.44,2026-10-06,835,N,VIIRS,n,2.0NRT,302.52,15.09,D,2026-10-06T13:43:47.199292+00:00,449.1494345922087,432.7416857701032,375.64386352175404,203.52622972366595,223.27307001580397
9.07477,79.76656,343.53,0.4,0.44,2026-10-06,835,N,VIIRS,n,2.0NRT,301.81,15.09,D,2026-10-06T13:43:47.199292+00:00,449.04256287886426,432.7487976940427,375.94104798284224,203.85765325342285,223.433696286583
9.07835,79.76231,341.4,0.4,0.44,2026-10-06,835,N,VIIRS,n,2.0NRT,302.66,15.09,D,2026-10-06T13:43:47.199292+00:00,448.70452352007385,432.2817978420413,375.3301650038658,203.2593093537444,222.8512732060531
9.07887,79.76598,345.2,0.4,0.44,2026-10-06,835,N,VIIRS,n,2.0NRT,302.99,15.09,D,2026-10-06T13:43:47.199292+00:00,448.5978182042619,432.28857151165056,375.62580435818376,203.58922565772764,223.01106612890004
9.08556,79.78381,343.06,0.4,0.45,2026-10-06,835,N,VIIRS,n,2.0NRT,300.68,3.24,D,2026-10-06T13:43:47.199292+00:00,447.6244949063289,431.87011489393797,376.7993852071161,204.98370533778166,223.40283708711362
9.38012,80.54504,340.55,0.46,0.47,2026-10-06,835,N,VIIRS,n,2.0NRT,301.16,1.86,D,2026-10-06T13:43:47.199292+00:00,412.79351567589976,422.33550542556657,432.8960020094655,272.676276232197,255.31224528432827
9.48088,80.24181,340.76,0.44,0.46,2026-10-06,835,N,VIIRS,n,2.0NRT,305.51,8.24,D,2026-10-06T13:43:47.199292+00:00,400.5164961735926,400.7222114758917,398.0453422787861,237.76993917730888,222.51568097676164
9.73691,80.25584,342.21,0.44,0.46,2026-10-06,835,N,VIIRS,n,2.0NRT,301.75,3.06,D,2026-10-06T13:43:47.199292+00:00,372.03839826662,374.1615673858478,387.98080729993666,234.96315735104454,206.22460667809344
9.73941,80.25539,342.78,0.44,0.46,2026-10-06,835,N,VIIRS,n,2.0NRT,304.02,2.87,D,2026-10-06T13:43:47.199292+00:00,371.76063041887835,373.8826713904871,387.83181297226156,234.8885599252319,206.0257215351167
9.75848,79.89178,332.71,0.42,0.45,2026-10-06,835,N,VIIRS,n,2.0NRT,300.51,3.14,D,2026-10-06T13:43:47.199292+00:00,371.9357445246448,360.77842622355035,350.26717370969277,195.0183152561833,173.31260466189983
9.76266,79.8912,343.63,0.42,0.45,2026-10-06,835,N,VIIRS,n,2.0NRT,299.75,2.34,D,2026-10-06T13:43:47.199292+00:00,371.48082592582614,360.31139431248204,350.0216551074955,194.91019154297862,172.95693419810124
9.82017,78.34545,333.36,0.51,0.41,2026-10-06,835,N,VIIRS,n,2.0NRT,298.69,2.29,D,2026-10-06T13:43:47.199292+00:00,419.0661231439127,354.8229232586011,201.99014664665847,27.339552489015308,114.83089096300074
9.90723,77.46474,337.17,0.46,0.39,2026-10-06,835,N,VIIRS,n,2.0NRT,299.42,6.84,D,2026-10-06T13:43:47.199292+00:00,467.04657993648453,380.7925959696391,135.34831102492168,71.77898056234669,167.45881171265077
9.93996,78.16019,333.58,0.5,0.41,2026-10-06,835,N,VIIRS,n,2.0NRT,301.93,3.54,D,2026-10-06T13:43:47.199292+00:00,418.3124767563722,347.5233986336071,177.98538659949924,4.718482820031448,111.76642050312226
9.95806,78.15292,333.6,0.5,0.41,2026-10-06,835,N,VIIRS,l,2.0NRT,303.71,1.24,D,2026-10-06T13:43:47.199292+00:00,417.066303599479,345.84986234364794,176.04307309005023,5.148719536870322,110.49993783084187
9.96479,76.3928,335.0,0.42,0.37,2026-10-06,835,N,VIIRS,n,2.0NRT,298.4,3.57,D,2026-10-06T13:43:47.199292+00:00,546.4987709296781,443.68573644705566,132.1852920414894,189.19914535519456,269.0164161899355
10.34039,79.1648,342.7,0.38,0.44,2026-10-06,835,N,VIIRS,n,2.0NRT,298.02,3.29,D,2026-10-06T13:43:47.199292+00:00,327.83902420469735,286.4719589973515,252.8207480121004,123.35131470045333,70.95357462760938
10.37444,79.29422,336.87,0.39,0.44,2026-10-06,835,N,VIIRS,n,2.0NRT,299.83,3.42,D,2026-10-06T13:43:47.199292+00:00,319.35586004491427,283.21223673705447,265.29720495509434,137.91029987593794,79.32466825466757
10.81853,78.61309,333.92,0.54,0.42,2026-10-06,835,N,VIIRS,n,2.0NRT,303.79,3.21,D,2026-10-06T13:43:47.199292+00:00,309.671935182473,240.0322817930364,182.28461029449616,113.0410596965685,10.48017795027667
11.03817,77.10335,334.79,0.46,0.39,2026-10-06,835,N,VIIRS,n,2.0NRT,298.76,1.26,D,2026-10-06T13:43:47.199292+00:00,412.6660796800382,303.86606903476866,16.27823907428881,166.3337920423406,176.99637752749769
11.49876,79.32476,341.9,0.41,0.45,2026-10-06,835,N,VIIRS,n,2.0NRT,297.35,3.93,D,2026-10-06T13:43:47.199292+00:00,203.9163902610003,159.02413219874492,263.8463093249295,218.9653272064133,103.81923387090019
11.65664,79.18148,341.46,0.4,0.44,2026-10-06,835,N,VIIRS,n,2.0NRT,297.62,5.6,D,2026-10-06T13:43:47.199292+00:00,197.83748151592218,140.19107431569273,252.86888277946446,224.75256548481354,109.4522579783253
12.75175,79.73012,335.21,0.45,0.47,2026-10-06,835,N,VIIRS,n,2.0NRT,297.85,4.36,D,2026-10-06T13:43:47.199292+00:00,69.18707228221365,67.33213550602609,358.2441756560356,359.9987779755331,244.98530203117446
13.90086,80.20213,337.39,0.5,0.49,2026-10-06,837,N,VIIRS,n,2.0NRT,299.21,5.28,D,2026-10-06T13:43:47.199292+00:00,91.27685414176658,159.26573146768175,476.4985194875743,496.72272393545546,382.18594111002034
8.16195,77.60555,332.84,0.45,0.39,2026-10-06,835,N,VIIRS,n,2.0NRT,300.93,2.01,D,2026-10-06T19:09:32.355312+00:00,619.813175359383,554.3921412001714,325.33848509717603,204.03429018221237,316.16208435093046
8.16976,77.59241,333.38,0.45,0.39,2026-10-06,835,N,VIIRS,n,2.0NRT,299.94,3.05,D,2026-10-06T19:09:32.355312+00:00,619.7215701591011,553.998019762881,324.1778421623028,203.60543918715294,315.91252400440806
8.17084,77.59177,330.68,0.45,0.39,2026-10-06,835,N,VIIRS,n,2.0NRT,299.49,2.72,D,2026-10-06T19:09:32.355312+00:00,619.6485086040379,553.9047805265591,324.04544309752515,203.51029864027103,315.8287959399441
8.38519,81.24569,340.55,0.49,0.49,2026-10-06,835,N,VIIRS,n,2.0NRT,300.34,4.67,D,2026-10-06T19:09:32.355312+00:00,533.0826760860729,554.2294229977143,553.7722060363492,383.4980082874163,386.18426209233604
8.43738,80.71143,333.44,0.45,0.47,2026-10-06,835,N,VIIRS,n,2.0NRT,299.12,2.37,D,2026-10-06T19:09:32.355312+00:00,518.7735701243934,527.0756790275483,501.6465445962509,329.0831213820565,341.8445752194393
8.59111,77.78579,347.96,0.46,0.39,2026-10-06,835,N,VIIRS,n,2.0NRT,303.82,9.1,D,2026-10-06T19:09:32.355312+00:00,568.3732260198713,502.9473233320139,284.64103775696907,152.80569632048287,264.486795312753
8.65861,80.63209,337.4,0.45,0.47,2026-10-06,835,N,VIIRS,n,2.0NRT,295.24,3.96,D,2026-10-06T19:09:32.355312+00:00,493.515860135798,500.9761141672507,480.5818277775251,309.57368475599765,317.5065121180506
8.66954,77.99238,334.84,0.47,0.4,2026-10-06,835,N,VIIRS,l,2.0NRT,305.05,3.73,D,2026-10-06T19:09:32.355312+00:00,550.1525282328738,488.3764453680802,284.6365545235516,140.32136405333497,248.42342301116182
8.71255,78.08345,336.93,0.48,0.4,2026-10-06,835,N,VIIRS,n,2.0NRT,303.34,2.67,D,2026-10-06T19:09:32.355312+00:00,541.426556039866,481.2881808397104,284.44299543566854,134.89950392485494,240.8778483094178
8.71318,78.08781,335.58,0.48,0.4,2026-10-06,835,N,VIIRS,n,2.0NRT,302.16,4.72,D,2026-10-06T19:09:32.355312+00:00,541.1538446866787,481.1070118820668,284.58762805542784,134.81617772438952,240.676002967148
8.89999,80.79242,333.34,0.47,0.47,2026-10-06,835,N,VIIRS,n,2.0NRT,302.19,2.59,D,2026-10-06T19:09:32.355312+00:00,468.5679581549956,481.97326441952674,481.5959959798248,314.5592830696625,310.64487456564274
8.90058,80.79666,332.03,0.47,0.47,2026-10-06,835,N,VIIRS,n,2.0NRT,301.01,2.59,D,2026-10-06T19:09:32.355312+00:00,468.55928741134505,482.0866274307855,481.96878650793604,314.9688527562937,310.9425333928878
9.00683,79.86732,338.03,0.41,0.45,2026-10-06,835,N,VIIRS,n,2.0NRT,299.59,4.31,D,2026-10-06T19:09:32.355312+00:00,455.3481275149904,442.0712467294528,389.3369828418032,217.17353475737863,235.69921100874194
9.07425,79.76287,340.21,0.4,0.44,2026-10-06,835,N,VIIRS,n,2.0NRT,302.52,15.09,D,2026-10-06T19:09:32.355312+00:00,449.1494345922087,432.7416857701032,375.64386352175404,203.52622972366595,223.27307001580397
9.07477,79.76656,343.53,0.4,0.44,2026-10-06,835,N,VIIRS,n,2.0NRT,301.81,15.09,D,2026-10-06T19:09:32.355312+00:00,449.04256287886426,432.7487976940427,375.94104798284224,203.85765325342285,223.433696286583
9.07835,79.76231,341.4,0.4,0.44,2026-10-06,835,N,VIIRS,n,2.0NRT,302.66,15.09,D,2026-10-06T19:09:32.355312+00:00,448.70452352007385,432.2817978420413,375.3301650038658,203.2593093537444,222.8512732060531
9.07887,79.76598,345.2,0.4,0.44,2026-10-06,835,N,VIIRS,n,2.0NRT,302.99,15.09,D,2026-10-06T19:09:32.355312+00:00,448.5978182042619,432.28857151165056,375.62580435818376,203.58922565772764,223.01106612890004
9.08556,79.78381,343.06,0.4,0.45,2026-10-06,835,N,VIIRS,n,2.0NRT,300.68,3.24,D,2026-10-06T19:09:32.355312+00:00,447.6244949063289,431.87011489393797,376.7993852071161,204.98370533778166,223.40283708711362
9.38012,80.54504,340.55,0.46,0.47,2026-10-06,835,N,VIIRS,n,2.0NRT,301.16,1.86,D,2026-10-06T19:09:32.355312+00:00,412.79351567589976,422.33550542556657,432.8960020094655,272.676276232197,255.31224528432827
9.48088,80.24181,340.76,0.44,0.46,2026-10-06,835,N,VIIRS,n,2.0NRT,305.51,8.24,D,2026-10-06T19:09:32.355312+00:00,400.5164961735926,400.7222114758917,398.0453422787861,237.76993917730888,222.51568097676164
9.73691,80.25584,342.21,0.44,0.46,2026-10-06,835,N,VIIRS,n,2.0NRT,301.75,3.06,D,2026-10-06T19:09:32.355312+00:00,372.03839826662,374.1615673858478,387.98080729993666,234.96315735104454,206.22460667809344
9.73941,80.25539,342.78,0.44,0.46,2026-10-06,835,N,VIIRS,n,2.0NRT,304.02,2.87,D,2026-10-06T19:09:32.355312+00:00,371.76063041887835,373.8826713904871,387.83181297226156,234.8885599252319,206.0257215351167
9.75848,79.89178,332.71,0.42,0.45,2026-10-06,835,N,VIIRS,n,2.0NRT,300.51,3.14,D,2026-10-06T19:09:32.355312+00:00,371.9357445246448,360.77842622355035,350.26717370969277,195.0183152561833,173.31260466189983
9.76266,79.8912,343.63,0.42,0.45,2026-10-06,835,N,VIIRS,n,2.0NRT,299.75,2.34,D,2026-10-06T19:09:32.355312+00:00,371.48082592582614,360.31139431248204,350.0216551074955,194.91019154297862,172.95693419810124
9.82017,78.34545,333.36,0.51,0.41,2026-10-06,835,N,VIIRS,n,2.0NRT,298.69,2.29,D,2026-10-06T19:09:32.355312+00:00,419.0661231439127,354.8229232586011,201.99014664665847,27.339552489015308,114.83089096300074
9.90723,77.46474,337.17,0.46,0.39,2026-10-06,835,N,VIIRS,n,2.0NRT,299.42,6.84,D,2026-10-06T19:09:32.355312+00:00,467.04657993648453,380.7925959696391,135.34831102492168,71.77898056234669,167.45881171265077
9.93996,78.16019,333.58,0.5,0.41,2026-10-06,835,N,VIIRS,n,2.0NRT,301.93,3.54,D,2026-10-06T19:09:32.355312+00:00,418.3124767563722,347.5233986336071,177.98538659949924,4.718482820031448,111.76642050312226
9.95806,78.15292,333.6,0.5,0.41,2026-10-06,835,N,VIIRS,l,2.0NRT,303.71,1.24,D,2026-10-06T19:09:32.355312+00:00,417.066303599479,345.84986234364794,176.04307309005023,5.148719536870322,110.49993783084187
9.96479,76.3928,335.0,0.42,0.37,2026-10-06,835,N,VIIRS,n,2.0NRT,298.4,3.57,D,2026-10-06T19:09:32.355312+00:00,546.4987709296781,443.68573644705566,132.1852920414894,189.19914535519456,269.0164161899355
10.34039,79.1648,342.7,0.38,0.44,2026-10-06,835,N,VIIRS,n,2.0NRT,298.02,3.29,D,2026-10-06T19:09:32.355312+00:00,327.83902420469735,286.4719589973515,252.8207480121004,123.35131470045333,70.95357462760938
10.37444,79.29422,336.87,0.39,0.44,2026-10-06,835,N,VIIRS,n,2.0NRT,299.83,3.42,D,2026-10-06T19:09:32.355312+00:00,319.35586004491427,283.21223673705447,265.29720495509434,137.91029987593794,79.32466825466757
10.81853,78.61309,333.92,0.54,0.42,2026-10-06,835,N,VIIRS,n,2.0NRT,303.79,3.21,D,2026-10-06T19:09:32.355312+00:00,309.671935182473,240.0322817930364,182.28461029449616,113.0410596965685,10.48017795027667
11.03817,77.10335,334.79,0.46,0.39,2026-10-06,835,N,VIIRS,n,2.0NRT,298.76,1.26,D,2026-10-06T19:09:32.355312+00:00,412.6660796800382,303.86606903476866,16.27823907428881,166.3337920423406,176.99637752749769
11.49876,79.32476,341.9,0.41,0.45,2026-10-06,835,N,VIIRS,n,2.0NRT,297.35,3.93,D,2026-10-06T19:09:32.355312+00:00,203.9163902610003,159.02413219874492,263.8463093249295,218.9653272064133,103.81923387090019
11.65664,79.18148,341.46,0.4,0.44,2026-10-06,835,N,VIIRS,n,2.0NRT,297.62,5.6,D,2026-10-06T19:09:32.355312+00:00,197.83748151592218,140.19107431569273,252.86888277946446,224.75256548481354,109.4522579783253
12.75175,79.73012,335.21,0.45,0.47,2026-10-06,835,N,VIIRS,n,2.0NRT,297.85,4.36,D,2026-10-06T19:09:32.355312+00:00,69.18707228221365,67.33213550602609,358.2441756560356,359.9987779755331,244.98530203117446
13.90086,80.20213,337.39,0.5,0.49,2026-10-06,837,N,VIIRS,n,2.0NRT,299.21,5.28,D,2026-10-06T19:09:32.355312+00:00,91.27685414176658,159.26573146768175,476.4985194875743,496.72272393545546,382.18594111002034
8.16195,77.60555,332.84,0.45,0.39,2026-10-06,835,N,VIIRS,n,2.0NRT,300.93,2.01,D,2026-10-06T23:23:30.940457+00:00,619.813175359383,554.3921412001714,325.33848509717603,204.03429018221237,316.16208435093046
8.16976,77.59241,333.38,0.45,0.39,2026-10-06,835,N,VIIRS,n,2.0NRT,299.94,3.05,D,2026-10-06T23:23:30.940457+00:00,619.7215701591011,553.998019762881,324.1778421623028,203.60543918715294,315.91252400440806
8.17084,77.59177,330.68,0.45,0.39,2026-10-06,835,N,VIIRS,n,2.0NRT,299.49,2.72,D,2026-10-06T23:23:30.940457+00:00,619.6485086040379,553.9047805265591,324.04544309752515,203.51029864027103,315.8287959399441
8.38519,81.24569,340.55,0.49,0.49,2026-10-06,835,N,VIIRS,n,2.0NRT,300.34,4.67,D,2026-10-06T23:23:30.940457+00:00,533.0826760860729,554.2294229977143,553.7722060363492,383.4980082874163,386.18426209233604
8.43738,80.71143,333.44,0.45,0.47,2026-10-06,835,N,VIIRS,n,2.0NRT,299.12,2.37,D,2026-10-06T23:23:30.940457+00:00,518.7735701243934,527.0756790275483,501.6465445962509,329.0831213820565,341.8445752194393
8.59111,77.78579,347.96,0.46,0.39,2026-10-06,835,N,VIIRS,n,2.0NRT,303.82,9.1,D,2026-10-06T23:23:30.940457+00:00,568.3732260198713,502.9473233320139,284.64103775696907,152.80569632048287,264.486795312753
8.65861,80.63209,337.4,0.45,0.47,2026-10-06,835,N,VIIRS,n,2.0NRT,295.24,3.96,D,2026-10-06T23:23:30.940457+00:00,493.515860135798,500.9761141672507,480.5818277775251,309.57368475599765,317.5065121180506
8.66954,77.99238,334.84,0.47,0.4,2026-10-06,835,N,VIIRS,l,2.0NRT,305.05,3.73,D,2026-10-06T23:23:30.940457+00:00,550.1525282328738,488.3764453680802,284.6365545235516,140.32136405333497,248.42342301116182
8.71255,78.08345,336.93,0.48,0.4,2026-10-06,835,N,VIIRS,n,2.0NRT,303.34,2.67,D,2026-10-06T23:23:30.940457+00:00,541.426556039866,481.2881808397104,284.44299543566854,134.89950392485494,240.8778483094178
8.71318,78.08781,335.58,0.48,0.4,2026-10-06,835,N,VIIRS,n,2.0NRT,302.16,4.72,D,2026-10-06T23:23:30.940457+00:00,541.1538446866787,481.1070118820668,284.58762805542784,134.81617772438952,240.676002967148
8.89999,80.79242,333.34,0.47,0.47,2026-10-06,835,N,VIIRS,n,2.0NRT,302.19,2.59,D,2026-10-06T23:23:30.940457+00:00,468.5679581549956,481.97326441952674,481.5959959798248,314.5592830696625,310.64487456564274
8.90058,80.79666,332.03,0.47,0.47,2026-10-06,835,N,VIIRS,n,2.0NRT,301.01,2.59,D,2026-10-06T23:23:30.940457+00:00,468.55928741134505,482.0866274307855,481.96878650793604,314.9688527562937,310.9425333928878
9.00683,79.86732,338.03,0.41,0.45,2026-10-06,835,N,VIIRS,n,2.0NRT,299.59,4.31,D,2026-10-06T23:23:30.940457+00:00,455.3481275149904,442.0712467294528,389.3369828418032,217.17353475737863,235.69921100874194
9.07425,79.76287,340.21,0.4,0.44,2026-10-06,835,N,VIIRS,n,2.0NRT,302.52,15.09,D,2026-10-06T23:23:30.940457+00:00,449.1494345922087,432.7416857701032,375.64386352175404,203.52622972366595,223.27307001580397
9.07477,79.76656,343.53,0.4,0.44,2026-10-06,835,N,VIIRS,n,2.0NRT,301.81,15.09,D,2026-10-06T23:23:30.940457+00:00,449.04256287886426,432.7487976940427,375.94104798284224,203.85765325342285,223.433696286583
9.07835,79.76231,341.4,0.4,0.44,2026-10-06,835,N,VIIRS,n,2.0NRT,302.66,15.09,D,2026-10-06T23:23:30.940457+00:00,448.70452352007385,432.2817978420413,375.3301650038658,203.2593093537444,222.8512732060531
9.07887,79.76598,345.2,0.4,0.44,2026-10-06,835,N,VIIRS,n,2.0NRT,302.99,15.09,D,2026-10-06T23:23:30.940457+00:00,448.5978182042619,432.28857151165056,375.62580435818376,203.58922565772764,223.01106612890004
9.08556,79.78381,343.06,0.4,0.45,2026-10-06,835,N,VIIRS,n,2.0NRT,300.68,3.24,D,2026-10-06T23:23:30.940457+00:00,447.6244949063289,431.87011489393797,376.7993852071161,204.98370533778166,223.40283708711362
9.38012,80.54504,340.55,0.46,0.47,2026-10-06,835,N,VIIRS,n,2.0NRT,301.16,1.86,D,2026-10-06T23:23:30.940457+00:00,412.79351567589976,422.33550542556657,432.8960020094655,272.676276232197,255.31224528432827
9.48088,80.24181,340.76,0.44,0.46,2026-10-06,835,N,VIIRS,n,2.0NRT,305.51,8.24,D,2026-10-06T23:23:30.940457+00:00,400.5164961735926,400.7222114758917,398.0453422787861,237.76993917730888,222.51568097676164
9.73691,80.25584,342.21,0.44,0.46,2026-10-06,835,N,VIIRS,n,2.0NRT,301.75,3.06,D,2026-10-06T23:23:30.940457+00:00,372.03839826662,374.1615673858478,387.98080729993666,234.96315735104454,206.22460667809344
9.73941,80.25539,342.78,0.44,0.46,2026-10-06,835,N,VIIRS,n,2.0NRT,304.02,2.87,D,2026-10-06T23:23:30.940457+00:00,371.76063041887835,373.8826713904871,387.83181297226156,234.8885599252319,206.0257215351167
9.75848,79.89178,332.71,0.42,0.45,2026-10-06,835,N,VIIRS,n,2.0NRT,300.51,3.14,D,2026-10-06T23:23:30.940457+00:00,371.9357445246448,360.77842622355035,350.26717370969277,195.0183152561833,173.31260466189983
9.76266,79.8912,343.63,0.42,0.45,2026-10-06,835,N,VIIRS,n,2.0NRT,299.75,2.34,D,2026-10-06T23:23:30.940457+00:00,371.48082592582614,360.31139431248204,350.0216551074955,194.91019154297862,172.95693419810124
9.82017,78.34545,333.36,0.51,0.41,2026-10-06,835,N,VIIRS,n,2.0NRT,298.69,2.29,D,2026-10-06T23:23:30.940457+00:00,419.0661231439127,354.8229232586011,201.99014664665847,27.339552489015308,114.83089096300074
9.90723,77.46474,337.17,0.46,0.39,2026-10-06,835,N,VIIRS,n,2.0NRT,299.42,6.84,D,2026-10-06T23:23:30.940457+00:00,467.04657993648453,380.7925959696391,135.34831102492168,71.77898056234669,167.45881171265077
9.93996,78.16019,333.58,0.5,0.41,2026-10-06,835,N,VIIRS,n,2.0NRT,301.93,3.54,D,2026-10-06T23:23:30.940457+00:00,418.3124767563722,347.5233986336071,177.98538659949924,4.718482820031448,111.76642050312226
9.95806,78.15292,333.6,0.5,0.41,2026-10-06,835,N,VIIRS,l,2.0NRT,303.71,1.24,D,2026-10-06T23:23:30.940457+00:00,417.066303599479,345.84986234364794,176.04307309005023,5.148719536870322,110.49993783084187
9.96479,76.3928,335.0,0.42,0.37,2026-10-06,835,N,VIIRS,n,2.0NRT,298.4,3.57,D,2026-10-06T23:23:30.940457+00:00,546.4987709296781,443.68573644705566,132.1852920414894,189.19914535519456,269.0164161899355
10.34039,79.1648,342.7,0.38,0.44,2026-10-06,835,N,VIIRS,n,2.0NRT,298.02,3.29,D,2026-10-06T23:23:30.940457+00:00,327.83902420469735,286.4719589973515,252.8207480121004,123.35131470045333,70.95357462760938
10.37444,79.29422,336.87,0.39,0.44,2026-10-06,835,N,VIIRS,n,2.0NRT,299.83,3.42,D,2026-10-06T23:23:30.940457+00:00,319.35586004491427,283.21223673705447,265.29720495509434,137.91029987593794,79.32466825466757
10.81853,78.61309,333.92,0.54,0.42,2026-10-06,835,N,VIIRS,n,2.0NRT,303.79,3.21,D,2026-10-06T23:23:30.940457+00:00,309.671935182473,240.0322817930364,182.28461029449616,113.0410596965685,10.48017795027667
11.03817,77.10335,334.79,0.46,0.39,2026-10-06,835,N,VIIRS,n,2.0NRT,298.76,1.26,D,2026-10-06T23:23:30.940457+00:00,412.6660796800382,303.86606903476866,16.27823907428881,166.3337920423406,176.99637752749769
11.49876,79.32476,341.9,0.41,0.45,2026-10-06,835,N,VIIRS,n,2.0NRT,297.35,3.93,D,2026-10-06T23:23:30.940457+00:00,203.9163902610003,159.02413219874492,263.8463093249295,218.9653272064133,103.81923387090019
11.65664,79.18148,341.46,0.4,0.44,2026-10-06,835,N,VIIRS,n,2.0NRT,297.62,5.6,D,2026-10-06T23:23:30.940457+00:00,197.83748151592218,140.19107431569273,252.86888277946446,224.75256548481354,109.4522579783253
12.75175,79.73012,335.21,0.45,0.47,2026-10-06,835,N,VIIRS,n,2.0NRT,297.85,4.36,D,2026-10-06T23:23:30.940457+00:00,69.18707228221365,67.33213550602609,358.2441756560356,359.9987779755331,244.98530203117446
13.90086,80.20213,337.39,0.5,0.49,2026-10-06,837,N,VIIRS,n,2.0NRT,299.21,5.28,D,2026-10-06T23:23:30.940457+00:00,91.27685414176658,159.26573146768175,476.4985194875743,496.72272393545546,382.18594111002034
8.15517,81.03347,343.05,0.4,0.37,2026-10-07,813,N,VIIRS,n,2.0NRT,296.64,9.06,D,2026-10-07T17:04:30.339224+00:00,554.217528206034,568.7367719931535,548.7149055644904,375.6369747937684,388.7087610554621
8.2375,80.81304,347.23,0.4,0.37,2026-10-07,813,N,VIIRS,n,2.0NRT,294.32,4.69,D,2026-10-07T17:04:30.339224+00:00,542.009328428315,551.7377185650772,523.7205591371279,350.230247850185,366.1113188027187
8.24087,80.81253,335.15,0.4,0.37,2026-10-07,813,N,VIIRS,n,2.0NRT,293.69,4.69,D,2026-10-07T17:04:30.339224+00:00,541.6307244207956,551.3655035034567,523.4527545732071,349.9811605965954,365.7848081470889
8.24141,80.81614,335.55,0.4,0.37,2026-10-07,813,N,VIIRS,n,2.0NRT,295.01,7.37,D,2026-10-07T17:04:30.339224+00:00,541.6142748474048,551.440313595166,523.736753845824,350.2837763809047,365.9884552093231
8.28497,81.34165,339.25,0.41,0.37,2026-10-07,813,N,VIIRS,n,2.0NRT,300.94,3.92,D,2026-10-07T17:04:30.339224+00:00,546.1585376095423,568.7638651518149,568.6602202867832,397.9771868745598,401.5210434562711
8.76821,80.79418,337.73,0.4,0.37,2026-10-07,813,N,VIIRS,n,2.0NRT,293.55,5.62,D,2026-10-07T17:04:30.339224+00:00,483.1400058160776,495.6661417141324,489.16041345587854,320.38792942689867,320.91116385630045
8.83389,80.46365,330.17,0.39,0.36,2026-10-07,813,N,VIIRS,n,2.0NRT,287.93,0.95,D,2026-10-07T17:04:30.339224+00:00,472.91520607475815,476.65911492760034,454.4437799146321,284.33050033172424,290.6433614706504
8.88693,80.79451,340.95,0.4,0.37,2026-10-07,813,N,VIIRS,n,2.0NRT,300.01,3.39,D,2026-10-07T17:04:30.339224+00:00,470.0372628914183,483.4062192225759,482.51386884111145,315.3068655032831,311.80071499074006
9.01657,80.68607,330.19,0.4,0.37,2026-10-07,813,N,VIIRS,l,2.0NRT,300.54,3.37,D,2026-10-07T17:04:30.339224+00:00,454.3987169753015,465.6224679846938,465.0716093649778,299.04744860806613,293.27191973790633
9.24278,78.72741,330.34,0.39,0.36,2026-10-07,816,N,VIIRS,n,2.0NRT,298.92,1.2,D,2026-10-07T17:04:30.339224+00:00,458.9603335078896,410.88287197540853,276.61373367415405,100.97627920466253,172.11657589350563
9.44249,78.83789,334.59,0.38,0.36,2026-10-07,816,N,VIIRS,n,2.0NRT,301.67,1.21,D,2026-10-07T17:04:30.339224+00:00,433.8742505245285,387.6263634595601,270.2916639842995,95.26935306091559,150.59924732854577
9.53262,78.76575,338.8,0.39,0.36,2026-10-07,816,N,VIIRS,n,2.0NRT,304.1,2.25,D,2026-10-07T17:04:30.339224+00:00,427.4874644139355,378.3898304908046,257.7776204929048,83.17004153468962,140.02938432289642
9.62373,78.87314,339.84,0.38,0.36,2026-10-07,816,N,VIIRS,n,2.0NRT,301.53,3.34,D,2026-10-07T17:04:30.339224+00:00,413.6886756444037,367.22977091421467,260.7431330313493,89.09806213309042,131.04180700181809
9.85838,78.07375,336.6,0.39,0.36,2026-10-07,816,N,VIIRS,n,2.0NRT,300.54,3.38,D,2026-10-07T17:04:30.339224+00:00,431.09449823357795,359.0935575392142,177.58783516150905,8.980622531448894,124.52585893663033
9.86343,79.02348,340.91,0.38,0.36,2026-10-07,816,N,VIIRS,n,2.0NRT,300.95,7.21,D,2026-10-07T17:04:30.339224+00:00,382.892893640576,339.6937712162404,259.94438127728284,99.22802833698526,108.82407345616114
10.04431,79.12309,339.28,0.38,0.36,2026-10-07,816,N,VIIRS,n,2.0NRT,303.55,4.39,D,2026-10-07T17:04:30.339224+00:00,360.23668501656533,319.37460210792375,260.4396503558229,110.66638361702681,94.75241693783457
10.14465,78.87096,330.97,0.38,0.36,2026-10-07,816,N,VIIRS,n,2.0NRT,297.49,1.69,D,2026-10-07T17:04:30.339224+00:00,360.5106836192969,309.52976918455016,230.7054878409768,85.79082338445602,74.08051845550847
10.24736,79.1907,335.6,0.38,0.36,2026-10-07,816,N,VIIRS,n,2.0NRT,299.44,2.36,D,2026-10-07T17:04:30.339224+00:00,336.49302441839643,296.8625163320369,258.7926258668063,122.58883947965424,80.43960568537398
10.2864,77.8652,335.6,0.39,0.36,2026-10-07,816,N,VIIRS,n,2.0NRT,300.32,2.48,D,2026-10-07T17:04:30.339224+00:00,406.5404729475295,323.38833311704093,128.3434959501584,48.88666021808845,107.53745680252722
10.38244,79.27652,333.7,0.38,0.36,2026-10-07,816,N,VIIRS,n,2.0NRT,297.42,1.92,D,2026-10-07T17:04:30.339224+00:00,319.1648887020824,282.2107189719672,263.1922107424185,136.43383560990875,77.23471051938128
10.38575,79.276,341.87,0.38,0.36,2026-10-07,816,N,VIIRS,n,2.0NRT,298.86,5.3,D,2026-10-07T17:04:30.339224+00:00,318.83767335123895,281.84008311637785,263.03773169141914,136.51804743942105,76.97267192296535
10.598,77.88769,334.49,0.39,0.36,2026-10-07,816,N,VIIRS,n,2.0NRT,297.54,4.76,D,2026-10-07T17:04:30.339224+00:00,378.9185075919713,291.24633766405395,111.93052790528243,79.00511162563669,91.7997914983469
10.88719,79.21658,331.76,0.38,0.36,2026-10-07,816,N,VIIRS,n,2.0NRT,298.79,2.62,D,2026-10-07T17:04:30.339224+00:00,269.7106244319941,225.83432375224328,247.22846427169523,160.71701384215456,56.927505989957176
10.92669,78.49996,335.23,0.38,0.36,2026-10-07,816,N,VIIRS,n,2.0NRT,300.36,4.47,D,2026-10-07T17:04:30.339224+00:00,307.5065975527214,231.71094749284353,168.86156147639906,118.86769340419123,27.00423408413231
10.93849,79.8204,333.38,0.39,0.36,2026-10-07,816,N,VIIRS,n,2.0NRT,299.89,2.82,D,2026-10-07T17:04:30.339224+00:00,243.4026313436893,232.32732189019117,312.82041075660254,217.43925267041845,122.94265041752861
10.9504,79.81792,336.07,0.39,0.36,2026-10-07,816,N,VIIRS,n,2.0NRT,300.08,5.54,D,2026-10-07T17:04:30.339224+00:00,242.16001275252626,230.98622199647724,312.5094169157531,217.89418139792673,122.85652382816676
11.46289,79.15313,331.3,0.39,0.36,2026-10-07,816,N,VIIRS,l,2.0NRT,304.38,1.85,D,2026-10-07T17:04:30.339224+00:00,217.220960657909,161.6496080446909,244.72409927034772,204.89529644584434,89.35164470263453
11.46571,77.6757,337.24,0.39,0.36,2026-10-07,816,N,VIIRS,n,2.0NRT,298.94,1.76,D,2026-10-07T17:04:30.339224+00:00,334.3955590950581,226.03740733985993,93.03756065665452,178.03658895711277,135.05919263599435
11.48187,77.24241,334.19,0.4,0.37,2026-10-07,816,N,VIIRS,n,2.0NRT,299.61,1.96,D,2026-10-07T17:04:30.339224+00:00,374.0756106583652,260.08368913732016,60.42590561440903,197.86540202387366,177.0929327023849
11.59686,79.66467,336.55,0.39,0.36,2026-10-07,816,N,VIIRS,n,2.0NRT,302.43,2.43,D,2026-10-07T17:04:30.339224+00:00,177.849199677103,157.71962641743747,302.32449097317846,251.05643875492405,137.85540635061255
11.6002,79.66416,332.99,0.39,0.36,2026-10-07,816,N,VIIRS,n,2.0NRT,301.41,2.34,D,2026-10-07T17:04:30.339224+00:00,177.52463855760493,157.35367045028204,302.347933042065,251.29348983450586,138.0546121584119
11.79316,78.72153,333.72,0.38,0.36,2026-10-07,816,N,VIIRS,n,2.0NRT,299.89,2.17,D,2026-10-07T17:04:30.339224+00:00,221.03450660961042,132.64631470363227,210.9354543978609,217.8531908031568,111.50580766172256
12.21088,78.59972,331.4,0.38,0.36,2026-10-07,816,N,VIIRS,n,2.0NRT,302.95,1.68,D,2026-10-07T17:04:30.339224+00:00,205.585374664326,97.46658373751973,222.90804259780373,259.49510830087155,158.35271937455875
12.55808,76.97843,334.41,0.4,0.37,2026-10-07,816,N,VIIRS,n,2.0NRT,297.19,3.64,D,2026-10-07T17:04:30.339224+00:00,361.6888512900227,237.00124598824,171.4002167308289,318.12293289651836,271.96349624688014
12.72894,80.10341,332.43,0.41,0.37,2026-10-07,816,N,VIIRS,n,2.0NRT,298.53,2.05,D,2026-10-07T17:04:30.339224+00:00,43.314086328249125,107.3138642666904,391.8512380288631,379.41785354018157,263.89696608996906
12.75778,80.20602,331.01,0.41,0.37,2026-10-07,816,N,VIIRS,l,2.0NRT,302.09,1.88,D,2026-10-07T17:04:30.339224+00:00,36.80322694918581,117.71679684644226,403.1595845102942,388.4911164519366,273.052190859369
12.80328,78.87148,333.27,0.39,0.36,2026-10-07,816,N,VIIRS,n,2.0NRT,299.67,1.51,D,2026-10-07T17:04:30.339224+00:00,154.7833425511096,30.970371106704608,287.92192301055536,330.3500191831948,224.54584636138958
13.35536,80.04942,338.15,0.41,0.37,2026-10-07,816,N,VIIRS,n,2.0NRT,301.38,4.83,D,2026-10-07T17:04:30.339224+00:00,38.63887617885873,110.63265368134573,425.04049553016966,435.461742423904,320.4911189099493
13.3614,80.11385,336.31,0.41,0.37,2026-10-07,816,N,VIIRS,n,2.0NRT,299.85,2.6,D,2026-10-07T17:04:30.339224+00:00,35.33628853385284,117.2152415857572,431.00336192444297,439.47249447557175,324.3377727328167
13.41865,79.71624,337.43,0.4,0.37,2026-10-07,816,N,VIIRS,n,2.0NRT,303.53,5.38,D,2026-10-07T17:04:30.339224+00:00,70.68846428859193,84.33399374387302,401.6332791140603,425.56787083826845,312.2419245712447
13.61755,79.52794,333.75,0.4,0.37,2026-10-07,816,N,VIIRS,n,2.0NRT,301.47,3.17,D,2026-10-07T17:04:30.339224+00:00,99.97274081291907,88.92857343280726,402.1114862027892,438.2411295396912,326.83553971636456
13.75959,79.04883,330.45,0.39,0.36,2026-10-07,816,N,VIIRS,n,2.0NRT,300.33,1.49,D,2026-10-07T17:04:30.339224+00:00,152.0849384094425,94.18339580714675,380.3632406225657,438.1834098136599,332.2577912900748
13.89058,79.7986,334.83,0.4,0.37,2026-10-07,816,N,VIIRS,n,2.0NRT,299.86,2.24,D,2026-10-07T17:04:30.339224+00:00,103.32287283303924,130.08700830816807,444.25631206404984,477.2501877970361,364.6131526832224
13.90064,80.20292,345.65,0.42,0.37,2026-10-07,816,N,VIIRS,n,2.0NRT,306.24,7.29,D,2026-10-07T17:04:30.339224+00:00,91.24557192518131,159.3110476849523,476.5456097650247,496.7401896281508,382.20035519868935
8.15517,81.03347,343.05,0.4,0.37,2026-10-07,813,N,VIIRS,n,2.0NRT,296.64,9.06,D,2026-10-07T22:19:31.939318+00:00,554.217528206034,568.7367719931535,548.7149055644904,375.63697479376833,388.7087610554621
8.2375,80.81304,347.23,0.4,0.37,2026-10-07,813,N,VIIRS,n,2.0NRT,294.32,4.69,D,2026-10-07T22:19:31.939318+00:00,542.009328428315,551.7377185650772,523.7205591371279,350.230247850185,366.1113188027187
8.24087,80.81253,335.15,0.4,0.37,2026-10-07,813,N,VIIRS,n,2.0NRT,293.69,4.69,D,2026-10-07T22:19:31.939318+00:00,541.6307244207956,551.3655035034567,523.4527545732071,349.9811605965953,365.7848081470889
8.24141,80.81614,335.55,0.4,0.37,2026-10-07,813,N,VIIRS,n,2.0NRT,295.01,7.37,D,2026-10-07T22:19:31.939318+00:00,541.6142748474048,551.440313595166,523.736753845824,350.2837763809047,365.9884552093231
8.28497,81.34165,339.25,0.41,0.37,2026-10-07,813,N,VIIRS,n,2.0NRT,300.94,3.92,D,2026-10-07T22:19:31.939318+00:00,546.1585376095423,568.7638651518149,568.6602202867832,397.9771868745598,401.5210434562711
8.76821,80.79418,337.73,0.4,0.37,2026-10-07,813,N,VIIRS,n,2.0NRT,293.55,5.62,D,2026-10-07T22:19:31.939318+00:00,483.1400058160775,495.6661417141324,489.16041345587854,320.38792942689867,320.9111638563004
8.83389,80.46365,330.17,0.39,0.36,2026-10-07,813,N,VIIRS,n,2.0NRT,287.93,0.95,D,2026-10-07T22:19:31.939318+00:00,472.91520607475803,476.65911492760034,454.44377991463205,284.33050033172424,290.6433614706504
8.88693,80.79451,340.95,0.4,0.37,2026-10-07,813,N,VIIRS,n,2.0NRT,300.01,3.39,D,2026-10-07T22:19:31.939318+00:00,470.0372628914183,483.4062192225759,482.51386884111145,315.3068655032831,311.80071499074006
9.01657,80.68607,330.19,0.4,0.37,2026-10-07,813,N,VIIRS,l,2.0NRT,300.54,3.37,D,2026-10-07T22:19:31.939318+00:00,454.3987169753015,465.6224679846938,465.0716093649778,299.0474486080661,293.27191973790633
9.24278,78.72741,330.34,0.39,0.36,2026-10-07,816,N,VIIRS,n,2.0NRT,298.92,1.2,D,2026-10-07T22:19:31.939318+00:00,458.9603335078896,410.88287197540853,276.61373367415405,100.97627920466253,172.11657589350563
9.44249,78.83789,334.59,0.38,0.36,2026-10-07,816,N,VIIRS,n,2.0NRT,301.67,1.21,D,2026-10-07T22:19:31.939318+00:00,433.8742505245285,387.6263634595601,270.2916639842995,95.26935306091559,150.59924732854577
9.53262,78.76575,338.8,0.39,0.36,2026-10-07,816,N,VIIRS,n,2.0NRT,304.1,2.25,D,2026-10-07T22:19:31.939318+00:00,427.4874644139355,378.3898304908046,257.7776204929048,83.17004153468962,140.02938432289642
9.62373,78.87314,339.84,0.38,0.36,2026-10-07,816,N,VIIRS,n,2.0NRT,301.53,3.34,D,2026-10-07T22:19:31.939318+00:00,413.6886756444037,367.22977091421467,260.7431330313493,89.09806213309042,131.04180700181809
9.85838,78.07375,336.6,0.39,0.36,2026-10-07,816,N,VIIRS,n,2.0NRT,300.54,3.38,D,2026-10-07T22:19:31.939318+00:00,431.09449823357795,359.0935575392142,177.58783516150905,8.980622531448894,124.52585893663033
9.86343,79.02348,340.91,0.38,0.36,2026-10-07,816,N,VIIRS,n,2.0NRT,300.95,7.21,D,2026-10-07T22:19:31.939318+00:00,382.892893640576,339.69377121624035,259.94438127728284,99.22802833698526,108.82407345616114
10.04431,79.12309,339.28,0.38,0.36,2026-10-07,816,N,VIIRS,n,2.0NRT,303.55,4.39,D,2026-10-07T22:19:31.939318+00:00,360.23668501656533,319.37460210792375,260.4396503558229,110.66638361702681,94.75241693783457
10.14465,78.87096,330.97,0.38,0.36,2026-10-07,816,N,VIIRS,n,2.0NRT,297.49,1.69,D,2026-10-07T22:19:31.939318+00:00,360.5106836192969,309.52976918455016,230.7054878409768,85.79082338445602,74.08051845550847
10.24736,79.1907,335.6,0.38,0.36,2026-10-07,816,N,VIIRS,n,2.0NRT,299.44,2.36,D,2026-10-07T22:19:31.939318+00:00,336.49302441839643,296.8625163320369,258.7926258668063,122.58883947965424,80.43960568537398
10.2864,77.8652,335.6,0.39,0.36,2026-10-07,816,N,VIIRS,n,2.0NRT,300.32,2.48,D,2026-10-07T22:19:31.939318+00:00,406.5404729475295,323.38833311704093,128.3434959501584,48.88666021808845,107.53745680252722
10.38244,79.27652,333.7,0.38,0.36,2026-10-07,816,N,VIIRS,n,2.0NRT,297.42,1.92,D,2026-10-07T22:19:31.939318+00:00,319.1648887020824,282.2107189719672,263.1922107424185,136.43383560990875,77.23471051938128
10.38575,79.276,341.87,0.38,0.36,2026-10-07,816,N,VIIRS,n,2.0NRT,298.86,5.3,D,2026-10-07T22:19:31.939318+00:00,318.83767335123895,281.84008311637785,263.03773169141914,136.51804743942105,76.97267192296535
10.598,77.88769,334.49,0.39,0.36,2026-10-07,816,N,VIIRS,n,2.0NRT,297.54,4.76,D,2026-10-07T22:19:31.939318+00:00,378.9185075919713,291.24633766405395,111.93052790528243,79.00511162563669,91.7997914983469
10.88719,79.21658,331.76,0.38,0.36,2026-10-07,816,N,VIIRS,n,2.0NRT,298.79,2.62,D,2026-10-07T22:19:31.939318+00:00,269.7106244319941,225.83432375224328,247.22846427169523,160.71701384215456,56.927505989957176
10.92669,78.49996,335.23,0.38,0.36,2026-10-07,816,N,VIIRS,n,2.0NRT,300.36,4.47,D,2026-10-07T22:19:31.939318+00:00,307.5065975527214,231.71094749284353,168.86156147639906,118.86769340419123,27.00423408413231
10.93849,79.8204,333.38,0.39,0.36,2026-10-07,816,N,VIIRS,n,2.0NRT,299.89,2.82,D,2026-10-07T22:19:31.939318+00:00,243.4026313436893,232.32732189019117,312.82041075660254,217.43925267041845,122.94265041752861
10.9504,79.81792,336.07,0.39,0.36,2026-10-07,816,N,VIIRS,n,2.0NRT,300.08,5.54,D,2026-10-07T22:19:31.939318+00:00,242.16001275252626,230.98622199647724,312.5094169157531,217.89418139792673,122.85652382816676
11.46289,79.15313,331.3,0.39,0.36,2026-10-07,816,N,VIIRS,l,2.0NRT,304.38,1.85,D,2026-10-07T22:19:31.939318+00:00,217.220960657909,161.6496080446909,244.72409927034772,204.89529644584434,89.35164470263453
11.46571,77.6757,337.24,0.39,0.36,2026-10-07,816,N,VIIRS,n,2.0NRT,298.94,1.76,D,2026-10-07T22:19:31.939318+00:00,334.3955590950581,226.03740733985993,93.03756065665452,178.03658895711277,135.05919263599435
11.48187,77.24241,334.19,0.4,0.37,2026-10-07,816,N,VIIRS,n,2.0NRT,299.61,1.96,D,2026-10-07T22:19:31.939318+00:00,374.0756106583652,260.08368913732016,60.42590561440903,197.86540202387366,177.0929327023849
11.59686,79.66467,336.55,0.39,0.36,2026-10-07,816,N,VIIRS,n,2.0NRT,302.43,2.43,D,2026-10-07T22:19:31.939318+00:00,177.849199677103,157.71962641743747,302.32449097317846,251.05643875492405,137.85540635061255
11.6002,79.66416,332.99,0.39,0.36,2026-10-07,816,N,VIIRS,n,2.0NRT,301.41,2.34,D,2026-10-07T22:19:31.939318+00:00,177.52463855760493,157.35367045028204,302.347933042065,251.29348983450586,138.0546121584119
11.79316,78.72153,333.72,0.38,0.36,2026-10-07,816,N,VIIRS,n,2.0NRT,299.89,2.17,D,2026-10-07T22:19:31.939318+00:00,221.03450660961042,132.64631470363227,210.9354543978609,217.8531908031568,111.50580766172256
12.21088,78.59972,331.4,0.38,0.36,2026-10-07,816,N,VIIRS,n,2.0NRT,302.95,1.68,D,2026-10-07T22:19:31.939318+00:00,205.585374664326,97.46658373751973,222.90804259780373,259.49510830087155,158.35271937455875
12.55808,76.97843,334.41,0.4,0.37,2026-10-07,816,N,VIIRS,n,2.0NRT,297.19,3.64,D,2026-10-07T22:19:31.939318+00:00,361.6888512900227,237.00124598824,171.4002167308289,318.12293289651836,271.96349624688014
12.72894,80.10341,332.43,0.41,0.37,2026-10-07,816,N,VIIRS,n,2.0NRT,298.53,2.05,D,2026-10-07T22:19:31.939318+00:00,43.314086328249125,107.3138642666904,391.8512380288631,379.41785354018157,263.89696608996906
12.75778,80.20602,331.01,0.41,0.37,2026-10-07,816,N,VIIRS,l,2.0NRT,302.09,1.88,D,2026-10-07T22:19:31.939318+00:00,36.80322694918581,117.71679684644226,403.1595845102942,388.4911164519366,273.052190859369
12.80328,78.87148,333.27,0.39,0.36,2026-10-07,816,N,VIIRS,n,2.0NRT,299.67,1.51,D,2026-10-07T22:19:31.939318+00:00,154.7833425511096,30.970371106704608,287.92192301055536,330.3500191831948,224.54584636138958
13.35536,80.04942,338.15,0.41,0.37,2026-10-07,816,N,VIIRS,n,2.0NRT,301.38,4.83,D,2026-10-07T22:19:31.939318+00:00,38.63887617885873,110.63265368134573,425.04049553016966,435.461742423904,320.4911189099493
13.3614,80.11385,336.31,0.41,0.37,2026-10-07,816,N,VIIRS,n,2.0NRT,299.85,2.6,D,2026-10-07T22:19:31.939318+00:00,35.33628853385284,117.2152415857572,431.00336192444297,439.47249447557175,324.3377727328167
13.41865,79.71624,337.43,0.4,0.37,2026-10-07,816,N,VIIRS,n,2.0NRT,303.53,5.38,D,2026-10-07T22:19:31.939318+00:00,70.68846428859193,84.33399374387302,401.6332791140603,425.56787083826845,312.2419245712447
13.61755,79.52794,333.75,0.4,0.37,2026-10-07,816,N,VIIRS,n,2.0NRT,301.47,3.17,D,2026-10-07T22:19:31.939318+00:00,99.97274081291907,88.92857343280726,402.1114862027892,438.2411295396912,326.83553971636456
13.75959,79.04883,330.45,0.39,0.36,2026-10-07,816,N,VIIRS,n,2.0NRT,300.33,1.49,D,2026-10-07T22:19:31.939318+00:00,152.0849384094425,94.18339580714675,380.3632406225657,438.1834098136599,332.2577912900748
13.89058,79.7986,334.83,0.4,0.37,2026-10-07,816,N,VIIRS,n,2.0NRT,299.86,2.24,D,2026-10-07T22:19:31.939318+00:00,103.32287283303924,130.08700830816807,444.2563120640498,477.2501877970361,364.6131526832224
13.90064,80.20292,345.65,0.42,0.37,2026-10-07,816,N,VIIRS,n,2.0NRT,306.24,7.29,D,2026-10-07T22:19:31.939318+00:00,91.24557192518131,159.3110476849523,476.54560976502466,496.7401896281508,382.20035519868935
8.89242,80.75745,338.34,0.47,0.4,2026-10-08,756,N,VIIRS,n,2.0NRT,293.87,9.06,D,2026-10-08T17:01:19.930315+00:00,468.9559778130719,481.3343305009664,478.6774909484744,311.2995442237756,308.41243411733893
11.05859,78.03193,336.4,0.42,0.45,2026-10-08,756,N,VIIRS,n,2.0NRT,295.15,1.98,D,2026-10-08T17:01:19.930315+00:00,331.5276186171366,238.76414310446052,117.5384799042611,126.39286883215729,79.27147209182382
11.73795,78.68997,331.73,0.56,0.43,2026-10-08,756,N,VIIRS,n,2.0NRT,292.61,2.03,D,2026-10-08T17:01:19.930315+00:00,227.651622719569,139.58747292476772,205.34421738188155,210.96718394566892,105.36387864479484
11.68897,76.8921,330.1,0.48,0.48,2026-10-08,758,N,VIIRS,n,2.0NRT,298.71,1.75,D,2026-10-08T17:01:19.930315+00:00,398.312073707848,279.05485899660675,75.0638161225253,237.57783784060976,221.4946612015099
12.04899,76.83311,331.55,0.48,0.48,2026-10-08,758,N,VIIRS,n,2.0NRT,296.3,3.69,D,2026-10-08T17:01:19.930315+00:00,390.38344783916733,267.62227916685777,115.5500364545936,274.7597792463858,247.37219307983167
12.1425,79.86192,346.36,0.48,0.4,2026-10-08,758,N,VIIRS,n,2.0NRT,298.62,4.93,D,2026-10-08T17:01:19.930315+00:00,113.56620353649083,116.94407096597975,340.4104862461771,311.3421424422897,196.22267792385807
13.39217,80.10206,334.24,0.45,0.39,2026-10-08,758,N,VIIRS,l,2.0NRT,303.2,5.33,D,2026-10-08T17:01:19.930315+00:00,38.95312868429842,117.5523490390532,432.05052307971147,441.81567457291135,326.75525443377114
13.39936,80.16844,330.85,0.45,0.39,2026-10-08,758,N,VIIRS,l,2.0NRT,302.3,4.32,D,2026-10-08T17:01:19.930315+00:00,36.909685340472535,124.35487354297281,438.2602569823783,446.0817235921366,330.87194475734606
8.89242,80.75745,338.34,0.47,0.4,2026-10-08,756,N,VIIRS,n,2.0NRT,293.87,9.06,D,2026-10-08T21:51:11.333495+00:00,468.9559778130719,481.3343305009664,478.6774909484744,311.2995442237756,308.41243411733893
11.05859,78.03193,336.4,0.42,0.45,2026-10-08,756,N,VIIRS,n,2.0NRT,295.15,1.98,D,2026-10-08T21:51:11.333495+00:00,331.5276186171366,238.76414310446052,117.5384799042611,126.39286883215729,79.27147209182382
11.73795,78.68997,331.73,0.56,0.43,2026-10-08,756,N,VIIRS,n,2.0NRT,292.61,2.03,D,2026-10-08T21:51:11.333495+00:00,227.651622719569,139.58747292476772,205.34421738188155,210.96718394566892,105.36387864479484
11.68897,76.8921,330.1,0.48,0.48,2026-10-08,758,N,VIIRS,n,2.0NRT,298.71,1.75,D,2026-10-08T21:51:11.333495+00:00,398.312073707848,279.05485899660675,75.0638161225253,237.57783784060976,221.4946612015099
12.04899,76.83311,331.55,0.48,0.48,2026-10-08,758,N,VIIRS,n,2.0NRT,296.3,3.69,D,2026-10-08T21:51:11.333495+00:00,390.38344783916733,267.62227916685777,115.5500364545936,274.7597792463858,247.37219307983167
12.1425,79.86192,346.36,0.48,0.4,2026-10-08,758,N,VIIRS,n,2.0NRT,298.62,4.93,D,2026-10-08T21:51:11.333495+00:00,113.56620353649083,116.94407096597975,340.4104862461771,311.3421424422897,196.22267792385807
13.39217,80.10206,334.24,0.45,0.39,2026-10-08,758,N,VIIRS,l,2.0NRT,303.2,5.33,D,2026-10-08T21:51:11.333495+00:00,38.95312868429842,117.5523490390532,432.05052307971147,441.81567457291135,326.75525443377114
13.39936,80.16844,330.85,0.45,0.39,2026-10-08,758,N,VIIRS,l,2.0NRT,302.3,4.32,D,2026-10-08T21:51:11.333495+00:00,36.909685340472535,124.35487354297281,438.2602569823783,446.0817235921366,330.87194475734606
